RANK,PLAYER,CMP,ATT,PCT,YDS,Y/A,TD,INT,SACKS,RUSH_ATT,RUSH_YDS,RUSH_TD,FL,G,FPTS,FPTS/G,OWN,Year
1,Patrick Mahomes II (KC) ,383,580,66.0,"5,097",8.8,50,12,26,60,272,2,2,16,417.0,26.1,100.0%,2018
2,Matt Ryan (FA) ,422,608,69.4,"4,924",8.1,35,7,42,33,125,3,5,16,354.0,22.1,6.1%,2018
3,Ben Roethlisberger (FA) ,452,675,67.0,"5,129",7.6,34,16,24,31,98,3,2,16,341.0,21.3,13.6%,2018
4,Deshaun Watson (CLE) ,345,505,68.3,"4,165",8.2,26,9,62,99,551,5,3,16,331.9,20.7,91.9%,2018
5,Andrew Luck (FA) ,430,639,67.3,"4,593",7.2,39,15,18,46,148,0,1,16,327.1,20.4,2.2%,2018
6,Aaron Rodgers (NYJ) ,372,597,62.3,"4,442",7.4,25,2,49,43,269,2,3,16,312.5,19.5,89.1%,2018
7,Jared Goff (DET) ,364,561,64.9,"4,688",8.4,32,12,33,43,108,2,5,16,310.3,19.4,60.4%,2018
8,Drew Brees (FA) ,364,489,74.4,"3,992",8.2,32,5,17,31,22,4,1,15,303.8,20.3,35.7%,2018
9,Russell Wilson (DEN) ,280,427,65.6,"3,448",8.1,35,7,51,67,376,0,2,16,298.4,18.7,74.3%,2018
10,Dak Prescott (DAL) ,356,526,67.7,"3,885",7.4,22,8,56,75,305,6,6,16,285.8,17.9,91.7%,2018
11,Philip Rivers (FA) ,347,508,68.3,"4,308",8.5,32,12,32,18,7,0,1,16,284.9,17.8,20.6%,2018
12,Cam Newton (FA) ,320,471,67.9,"3,395",7.2,24,13,29,101,488,4,0,14,282.6,20.2,9.1%,2018
13,Kirk Cousins (MIN) ,425,606,70.1,"4,298",7.1,30,10,40,44,123,1,7,16,282.1,17.6,87.7%,2018
14,Tom Brady (FA) ,375,570,65.8,"4,355",7.6,29,11,21,23,35,2,2,16,280.4,17.5,1.0%,2018
15,Mitch Trubisky (PIT) ,289,434,66.6,"3,223",7.4,24,12,24,68,421,3,3,14,262.9,18.8,0.6%,2018
16,Baker Mayfield (TB) ,310,486,63.8,"3,725",7.7,27,14,25,39,131,0,3,14,240.0,17.1,4.5%,2018
17,Eli Manning (FA) ,380,576,66.0,"4,299",7.5,21,11,47,15,20,1,4,16,240.0,15.0,2.3%,2018
18,Derek Carr (NO) ,381,553,68.9,"4,049",7.3,19,10,51,24,47,1,7,16,215.8,13.5,36.3%,2018
19,Case Keenum (HOU) ,365,586,62.3,"3,890",6.6,18,15,34,26,93,2,2,16,215.0,13.4,0.0%,2018
20,Matthew Stafford (LAR) ,367,555,66.1,"3,777",6.8,21,11,40,25,71,0,4,16,212.1,13.3,36.4%,2018
21,Josh Allen (BUF) ,169,320,52.8,"2,074",6.5,10,12,28,89,631,8,2,12,208.1,17.3,99.9%,2018
22,Jameis Winston (NO) ,244,378,64.6,"2,992",7.9,19,14,27,49,281,1,3,11,195.8,17.8,0.6%,2018
23,Carson Wentz (FA) ,279,401,69.6,"3,074",7.7,21,7,31,34,93,0,6,11,192.4,17.5,4.6%,2018
24,Marcus Mariota (PHI) ,228,331,68.9,"2,528",7.6,11,8,42,64,357,2,2,14,175.0,12.5,0.7%,2018
25,Andy Dalton (CAR) ,226,365,61.9,"2,566",7.0,21,11,21,16,99,0,0,11,174.5,15.9,0.6%,2018
26,Blake Bortles (FA) ,243,403,60.3,"2,718",6.7,13,11,31,58,365,1,4,13,173.2,13.3,0.0%,2018
27,Sam Darnold (SF) ,239,414,57.7,"2,865",6.9,17,15,30,44,138,1,2,13,168.4,13.0,1.2%,2018
28,Ryan Fitzpatrick (FA) ,164,246,66.7,"2,366",9.6,17,12,14,36,152,2,1,8,165.8,20.7,0.0%,2018
29,Lamar Jackson (BAL) ,99,170,58.2,"1,201",7.1,6,3,16,147,695,5,4,16,157.6,9.9,99.8%,2018
30,Ryan Tannehill (TEN) ,176,274,64.2,"1,979",7.2,17,9,35,32,145,0,4,11,142.0,12.9,6.7%,2018
31,Alex Smith (FA) ,205,328,62.5,"2,180",6.6,10,5,22,41,168,1,1,10,137.9,13.8,5.0%,2018
32,Joe Flacco (FA) ,232,379,61.2,"2,465",6.5,12,6,16,19,45,0,1,9,137.0,15.2,1.0%,2018
33,Nick Mullens (MIN) ,176,274,64.2,"2,277",8.3,13,10,17,18,-16,0,0,8,123.5,15.4,0.1%,2018
34,Josh Rosen (FA) ,217,393,55.2,"2,278",5.8,11,14,45,23,138,0,5,14,113.0,8.1,0.0%,2018
35,Jeff Driskel (ARI) ,105,176,59.7,"1,003",5.7,6,2,16,25,130,2,1,9,85.1,9.5,0.0%,2018
36,Nick Foles (FA) ,141,195,72.3,"1,413",7.2,7,4,9,9,17,0,2,5,75.2,15.0,0.0%,2018
37,C.J. Beathard (JAC) ,102,169,60.4,"1,252",7.4,8,7,18,19,69,1,3,6,75.0,12.5,0.1%,2018
38,Brock Osweiler (FA) ,113,178,63.5,"1,247",7.0,6,4,17,8,21,0,1,7,68.0,9.7,0.0%,2018
39,Josh Johnson (BAL) ,52,91,57.1,590,6.5,3,4,9,23,120,1,0,4,49.5,12.4,0.0%,2018
40,Jimmy Garoppolo (LV) ,53,89,59.6,718,8.1,5,3,13,8,33,0,0,3,47.9,16.0,10.4%,2018
41,Tyrod Taylor (NYG) ,42,85,49.4,473,5.6,2,2,13,16,125,1,0,4,41.4,10.4,0.1%,2018
42,Cody Kessler (FA) ,85,131,64.9,709,5.4,2,2,22,19,123,0,3,6,38.6,6.4,0.1%,2018
43,Blaine Gabbert (KC) ,61,101,60.4,626,6.2,4,4,5,6,0,0,0,8,33.0,4.1,0.1%,2018
44,Chase Daniel (FA) ,53,76,69.7,515,6.8,3,2,9,13,3,0,0,5,29.7,5.9,0.0%,2018
45,Colt McCoy (ARI) ,34,54,63.0,372,6.9,3,3,6,10,63,0,0,3,27.2,9.1,1.2%,2018
46,Kyle Allen (BUF) ,20,31,64.5,266,8.6,2,0,0,5,19,1,0,2,26.5,13.3,0.1%,2018
47,Josh McCown (FA) ,60,110,54.5,539,4.9,1,4,7,5,32,0,0,4,20.7,5.2,0.0%,2018
48,Matt Barkley (BUF) ,15,25,60.0,232,9.3,2,0,1,3,-2,0,0,1,17.1,17.1,0.1%,2018
49,Taylor Heinicke (ATL) ,35,57,61.4,320,5.6,1,3,2,5,31,0,0,6,13.9,2.3,0.7%,2018
50,Nathan Peterman (CHI) ,44,81,54.3,296,3.7,1,7,7,10,50,1,0,4,12.8,3.2,0.1%,2018
51,Sam Bradford (FA) ,50,80,62.5,400,5.0,2,4,6,2,7,0,2,3,12.7,4.2,0.0%,2018
52,Mike Glennon (FA) ,15,21,71.4,174,8.3,1,0,1,0,0,0,0,2,10.9,5.5,0.6%,2018
53,Teddy Bridgewater (DET) ,14,23,60.9,118,5.1,1,1,2,11,5,0,0,5,7.2,1.4,2.6%,2018
54,Derek Anderson (FA) ,42,70,60.0,465,6.6,0,4,5,1,-1,0,2,2,6.5,3.3,0.0%,2018
55,DeShone Kizer (FA) ,20,42,47.6,187,4.5,0,2,4,5,39,0,1,3,5.4,1.8,0.0%,2018
56,Nate Sudfeld (DET) ,1,2,50.0,22,11.0,1,0,0,2,-2,0,0,2,4.7,2.4,0.0%,2018
57,Matt Cassel (FA) ,7,17,41.2,59,3.5,0,1,1,2,13,0,0,2,1.7,0.9,0.0%,2018
58,Garrett Gilbert (FA) ,2,3,66.7,40,13.3,0,0,1,0,0,0,0,1,1.6,1.6,0.0%,2018
59,Chad Henne (FA) ,2,3,66.7,29,9.7,0,0,0,1,3,0,0,1,1.5,1.5,0.1%,2018
60,Joe Webb III (FA) ,0,0,0,0,0,0,0,0,0,0,0,0,16,1.3,0.1,0.0%,2018
61,Joshua Dobbs (CLE) ,6,12,50.0,43,3.6,0,1,0,4,11,0,0,5,0.9,0.2,0.1%,2018
62,Robert Griffin III (FA) ,2,6,33.3,21,3.5,0,0,0,0,0,0,0,3,0.8,0.3,1.0%,2018
63,Mark Sanchez (FA) ,19,35,54.3,138,3.9,0,3,7,1,8,0,0,2,0.3,0.2,0.1%,2018
64,AJ McCarron (FA) ,1,3,33.3,8,2.7,0,0,1,3,-2,0,0,2,0.1,0.0,0.0%,2018
65,Matt Schaub (FA) ,5,7,71.4,20,2.9,0,0,0,1,0,0,0,3,0.1,0.0,0.0%,2018
66,Alex Tanney (FA) ,0,0,0,0,0,0,0,0,0,0,0,0,1,0.0,0.0,0.0%,2018
67,Tyler Bray (FA) ,0,0,0,0,0,0,0,0,0,0,0,0,1,0.0,0.0,0.0%,2018
68,Kyle Sloter (FA) ,0,0,0,0,0,0,0,0,0,0,0,0,1,0.0,0.0,0.0%,2018
69,Sean Mannion (FA) ,2,3,66.7,23,7.7,0,0,0,7,-9,0,0,3,0.0,0.0,0.0%,2018
70,Cooper Rush (DAL) ,0,0,0,0,0,0,0,0,0,0,0,0,1,0.0,0.0,0.2%,2018
71,Brandon Allen (SF) ,0,0,0,0,0,0,0,0,0,0,0,0,1,0.0,0.0,0.0%,2018
72,Brandon Weeden (FA) ,0,0,0,0,0,0,0,0,1,-1,0,0,1,-0.1,-0.1,0.0%,2018
73,Chad Kelly (FA) ,0,0,0,0,0,0,0,0,1,-1,0,0,1,-0.1,-0.1,0.0%,2018
74,Brian Hoyer (LV) ,1,2,50.0,7,3.5,0,0,0,11,-8,0,0,5,-0.5,-0.1,0.1%,2018
75,Jacoby Brissett (WAS) ,2,4,50.0,2,0.5,0,0,0,7,-7,0,0,4,-0.6,-0.2,1.2%,2018
76,Geno Smith (SEA) ,1,4,25.0,8,2.0,0,0,1,8,2,0,1,5,-1.5,-0.3,85.5%,2018
77,Kyle Lauletta (FA) ,0,5,0.0,0,0.0,0,1,0,1,-2,0,0,2,-2.2,-1.1,0.0%,2018
1,Lamar Jackson (BAL) ,265,401,66.1,"3,127",7.8,36,6,23,176,"1,206",7,2,15,421.7,28.1,99.8%,2019
2,Dak Prescott (DAL) ,388,596,65.1,"4,902",8.2,30,11,23,52,277,3,2,16,348.9,21.8,91.7%,2019
3,Jameis Winston (NO) ,380,626,60.7,"5,109",8.2,33,30,47,59,250,1,5,16,335.2,21.0,0.6%,2019
4,Russell Wilson (DEN) ,341,516,66.1,"4,110",8.0,31,5,48,75,342,3,2,16,333.5,20.8,74.3%,2019
5,Deshaun Watson (CLE) ,333,495,67.3,"3,852",7.8,26,12,44,82,413,7,3,15,332.0,22.1,91.9%,2019
6,Josh Allen (BUF) ,271,461,58.8,"3,089",6.7,20,9,38,109,510,9,4,16,297.5,18.6,99.9%,2019
7,Kyler Murray (ARI) ,349,542,64.4,"3,722",6.9,20,12,48,93,544,4,2,16,297.3,18.6,32.8%,2019
8,Patrick Mahomes II (KC) ,319,484,65.9,"4,031",8.3,26,5,17,43,218,2,2,14,291.9,20.9,100.0%,2019
9,Carson Wentz (FA) ,388,607,63.9,"4,039",6.7,27,7,37,62,243,1,7,16,282.9,17.7,4.6%,2019
10,Aaron Rodgers (NYJ) ,353,569,62.0,"3,994",7.0,26,4,36,46,183,1,4,16,282.0,17.6,89.1%,2019
11,Matt Ryan (FA) ,408,616,66.2,"4,466",7.3,26,14,48,34,147,1,5,15,281.4,18.8,6.1%,2019
12,Tom Brady (FA) ,373,613,60.8,"4,057",6.6,24,8,27,26,34,3,1,16,271.6,17.0,1.0%,2019
13,Jared Goff (DET) ,394,626,62.9,"4,638",7.4,22,16,22,33,40,2,5,16,263.5,16.5,60.4%,2019
14,Jimmy Garoppolo (LV) ,329,476,69.1,"3,978",8.4,27,13,36,46,62,1,5,16,260.2,16.3,10.4%,2019
15,Philip Rivers (FA) ,390,591,66.0,"4,615",7.8,23,20,34,12,29,0,3,16,255.5,16.0,20.6%,2019
16,Ryan Fitzpatrick (FA) ,311,502,62.0,"3,529",7.0,20,13,40,54,243,4,2,15,254.7,17.0,0.0%,2019
17,Derek Carr (NO) ,361,513,70.4,"4,054",7.9,21,8,29,27,82,2,3,16,252.5,15.8,36.3%,2019
18,Kirk Cousins (MIN) ,307,444,69.1,"3,603",8.1,26,6,28,31,63,1,3,15,250.4,16.7,87.7%,2019
19,Baker Mayfield (TB) ,317,534,59.4,"3,827",7.2,22,21,40,28,141,3,2,16,250.3,15.6,4.5%,2019
20,Gardner Minshew II (IND) ,285,470,60.6,"3,271",7.0,21,6,33,67,344,0,7,14,235.3,16.8,1.2%,2019
21,Ryan Tannehill (TEN) ,201,286,70.3,"2,742",9.6,22,6,31,43,185,4,3,12,230.2,19.2,6.7%,2019
22,Drew Brees (FA) ,281,378,74.3,"2,979",7.9,27,4,12,9,-4,1,0,11,228.8,20.8,35.7%,2019
23,Daniel Jones (NYG) ,284,459,61.9,"3,027",6.6,24,12,38,45,279,2,11,13,226.9,17.5,84.6%,2019
24,Jacoby Brissett (WAS) ,272,447,60.9,"2,942",6.6,18,6,27,56,228,4,5,15,222.7,14.8,1.2%,2019
25,Andy Dalton (CAR) ,314,528,59.5,"3,494",6.6,16,14,37,32,73,4,4,13,216.5,16.7,0.6%,2019
26,Mitch Trubisky (PIT) ,326,516,63.2,"3,138",6.1,17,10,38,48,193,2,2,15,212.8,14.2,0.6%,2019
27,Sam Darnold (SF) ,273,441,61.9,"3,024",6.9,19,13,33,33,62,2,3,13,202.1,15.5,1.2%,2019
28,Kyle Allen (BUF) ,303,489,62.0,"3,322",6.8,17,16,46,32,106,2,7,14,193.4,13.8,0.1%,2019
29,Matthew Stafford (LAR) ,187,291,64.3,"2,499",8.6,19,5,18,20,66,0,3,8,171.5,21.4,36.4%,2019
30,Mason Rudolph (PIT) ,176,283,62.2,"1,765",6.2,13,9,15,21,42,0,0,10,117.8,11.8,0.1%,2019
31,Case Keenum (HOU) ,160,247,64.8,"1,707",6.9,11,5,15,9,12,1,3,10,108.4,10.8,0.0%,2019
32,Teddy Bridgewater (DET) ,133,196,67.9,"1,384",7.1,9,2,12,28,31,0,0,10,92.5,9.3,2.6%,2019
33,Joe Flacco (FA) ,171,262,65.3,"1,822",7.0,6,5,26,12,20,0,3,8,89.9,11.2,1.0%,2019
34,Marcus Mariota (PHI) ,95,160,59.4,"1,203",7.5,7,2,25,24,129,0,0,7,87.1,12.4,0.7%,2019
35,Dwayne Haskins (FA) ,119,203,58.6,"1,365",6.7,7,7,29,20,101,0,2,9,83.7,9.3,0.1%,2019
36,Drew Lock (SEA) ,100,156,64.1,"1,020",6.5,7,3,5,18,72,0,1,5,71.1,14.2,0.2%,2019
37,Jeff Driskel (ARI) ,62,105,59.0,685,6.5,4,4,11,22,151,1,0,4,61.2,15.3,0.0%,2019
38,David Blough (ARI) ,94,174,54.0,984,5.7,4,6,14,8,31,0,0,5,60.4,12.1,0.0%,2019
39,Devlin Hodges (FA) ,100,160,62.5,"1,063",6.6,5,8,15,21,68,0,1,8,59.4,7.4,0.0%,2019
40,Eli Manning (FA) ,91,147,61.9,"1,042",7.1,6,5,5,4,7,0,1,4,59.3,14.8,2.3%,2019
41,Matt Moore (FA) ,59,91,64.8,659,7.2,4,0,8,5,-1,0,0,6,42.3,7.1,0.0%,2019
42,Nick Foles (FA) ,77,117,65.8,736,6.3,3,2,8,4,23,0,2,4,39.7,9.9,0.0%,2019
43,Brandon Allen (SF) ,39,84,46.4,515,6.1,3,2,9,10,39,0,0,3,34.5,11.5,0.0%,2019
44,Matt Schaub (FA) ,50,67,74.6,580,8.7,3,1,2,3,-3,0,1,7,33.9,4.8,0.0%,2019
45,Chase Daniel (FA) ,45,64,70.3,435,6.8,3,2,7,6,6,0,0,5,28.0,5.6,0.0%,2019
46,Ryan Finley (FA) ,41,87,47.1,474,5.4,2,2,11,10,77,0,3,3,26.7,8.9,0.0%,2019
47,Brian Hoyer (LV) ,35,65,53.8,372,5.7,4,4,5,8,2,0,1,5,25.1,5.0,0.1%,2019
48,Josh Rosen (FA) ,58,109,53.2,567,5.2,1,5,16,3,13,0,0,6,23.0,3.8,0.0%,2019
49,Robert Griffin III (FA) ,23,38,60.5,225,5.9,1,2,5,20,70,0,0,7,18.0,2.6,1.0%,2019
50,AJ McCarron (FA) ,21,37,56.8,225,6.1,0,1,5,5,39,1,0,3,17.9,6.0,0.0%,2019
51,Cam Newton (FA) ,50,89,56.2,572,6.4,0,1,6,5,-2,0,2,2,17.7,8.9,9.1%,2019
52,Ben Roethlisberger (FA) ,35,62,56.5,351,5.7,0,1,2,1,7,0,0,2,13.7,6.9,13.6%,2019
53,Luke Falk (FA) ,47,73,64.4,416,5.7,0,3,16,0,0,0,1,3,11.6,3.9,0.1%,2019
54,Matt Barkley (BUF) ,27,51,52.9,359,7.0,0,3,2,2,-4,0,1,3,9.0,3.0,0.1%,2019
55,Brett Hundley (FA) ,5,11,45.5,49,4.5,0,0,2,7,41,0,0,3,6.1,2.0,0.0%,2019
56,Tyrod Taylor (NYG) ,4,6,66.7,33,5.5,1,0,0,10,7,0,0,8,6.0,0.8,0.1%,2019
57,Will Grier (DAL) ,28,52,53.8,228,4.4,0,4,6,7,22,0,1,2,5.4,2.7,0.0%,2019
58,Colt McCoy (ARI) ,18,27,66.7,122,4.5,0,1,6,2,14,0,0,2,5.3,2.7,1.2%,2019
59,Mike Glennon (FA) ,6,10,60.0,56,5.6,1,0,0,2,0,0,1,3,4.2,1.4,0.6%,2019
60,Josh McCown (FA) ,3,5,60.0,24,4.8,0,0,0,2,-2,0,0,3,0.8,0.3,0.0%,2019
61,Ryan Griffin (FA) ,2,4,50.0,18,4.5,0,0,0,4,-1,0,0,2,0.6,0.3,0.0%,2019
62,Sean Mannion (FA) ,12,21,57.1,126,6.0,0,2,0,6,-5,0,1,3,0.5,0.2,0.0%,2019
63,Trevor Siemian (CIN) ,3,6,50.0,3,0.5,0,0,2,0,0,0,0,1,0.1,0.1,0.6%,2019
64,Trace McSorley (NE) ,0,0,0,0,0,0,0,0,1,1,0,0,1,0.1,0.1,0.2%,2019
65,Andrew Luck (FA) ,0,0,0,0,0,0,0,0,0,0,0,0,1,0.0,0.0,2.2%,2019
66,Geno Smith (SEA) ,0,0,0,0,0,0,0,0,0,0,0,0,1,0.0,0.0,85.5%,2019
67,Brandon Weeden (FA) ,0,0,0,0,0,0,0,0,0,0,0,0,1,0.0,0.0,0.0%,2019
68,Brock Osweiler (FA) ,0,0,0,0,0,0,0,0,0,0,0,0,1,0.0,0.0,0.0%,2019
69,Alex Tanney (FA) ,1,1,100.0,1,1.0,0,0,0,0,0,0,0,1,0.0,0.0,0.0%,2019
70,Chad Henne (FA) ,0,0,0,0,0,0,0,0,0,0,0,0,1,0.0,0.0,0.1%,2019
71,Sam Bradford (FA) ,0,0,0,0,0,0,0,0,0,0,0,0,1,0.0,0.0,0.0%,2019
72,Joe Webb III (FA) ,0,0,0,0,0,0,0,0,0,0,0,0,1,0.0,0.0,0.0%,2019
73,Mark Sanchez (FA) ,0,0,0,0,0,0,0,0,0,0,0,0,1,0.0,0.0,0.1%,2019
74,Matt Cassel (FA) ,0,0,0,0,0,0,0,0,0,0,0,0,1,0.0,0.0,0.0%,2019
75,Cooper Rush (DAL) ,0,0,0,0,0,0,0,0,0,0,0,0,2,0.0,0.0,0.2%,2019
76,Chad Kelly (FA) ,0,0,0,0,0,0,0,0,0,0,0,0,1,0.0,0.0,0.0%,2019
77,Joshua Dobbs (CLE) ,0,0,0,0,0,0,0,0,0,0,0,0,1,0.0,0.0,0.1%,2019
78,C.J. Beathard (JAC) ,0,0,0,0,0,0,0,0,0,0,0,0,1,0.0,0.0,0.1%,2019
79,Drew Anderson (FA) ,0,0,0,0,0,0,0,0,0,0,0,0,1,0.0,0.0,0.0%,2019
80,Alex Smith (FA) ,0,0,0,0,0,0,0,0,0,0,0,0,1,0.0,0.0,5.0%,2019
81,James Franklin (FA) ,0,0,0,0,0,0,0,0,0,0,0,0,1,0.0,0.0,0.0%,2019
82,Taylor Heinicke (ATL) ,0,0,0,0,0,0,0,0,0,0,0,0,1,0.0,0.0,0.7%,2019
83,David Fales (FA) ,0,0,0,0,0,0,0,1,0,0,0,0,2,0.0,0.0,0.0%,2019
84,Nate Sudfeld (DET) ,0,0,0,0,0,0,0,0,0,0,0,0,1,0.0,0.0,0.0%,2019
85,Tim Boyle (NYJ) ,3,4,75.0,15,3.8,0,0,0,5,-7,0,0,3,-0.1,0.0,0.0%,2019
86,Nick Mullens (MIN) ,0,0,0,0,0,0,0,0,3,-3,0,0,2,-0.3,-0.2,0.1%,2019
87,Garrett Gilbert (FA) ,0,3,0.0,0,0.0,0,0,0,3,-3,0,0,6,-0.3,-0.1,0.0%,2019
88,Jarrett Stidham (DEN) ,2,4,50.0,14,3.5,0,1,1,2,-2,0,0,3,-0.6,-0.2,0.1%,2019
89,Blake Bortles (FA) ,1,2,50.0,3,1.5,0,0,0,2,-9,0,0,4,-0.8,-0.2,0.0%,2019
1,Josh Allen (BUF) ,396,572,69.2,"4,544",7.9,37,10,26,102,421,8,6,16,405.2,25.3,99.9%,2020
2,Kyler Murray (ARI) ,375,558,67.2,"3,971",7.1,26,12,27,133,819,11,4,16,390.7,24.4,32.8%,2020
3,Aaron Rodgers (NYJ) ,372,526,70.7,"4,299",8.2,48,5,20,38,149,3,2,16,387.1,24.2,89.1%,2020
4,Patrick Mahomes II (KC) ,390,588,66.3,"4,740",8.1,38,6,22,62,308,2,2,15,380.3,25.4,100.0%,2020
5,Deshaun Watson (CLE) ,382,544,70.2,"4,823",8.9,33,7,49,90,444,3,3,16,376.4,23.5,91.9%,2020
6,Russell Wilson (DEN) ,384,558,68.8,"4,212",7.5,40,13,47,83,513,2,4,16,372.6,23.3,74.3%,2020
7,Ryan Tannehill (TEN) ,315,481,65.5,"3,819",7.9,33,7,24,43,266,7,1,16,350.3,21.9,6.7%,2020
8,Tom Brady (FA) ,401,610,65.7,"4,633",7.6,40,12,21,30,6,3,1,16,350.0,21.9,1.0%,2020
9,Justin Herbert (LAC) ,396,595,66.6,"4,336",7.3,31,10,32,55,234,5,1,15,342.8,22.9,97.2%,2020
10,Lamar Jackson (BAL) ,242,376,64.4,"2,757",7.3,26,9,29,159,"1,005",7,4,15,341.7,22.8,99.8%,2020
11,Kirk Cousins (MIN) ,349,516,67.6,"4,265",8.3,35,13,39,32,156,1,5,16,319.2,20.0,87.7%,2020
12,Matt Ryan (FA) ,407,626,65.0,"4,581",7.3,26,11,41,29,92,2,3,16,293.3,18.3,6.1%,2020
13,Derek Carr (NO) ,348,517,67.3,"4,103",7.9,27,9,26,39,140,3,8,16,281.0,17.6,36.3%,2020
14,Ben Roethlisberger (FA) ,399,608,65.6,"3,803",6.3,33,10,13,25,11,0,1,15,277.2,18.5,13.6%,2020
15,Matthew Stafford (LAR) ,339,528,64.2,"4,084",7.7,26,10,38,29,112,0,1,16,270.5,16.9,36.4%,2020
16,Cam Newton (FA) ,242,368,65.8,"2,657",7.2,8,10,31,137,592,12,1,15,269.3,18.0,9.1%,2020
17,Baker Mayfield (TB) ,305,486,62.8,"3,563",7.3,26,8,26,54,165,1,4,16,255.8,16.0,4.5%,2020
18,Jared Goff (DET) ,370,552,67.0,"3,952",7.2,20,13,23,51,99,4,4,15,253.0,16.9,60.4%,2020
19,Teddy Bridgewater (DET) ,340,492,69.1,"3,733",7.6,15,11,31,53,279,5,3,15,252.1,16.8,2.6%,2020
20,Philip Rivers (FA) ,369,543,68.0,"4,169",7.7,24,11,19,18,-8,0,1,16,251.0,15.7,20.6%,2020
21,Drew Brees (FA) ,275,390,70.5,"2,942",7.5,24,6,13,18,-2,2,2,12,215.4,18.0,35.7%,2020
22,Carson Wentz (FA) ,251,437,57.4,"2,620",6.0,16,15,50,52,276,5,4,12,213.4,17.8,4.6%,2020
23,Drew Lock (SEA) ,254,443,57.3,"2,933",6.6,16,15,19,44,160,3,3,13,196.4,15.1,0.2%,2020
24,Daniel Jones (NYG) ,280,448,62.5,"2,943",6.6,11,10,45,65,423,1,6,14,190.2,13.6,84.6%,2020
25,Joe Burrow (CIN) ,264,404,65.3,"2,688",6.7,13,5,32,37,142,3,4,10,178.6,17.9,99.7%,2020
26,Gardner Minshew II (IND) ,216,327,66.1,"2,259",6.9,16,5,27,29,153,1,4,9,164.5,18.3,1.2%,2020
27,Mitch Trubisky (PIT) ,199,297,67.0,"2,055",6.9,16,8,18,33,195,1,2,10,161.8,16.2,0.6%,2020
28,Ryan Fitzpatrick (FA) ,183,267,68.5,"2,091",7.8,13,8,14,30,151,2,0,10,160.7,16.1,0.0%,2020
29,Sam Darnold (SF) ,217,364,59.6,"2,208",6.1,9,11,35,37,217,2,2,12,145.0,12.1,1.2%,2020
30,Andy Dalton (CAR) ,216,333,64.9,"2,170",6.5,14,8,24,28,114,0,1,11,143.9,13.1,0.6%,2020
31,Tua Tagovailoa (MIA) ,186,290,64.1,"1,814",6.3,11,5,20,36,109,3,1,10,140.4,14.0,89.9%,2020
32,Dak Prescott (DAL) ,151,222,68.0,"1,856",8.4,9,4,10,18,93,3,3,5,138.6,27.7,91.7%,2020
33,Nick Mullens (MIN) ,211,326,64.7,"2,437",7.5,12,12,19,9,8,0,4,10,128.2,12.8,0.1%,2020
34,Jalen Hurts (PHI) ,77,148,52.0,"1,061",7.2,6,4,13,63,354,3,2,15,112.2,7.5,99.9%,2020
35,Nick Foles (FA) ,202,312,64.7,"1,852",5.9,10,8,18,16,1,1,0,9,112.1,12.5,0.0%,2020
36,Alex Smith (FA) ,168,252,66.7,"1,582",6.3,6,8,22,10,3,0,0,8,79.6,10.0,5.0%,2020
37,Dwayne Haskins (FA) ,148,241,61.4,"1,439",6.0,5,7,20,20,46,1,3,7,75.2,10.7,0.1%,2020
38,Jimmy Garoppolo (LV) ,94,140,67.1,"1,096",7.8,7,5,11,10,25,0,0,6,69.4,11.6,10.4%,2020
39,Mike Glennon (FA) ,111,179,62.0,"1,072",6.0,7,5,9,6,17,0,2,5,65.5,13.1,0.6%,2020
40,Joe Flacco (FA) ,74,134,55.2,864,6.4,6,3,7,6,22,0,0,5,57.7,11.5,1.0%,2020
41,Brandon Allen (SF) ,90,142,63.4,925,6.5,5,4,7,13,27,0,1,5,53.6,10.7,0.0%,2020
42,C.J. Beathard (JAC) ,66,104,63.5,787,7.6,6,0,9,6,28,0,3,6,52.3,8.7,0.1%,2020
43,Kyle Allen (BUF) ,60,87,69.0,610,7.0,4,1,7,7,26,1,1,4,46.1,11.5,0.1%,2020
44,Jake Luton (CAR) ,60,110,54.5,624,5.7,2,6,7,1,13,1,0,3,34.3,11.4,0.0%,2020
45,Jeff Driskel (ARI) ,35,64,54.7,432,6.8,3,2,11,6,28,0,0,3,32.0,10.7,0.0%,2020
46,Marcus Mariota (PHI) ,17,28,60.7,226,8.1,1,1,0,9,88,1,0,1,26.8,26.8,0.7%,2020
47,Chad Henne (FA) ,28,38,73.7,248,6.5,2,0,2,7,-2,1,0,3,23.7,7.9,0.1%,2020
48,Ryan Finley (FA) ,17,32,53.1,164,5.1,1,2,9,11,66,1,0,5,21.2,4.2,0.0%,2020
49,Jacoby Brissett (WAS) ,2,8,25.0,17,2.1,0,0,2,17,19,3,0,11,20.6,1.9,1.2%,2020
50,Mason Rudolph (PIT) ,25,43,58.1,324,7.5,2,1,1,7,-6,0,0,5,19.3,3.9,0.1%,2020
51,Colt McCoy (ARI) ,40,66,60.6,375,5.7,1,1,5,9,12,0,1,4,19.1,4.8,1.2%,2020
52,Jarrett Stidham (DEN) ,22,44,50.0,256,5.8,2,3,4,7,7,0,0,5,16.0,3.2,0.1%,2020
53,Garrett Gilbert (FA) ,21,38,55.3,243,6.4,1,1,2,3,28,0,0,2,15.5,7.8,0.0%,2020
54,Blaine Gabbert (KC) ,9,16,56.3,143,8.9,2,0,1,9,16,0,0,4,15.3,3.8,0.1%,2020
55,Brett Rypien (LAR) ,27,40,67.5,295,7.4,2,4,1,5,-5,0,0,3,15.3,5.1,0.0%,2020
56,Chase Daniel (FA) ,29,43,67.4,264,6.1,1,2,3,2,16,0,0,4,14.2,3.6,0.0%,2020
57,John Wolford (TB) ,22,38,57.9,231,6.1,0,1,2,6,56,0,0,1,13.8,13.8,0.0%,2020
58,P.J. Walker (CHI) ,32,56,57.1,368,6.6,1,5,4,5,-2,0,0,4,13.5,3.4,0.1%,2020
59,Taylor Heinicke (ATL) ,12,19,63.2,137,7.2,1,0,1,3,22,0,0,1,11.7,11.7,0.7%,2020
60,Matt Barkley (BUF) ,11,21,52.4,197,9.4,1,1,1,6,-6,0,0,5,10.3,2.1,0.1%,2020
61,Trace McSorley (NE) ,3,10,30.0,90,9.0,1,0,0,5,17,0,0,2,9.3,4.7,0.2%,2020
62,Tyrod Taylor (NYG) ,16,30,53.3,208,6.9,0,0,2,6,7,0,0,2,9.0,4.5,0.1%,2020
63,Chris Streveler (NYJ) ,11,16,68.8,105,6.6,1,1,2,4,15,0,0,5,8.7,1.7,0.0%,2020
64,Ben DiNucci (DEN) ,23,43,53.5,219,5.1,0,0,7,6,22,0,2,3,7.0,2.3,0.1%,2020
65,Robert Griffin III (FA) ,8,14,57.1,42,3.0,0,2,3,12,69,0,1,4,4.6,1.2,1.0%,2020
66,Brian Hoyer (LV) ,15,24,62.5,130,5.4,0,1,2,1,8,0,1,1,3.0,3.0,0.1%,2020
67,Tyler Huntley (BAL) ,3,5,60.0,15,3.0,0,0,0,10,23,0,0,2,2.9,1.5,0.7%,2020
68,David Blough (ARI) ,6,10,60.0,49,4.9,0,1,1,1,18,0,0,1,2.8,2.8,0.0%,2020
69,Jameis Winston (NO) ,7,11,63.6,75,6.8,0,0,2,8,-6,0,0,4,2.4,0.6,0.6%,2020
70,Tommy Stevens (FA) ,0,0,0,0,0,0,0,0,4,24,0,0,1,2.4,2.4,0.0%,2020
71,Joshua Dobbs (CLE) ,4,5,80.0,2,0.4,0,0,0,2,20,0,0,1,2.1,2.1,0.1%,2020
72,Nathan Peterman (CHI) ,3,5,60.0,25,5.0,0,0,2,1,9,0,0,1,1.9,1.9,0.1%,2020
73,Case Keenum (HOU) ,5,10,50.0,46,4.6,0,0,0,0,0,0,0,2,1.8,0.9,0.0%,2020
74,Logan Woodside (ATL) ,1,3,33.3,7,2.3,0,0,0,7,10,0,0,6,1.3,0.2,0.0%,2020
75,Geno Smith (SEA) ,4,5,80.0,33,6.6,0,0,1,2,-2,0,0,1,1.1,1.1,85.5%,2020
76,AJ McCarron (FA) ,1,1,100.0,20,20.0,0,0,1,0,0,0,0,2,0.8,0.4,0.0%,2020
77,Tyler Bray (FA) ,1,5,20.0,18,3.6,0,0,0,0,0,0,0,1,0.7,0.7,0.0%,2020
78,John Lovett (FA) ,0,0,0,0,0,0,0,0,3,6,0,0,8,0.6,0.1,0.0%,2020
79,Joe Webb III (FA) ,0,0,0,0,0,0,0,0,0,0,0,0,2,0.0,0.0,0.0%,2020
80,Mike White (MIA) ,0,0,0,0,0,0,0,0,0,0,0,0,1,0.0,0.0,0.7%,2020
81,Easton Stick (LAC) ,1,1,100.0,4,4.0,0,0,0,1,-2,0,0,1,0.0,0.0,0.1%,2020
82,Matt Schaub (FA) ,0,0,0,0,0,0,0,0,3,-4,0,0,1,-0.4,-0.4,0.0%,2020
83,Nate Sudfeld (DET) ,5,12,41.7,32,2.7,0,1,2,2,12,0,1,1,-0.5,-0.5,0.0%,2020
84,Tim Boyle (NYJ) ,0,0,0,0,0,0,0,1,13,-9,0,0,8,-0.9,-0.1,0.0%,2020
1,Josh Allen (BUF) ,409,646,63.3,"4,407",6.8,36,15,26,122,763,6,3,17,417.7,24.6,99.9%,2021
2,Justin Herbert (LAC) ,443,672,65.9,"5,014",7.5,38,15,31,63,302,3,1,17,395.6,23.3,97.2%,2021
3,Tom Brady (FA) ,485,719,67.5,"5,316",7.4,43,12,22,28,81,2,3,17,386.7,22.7,1.0%,2021
4,Patrick Mahomes II (KC) ,436,658,66.3,"4,828",7.3,37,13,28,66,381,2,4,17,374.2,22.0,100.0%,2021
5,Matthew Stafford (LAR) ,404,601,67.2,"4,886",8.1,41,17,30,32,43,0,2,17,346.8,20.4,36.4%,2021
6,Aaron Rodgers (NYJ) ,366,531,68.9,"4,115",7.7,37,4,30,33,101,3,0,16,336.3,21.0,89.1%,2021
7,Dak Prescott (DAL) ,410,596,68.8,"4,449",7.5,37,10,30,48,146,1,6,16,330.4,20.7,91.7%,2021
8,Joe Burrow (CIN) ,366,520,70.4,"4,611",8.9,34,14,51,40,118,2,2,16,328.1,20.5,99.7%,2021
9,Jalen Hurts (PHI) ,265,432,61.3,"3,144",7.3,16,9,26,139,784,10,2,15,321.2,21.4,99.9%,2021
10,Kyler Murray (ARI) ,333,481,69.2,"3,787",7.9,24,10,31,88,423,5,0,14,310.5,22.2,32.8%,2021
11,Kirk Cousins (MIN) ,372,561,66.3,"4,221",7.5,33,7,28,29,115,1,2,16,307.3,19.2,87.7%,2021
12,Ryan Tannehill (TEN) ,357,531,67.2,"3,734",7.0,21,14,47,55,270,7,4,17,282.3,16.6,6.7%,2021
13,Derek Carr (NO) ,428,626,68.4,"4,804",7.7,23,14,40,40,108,0,5,17,270.6,15.9,36.3%,2021
14,Carson Wentz (FA) ,322,516,62.4,"3,563",6.9,27,7,32,57,215,1,5,17,264.9,15.6,4.6%,2021
15,Lamar Jackson (BAL) ,246,382,64.4,"2,882",7.5,16,13,38,134,767,2,3,12,253.0,21.1,99.8%,2021
16,Russell Wilson (DEN) ,259,400,64.8,"3,113",7.8,25,6,33,43,183,2,1,14,248.7,17.8,74.3%,2021
17,Jimmy Garoppolo (LV) ,301,441,68.3,"3,810",8.6,20,12,29,38,51,3,3,15,239.5,16.0,10.4%,2021
18,Mac Jones (NE) ,352,521,67.6,"3,801",7.3,22,13,28,44,129,0,3,17,238.0,14.0,6.7%,2021
19,Taylor Heinicke (ATL) ,321,494,65.0,"3,419",6.9,20,15,38,60,313,1,2,16,236.7,14.8,0.7%,2021
20,Matt Ryan (FA) ,375,560,67.0,"3,968",7.1,20,12,40,40,82,1,4,17,234.8,13.8,6.1%,2021
21,Ben Roethlisberger (FA) ,390,605,64.5,"3,740",6.2,22,10,38,20,5,1,5,16,228.0,14.3,13.6%,2021
22,Trevor Lawrence (JAC) ,359,602,59.6,"3,641",6.0,12,17,32,73,334,2,5,17,216.0,12.7,95.8%,2021
23,Teddy Bridgewater (DET) ,285,426,66.9,"3,052",7.2,18,7,31,30,106,2,1,14,209.8,15.0,2.6%,2021
24,Jared Goff (DET) ,332,494,67.2,"3,245",6.6,19,8,35,17,87,0,6,14,202.4,14.5,60.4%,2021
25,Baker Mayfield (TB) ,253,418,60.5,"3,010",7.2,17,13,43,37,134,1,3,14,193.8,13.8,4.5%,2021
26,Tua Tagovailoa (MIA) ,263,388,67.8,"2,653",6.8,16,10,20,42,128,3,1,13,190.9,14.7,89.9%,2021
27,Daniel Jones (NYG) ,232,361,64.3,"2,428",6.7,10,7,22,62,298,2,3,11,173.6,15.8,84.6%,2021
28,Sam Darnold (SF) ,243,406,59.9,"2,527",6.2,9,13,35,48,222,5,4,12,170.5,14.2,1.2%,2021
29,Davis Mills (HOU) ,263,394,66.8,"2,664",6.8,16,10,31,18,44,0,1,13,167.0,12.8,0.6%,2021
30,Zach Wilson (NYJ) ,213,383,55.6,"2,334",6.1,9,11,44,29,185,4,1,13,162.9,12.5,0.7%,2021
31,Justin Fields (CHI) ,159,270,58.9,"1,870",6.9,7,10,36,72,420,2,5,12,136.9,11.4,97.6%,2021
32,Jameis Winston (NO) ,95,161,59.0,"1,170",7.3,14,3,11,32,166,1,1,7,120.3,17.2,0.6%,2021
33,Trevor Siemian (CIN) ,108,188,57.4,"1,154",6.1,11,3,9,9,20,1,1,6,93.2,15.5,0.6%,2021
34,Andy Dalton (CAR) ,149,236,63.1,"1,515",6.4,8,9,18,16,76,0,1,8,93.1,11.6,0.6%,2021
35,Cam Newton (FA) ,69,126,54.8,684,5.4,4,5,10,47,230,5,1,8,91.3,11.4,9.1%,2021
36,Tyrod Taylor (NYG) ,91,150,60.7,966,6.4,5,5,13,19,151,3,0,6,86.7,14.5,0.1%,2021
37,Tyler Huntley (BAL) ,122,188,64.9,"1,081",5.8,3,4,18,47,294,2,3,7,86.7,12.4,0.7%,2021
38,Jacoby Brissett (WAS) ,141,225,62.7,"1,283",5.7,5,4,19,19,70,1,3,11,76.4,6.9,1.2%,2021
39,Trey Lance (SF) ,41,71,57.7,603,8.5,5,2,4,38,168,1,0,6,67.0,11.2,8.4%,2021
40,Geno Smith (SEA) ,65,95,68.4,702,7.4,5,1,13,9,42,1,1,4,55.3,13.8,85.5%,2021
41,Drew Lock (SEA) ,67,111,60.4,787,7.1,2,2,9,10,53,2,1,6,52.8,8.8,0.2%,2021
42,Mike White (MIA) ,88,132,66.7,953,7.2,5,8,4,5,-1,0,0,4,52.0,13.0,0.7%,2021
43,Josh Johnson (BAL) ,57,85,67.1,638,7.5,5,2,3,9,28,0,0,4,48.4,12.1,0.0%,2021
44,Colt McCoy (ARI) ,74,99,74.7,740,7.5,3,1,6,22,37,0,1,8,42.3,5.3,1.2%,2021
45,Mike Glennon (FA) ,90,167,53.9,790,4.7,4,10,9,7,33,1,3,6,40.9,6.8,0.6%,2021
46,Gardner Minshew II (IND) ,41,60,68.3,439,7.3,4,1,5,9,21,0,0,3,34.6,11.5,1.2%,2021
47,Tim Boyle (NYJ) ,61,94,64.9,526,5.6,3,6,0,2,13,0,0,4,30.4,7.6,0.0%,2021
48,Case Keenum (HOU) ,47,72,65.3,462,6.4,3,1,5,12,22,0,1,5,29.6,5.9,0.0%,2021
49,Cooper Rush (DAL) ,30,47,63.8,422,9.0,3,1,3,9,-8,0,1,4,25.1,6.3,0.2%,2021
50,Jordan Love (GB) ,36,62,58.1,411,6.6,2,3,3,12,27,0,1,6,24.2,4.0,22.5%,2021
51,Joe Flacco (FA) ,27,42,64.3,338,8.0,3,0,2,2,3,0,1,2,23.8,11.9,1.0%,2021
52,Mason Rudolph (PIT) ,35,58,60.3,277,4.8,1,1,0,5,53,0,0,2,19.4,9.7,0.1%,2021
53,Nick Foles (FA) ,24,35,68.6,250,7.1,1,0,4,4,8,0,0,1,16.8,16.8,0.0%,2021
54,P.J. Walker (CHI) ,36,66,54.5,362,5.5,1,3,7,7,13,0,1,5,16.8,3.4,0.1%,2021
55,Marcus Mariota (PHI) ,1,2,50.0,4,2.0,0,0,0,13,87,1,0,7,14.9,2.1,0.7%,2021
56,Jake Fromm (WAS) ,27,60,45.0,210,3.5,1,3,6,8,65,0,1,3,13.9,4.6,0.0%,2021
57,Brandon Allen (SF) ,17,34,50.0,149,4.4,2,0,4,7,-1,0,0,5,13.8,2.8,0.0%,2021
58,Sean Mannion (FA) ,22,36,61.1,189,5.3,1,0,2,2,14,0,0,1,13.0,13.0,0.0%,2021
59,Brian Hoyer (LV) ,9,11,81.8,227,20.6,1,0,0,11,-8,0,0,5,12.3,2.5,0.1%,2021
60,Nick Mullens (MIN) ,20,30,66.7,147,4.9,1,0,0,0,0,0,0,1,9.9,9.9,0.1%,2021
61,Mitch Trubisky (PIT) ,6,8,75.0,43,5.4,0,1,0,13,24,1,0,5,9.1,1.8,0.6%,2021
62,Kyle Allen (BUF) ,12,19,63.2,120,6.3,1,0,2,2,11,0,1,2,7.9,4.0,0.1%,2021
63,Garrett Gilbert (FA) ,20,31,64.5,194,6.3,0,0,2,0,0,0,0,1,7.8,7.8,0.0%,2021
64,Ian Book (PHI) ,12,20,60.0,135,6.8,0,2,8,3,6,0,0,1,4.0,4.0,0.0%,2021
65,Chad Henne (FA) ,11,16,68.8,82,5.1,0,0,0,8,0,0,0,4,3.3,0.8,0.1%,2021
66,Chris Streveler (NYJ) ,6,9,66.7,36,4.0,0,0,2,3,6,0,0,2,2.0,1.0,0.0%,2021
67,Blaine Gabbert (KC) ,7,11,63.6,67,6.1,0,0,1,9,-7,0,0,6,1.9,0.3,0.1%,2021
68,C.J. Beathard (JAC) ,2,2,100.0,33,16.5,0,0,0,1,2,0,0,2,1.5,0.8,0.1%,2021
69,Sam Ehlinger (IND) ,0,0,0,0,0,0,0,0,3,9,0,0,3,0.9,0.3,0.0%,2021
70,Ryan Fitzpatrick (FA) ,3,6,50.0,13,2.2,0,0,1,1,2,0,0,1,0.7,0.7,0.0%,2021
71,David Blough (ARI) ,0,0,0,0,0,0,0,1,1,6,0,0,1,0.6,0.6,0.0%,2021
72,Kellen Mond (CLE) ,2,3,66.7,5,1.7,0,0,0,0,0,0,0,2,0.2,0.1,0.0%,2021
73,Nathan Peterman (CHI) ,0,0,0,0,0,0,0,0,2,2,0,0,1,0.2,0.2,0.1%,2021
74,Brett Rypien (LAR) ,0,2,0.0,0,0.0,0,0,0,0,0,0,0,1,0.0,0.0,0.0%,2021
75,Jacob Eason (FA) ,2,5,40.0,25,5.0,0,1,0,0,0,0,0,1,0.0,0.0,0.0%,2021
76,Trace McSorley (NE) ,0,0,0,0,0,0,0,0,0,0,0,0,1,0.0,0.0,0.2%,2021
77,Kurt Benkert (FA) ,0,0,0,0,0,0,0,0,2,-1,0,0,1,-0.1,-0.1,0.0%,2021
78,Chase Daniel (FA) ,0,0,0,0,0,0,0,0,2,-2,0,0,1,-0.2,-0.2,0.0%,2021
79,Davis Webb (FA) ,0,0,0,0,0,0,0,0,2,-3,0,0,1,-0.3,-0.3,0.0%,2021
80,Feleipe Franks (ATL) ,0,1,0.0,0,0.0,0,1,0,3,6,0,0,6,-0.4,-0.1,0.0%,2021
81,Logan Woodside (ATL) ,0,0,0,0,0,0,0,0,6,-6,0,0,4,-0.6,-0.2,0.0%,2021
82,John Wolford (TB) ,1,4,25.0,5,1.3,0,1,1,2,-1,0,0,2,-0.9,-0.5,0.0%,2021
83,Josh Rosen (FA) ,2,11,18.2,19,1.7,0,2,0,0,0,0,0,3,-1.2,-0.4,0.0%,2021
1,Patrick Mahomes II (KC) ,435,648,67.1,"5,250",8.1,41,12,26,61,358,4,0,17,428.4,25.2,100.0%,2022
2,Josh Allen (BUF) ,362,573,63.2,"4,316",7.5,35,14,33,126,776,7,5,17,412.4,24.3,99.9%,2022
3,Jalen Hurts (PHI) ,306,460,66.5,"3,701",8.0,22,6,38,165,760,13,2,15,384.1,25.6,99.9%,2022
4,Joe Burrow (CIN) ,418,610,68.5,"4,527",7.4,36,12,41,76,259,5,3,17,369.0,21.7,99.7%,2022
5,Geno Smith (SEA) ,399,572,69.8,"4,282",7.5,30,11,46,68,366,1,4,17,314.9,18.5,85.5%,2022
6,Justin Fields (CHI) ,192,318,60.4,"2,242",7.1,17,11,55,160,"1,143",8,2,15,307.0,20.5,97.6%,2022
7,Kirk Cousins (MIN) ,424,643,65.9,"4,547",7.1,29,14,46,31,97,2,3,17,305.6,18.0,87.7%,2022
8,Trevor Lawrence (JAC) ,387,584,66.3,"4,113",7.0,25,8,27,62,291,5,9,17,303.7,17.9,95.8%,2022
9,Daniel Jones (NYG) ,317,472,67.2,"3,205",6.8,15,5,44,120,708,7,3,16,293.9,18.4,84.6%,2022
10,Jared Goff (DET) ,382,587,65.1,"4,438",7.6,29,7,23,29,73,0,4,17,290.3,17.1,60.4%,2022
11,Justin Herbert (LAC) ,477,699,68.2,"4,739",6.8,25,10,38,54,147,0,3,17,289.3,17.0,97.2%,2022
12,Tom Brady (FA) ,490,733,66.8,"4,694",6.4,25,9,22,29,-1,1,4,17,280.5,16.5,1.0%,2022
13,Aaron Rodgers (NYJ) ,350,542,64.6,"3,695",6.8,26,12,32,34,94,1,4,17,251.3,14.8,89.1%,2022
14,Lamar Jackson (BAL) ,203,326,62.3,"2,242",6.9,17,7,26,112,764,3,2,12,243.1,20.3,99.8%,2022
15,Tua Tagovailoa (MIA) ,259,400,64.8,"3,548",8.9,25,8,21,24,70,0,1,13,239.0,18.4,89.9%,2022
16,Russell Wilson (DEN) ,292,483,60.5,"3,524",7.3,16,11,55,55,277,3,2,15,236.0,15.7,74.3%,2022
17,Derek Carr (NO) ,305,502,60.8,"3,522",7.0,24,14,27,24,102,0,0,15,233.0,15.5,36.3%,2022
18,Dak Prescott (DAL) ,261,394,66.2,"2,860",7.3,23,15,20,45,182,1,1,12,213.6,17.8,91.7%,2022
19,Kyler Murray (ARI) ,259,390,66.4,"2,368",6.1,14,7,25,67,418,3,2,11,207.6,18.9,32.8%,2022
20,Marcus Mariota (PHI) ,184,300,61.3,"2,219",7.4,15,9,28,85,438,4,3,13,205.7,15.8,0.7%,2022
21,Davis Mills (HOU) ,292,479,61.0,"3,118",6.5,17,15,31,32,108,2,3,15,196.6,13.1,0.6%,2022
22,Andy Dalton (CAR) ,252,378,66.7,"2,871",7.6,18,9,25,30,54,0,1,14,183.3,13.1,0.6%,2022
23,Mac Jones (NE) ,288,442,65.2,"2,997",6.8,14,11,34,47,102,1,1,14,181.1,12.9,6.7%,2022
24,Jacoby Brissett (WAS) ,236,369,64.0,"2,608",7.1,12,6,24,49,243,2,4,14,174.7,12.5,1.2%,2022
25,Jimmy Garoppolo (LV) ,207,308,67.2,"2,437",7.9,16,4,18,23,33,2,2,11,168.7,15.3,10.4%,2022
26,Matt Ryan (FA) ,309,461,67.0,"3,057",6.6,14,13,38,27,70,1,5,12,168.3,14.0,6.1%,2022
27,Ryan Tannehill (TEN) ,212,325,65.2,"2,536",7.8,13,6,33,34,98,2,2,12,167.2,13.9,6.7%,2022
28,Kenny Pickett (PIT) ,245,389,63.0,"2,404",6.2,7,9,27,55,237,3,1,13,159.0,12.2,27.0%,2022
29,Baker Mayfield (TB) ,201,335,60.0,"2,163",6.5,10,8,36,31,89,1,2,12,129.4,10.8,4.5%,2022
30,Taylor Heinicke (ATL) ,161,259,62.2,"1,859",7.2,12,6,19,28,96,1,5,9,121.9,13.5,0.7%,2022
31,Carson Wentz (FA) ,172,276,62.3,"1,755",6.4,11,9,26,22,86,1,1,8,121.8,15.2,4.6%,2022
32,Matthew Stafford (LAR) ,206,303,68.0,"2,087",6.9,10,8,29,13,9,1,3,9,116.5,12.9,36.4%,2022
33,Brock Purdy (SF) ,114,170,67.1,"1,374",8.1,13,4,11,22,13,1,0,9,110.3,12.3,24.2%,2022
34,Zach Wilson (NYJ) ,132,242,54.5,"1,688",7.0,6,7,23,28,102,1,1,9,105.0,11.7,0.7%,2022
35,Deshaun Watson (CLE) ,99,170,58.2,"1,102",6.5,7,5,20,36,175,1,0,6,90.5,15.1,91.9%,2022
36,Sam Darnold (SF) ,82,140,58.6,"1,143",8.2,7,3,10,26,106,2,2,6,89.3,14.9,1.2%,2022
37,Mitch Trubisky (PIT) ,117,180,65.0,"1,252",7.0,4,5,11,19,38,2,0,7,79.0,11.3,0.6%,2022
38,Mike White (MIA) ,103,175,58.9,"1,192",6.8,3,4,9,6,9,1,1,4,60.6,15.2,0.7%,2022
39,Cooper Rush (DAL) ,94,162,58.0,"1,051",6.5,5,3,7,9,6,0,0,8,59.6,7.5,0.2%,2022
40,Tyler Huntley (BAL) ,75,112,67.0,658,5.9,2,3,7,43,137,1,0,5,53.0,10.6,0.7%,2022
41,Joe Flacco (FA) ,110,191,57.6,"1,051",5.5,5,3,10,3,6,0,4,5,51.4,10.3,1.0%,2022
42,Jameis Winston (NO) ,73,115,63.5,858,7.5,4,5,11,5,16,0,0,3,48.9,16.3,0.6%,2022
43,Jarrett Stidham (DEN) ,53,83,63.9,656,7.9,4,3,7,14,84,0,1,3,45.7,15.2,0.1%,2022
44,P.J. Walker (CHI) ,63,106,59.4,731,6.9,3,3,7,6,39,0,0,6,42.2,7.0,0.1%,2022
45,Teddy Bridgewater (DET) ,49,79,62.0,683,8.6,4,4,7,3,27,0,0,5,42.0,8.4,2.6%,2022
46,Bailey Zappe (NE) ,65,92,70.7,781,8.5,5,3,6,10,0,0,3,4,41.7,10.4,0.7%,2022
47,Gardner Minshew II (IND) ,44,76,57.9,663,8.7,3,3,6,7,3,1,1,5,39.8,8.0,1.2%,2022
48,Desmond Ridder (ATL) ,73,115,63.5,708,6.2,2,0,9,16,64,0,2,4,38.8,9.7,5.0%,2022
49,Sam Ehlinger (IND) ,64,101,63.4,573,5.7,3,3,14,17,87,0,1,4,38.6,9.7,0.0%,2022
50,Colt McCoy (ARI) ,90,132,68.2,780,5.9,1,3,13,14,36,0,0,4,35.7,8.9,1.2%,2022
51,Joshua Dobbs (CLE) ,40,68,58.8,411,6.0,2,2,6,8,44,0,2,2,22.9,11.5,0.1%,2022
52,Malik Willis (TEN) ,31,61,50.8,276,4.5,0,3,10,27,123,1,2,7,22.3,3.2,0.7%,2022
53,Brett Rypien (LAR) ,53,88,60.2,483,5.5,2,4,8,6,7,0,1,4,22.0,5.5,0.0%,2022
54,Davis Webb (FA) ,23,40,57.5,168,4.2,1,0,0,6,41,1,0,1,20.8,20.8,0.0%,2022
55,David Blough (ARI) ,38,58,65.5,402,6.9,2,2,5,4,5,0,1,2,20.6,10.3,0.0%,2022
56,Skylar Thompson (MIA) ,60,105,57.1,534,5.1,1,3,6,14,21,0,2,7,20.5,2.9,0.1%,2022
57,Kyle Allen (BUF) ,46,78,59.0,416,5.3,2,4,5,6,13,0,1,3,19.9,6.6,0.1%,2022
58,Sam Howell (WAS) ,11,19,57.9,169,8.9,1,1,3,5,35,1,0,1,19.3,19.3,7.2%,2022
59,John Wolford (TB) ,38,62,61.3,390,6.3,1,3,7,8,32,0,1,2,17.8,8.9,0.0%,2022
60,Bryce Perkins (FA) ,19,34,55.9,161,4.7,1,2,6,19,90,0,0,5,17.5,3.5,0.1%,2022
61,Jeff Driskel (ARI) ,14,20,70.0,108,5.4,1,0,2,20,75,0,0,7,16.2,2.3,0.0%,2022
62,Trace McSorley (NE) ,45,83,54.2,412,5.0,0,5,3,15,61,0,2,5,13.7,2.7,0.2%,2022
63,Trey Lance (SF) ,15,31,48.4,194,6.3,0,1,2,16,67,0,0,3,13.5,4.5,8.4%,2022
64,Nick Mullens (MIN) ,21,25,84.0,224,9.0,1,1,0,4,8,0,0,4,12.8,3.2,0.1%,2022
65,Tyrod Taylor (NYG) ,6,8,75.0,58,7.3,1,1,3,5,70,0,1,3,12.3,4.1,0.1%,2022
66,Jordan Love (GB) ,14,21,66.7,195,9.3,1,0,0,1,-1,0,0,4,11.7,2.9,22.5%,2022
67,Trevor Siemian (CIN) ,15,26,57.7,184,7.1,1,1,2,4,8,0,0,2,11.2,5.6,0.6%,2022
68,Nathan Peterman (CHI) ,14,25,56.0,139,5.6,1,1,1,2,7,0,0,3,9.3,3.1,0.1%,2022
69,Chris Streveler (NYJ) ,10,15,66.7,90,6.0,0,0,0,9,54,0,0,1,9.0,9.0,0.0%,2022
70,Chase Daniel (FA) ,8,12,66.7,52,4.3,1,0,1,1,4,0,0,3,8.5,2.8,0.0%,2022
71,Anthony Brown (BAL) ,22,49,44.9,302,6.2,0,2,5,3,-5,0,1,2,7.5,3.8,0.0%,2022
72,Nick Foles (FA) ,25,42,59.5,224,5.3,0,4,8,2,8,0,0,2,5.7,2.9,0.0%,2022
73,Blaine Gabbert (KC) ,6,8,75.0,29,3.6,1,0,0,0,0,0,0,1,5.2,5.2,0.1%,2022
74,Brian Hoyer (LV) ,5,6,83.3,37,6.2,0,0,1,0,0,0,0,1,1.5,1.5,0.1%,2022
75,Jacob Eason (FA) ,3,5,60.0,59,11.8,0,1,0,0,0,0,0,1,1.4,1.4,0.0%,2022
76,Kyle Trask (TB) ,3,9,33.3,23,2.6,0,0,0,0,0,0,0,1,0.9,0.9,1.3%,2022
77,Brandon Allen (SF) ,3,3,100.0,22,7.3,0,0,1,3,-1,0,0,1,0.8,0.8,0.0%,2022
78,Josh Johnson (BAL) ,1,2,50.0,10,5.0,0,0,0,2,3,0,0,1,0.7,0.7,0.0%,2022
79,Case Keenum (HOU) ,2,7,28.6,8,1.1,0,0,0,5,0,0,0,2,0.3,0.2,0.0%,2022
80,Bryce Young (CAR) ,0,0,0,0,0,0,0,0,0,0,0,0,0,0,0,24.0%,2022
81,Chase Garbers (LV) ,0,0,0,0,0,0,0,0,0,0,0,0,0,0,0,0.0%,2022
82,Brett Ratliff (TEN) ,0,0,0,0,0,0,0,0,0,0,0,0,0,0,0,0.0%,2022
83,Ben DiNucci (DEN) ,0,0,0,0,0,0,0,0,0,0,0,0,0,0,0,0.1%,2022
84,Reid Sinnett (CIN) ,0,0,0,0,0,0,0,0,0,0,0,0,0,0,0,0.0%,2022
85,Sean Clifford (GB) ,0,0,0,0,0,0,0,0,0,0,0,0,0,0,0,0.1%,2022
86,Tanner Morgan (PIT) ,0,0,0,0,0,0,0,0,0,0,0,0,0,0,0,0.0%,2022
87,Feleipe Franks (ATL) ,0,0,0,0,0,0,0,0,1,0,0,0,5,0.0,0.0,0.0%,2022
88,Jake Luton (CAR) ,0,0,0,0,0,0,0,0,0,0,0,0,0,0,0,0.0%,2022
89,Holton Ahlers (SEA) ,0,0,0,0,0,0,0,0,0,0,0,0,0,0,0,0.0%,2022
90,Dorian Thompson-Robinson (CLE) ,0,0,0,0,0,0,0,0,0,0,0,0,0,0,0,0.1%,2022
91,Ian Book (PHI) ,0,0,0,0,0,0,0,0,0,0,0,0,0,0,0,0.0%,2022
92,Jake Haener (NO) ,0,0,0,0,0,0,0,0,0,0,0,0,0,0,0,0.1%,2022
93,Tanner McKee (PHI) ,0,0,0,0,0,0,0,0,0,0,0,0,0,0,0,0.0%,2022
94,Davis Cheek (FA) ,0,0,0,0,0,0,0,0,0,0,0,0,1,0.0,0.0,0.0%,2022
95,Anthony Richardson (IND) ,0,0,0,0,0,0,0,0,0,0,0,0,0,0,0,78.7%,2022
96,Chris Oladokun (KC) ,0,0,0,0,0,0,0,0,0,0,0,0,0,0,0,0.0%,2022
97,Hendon Hooker (DET) ,0,0,0,0,0,0,0,0,0,0,0,0,0,0,0,0.8%,2022
98,Tommy DeVito (NYG) ,0,0,0,0,0,0,0,0,0,0,0,0,0,0,0,0.0%,2022
99,Clayton Tune (ARI) ,0,0,0,0,0,0,0,0,0,0,0,0,0,0,0,0.1%,2022
100,Nathan Rourke (JAC) ,0,0,0,0,0,0,0,0,0,0,0,0,0,0,0,0.0%,2022
101,Tyson Bagent (CHI) ,0,0,0,0,0,0,0,0,0,0,0,0,0,0,0,0.0%,2022
102,Cephus Johnson III (TB) ,0,0,0,0,0,0,0,0,0,0,0,0,0,0,0,0.0%,2022
103,Dresser Winn (LAR) ,0,0,0,0,0,0,0,0,0,0,0,0,0,0,0,0.0%,2022
104,Aidan O'Connell (LV) ,0,0,0,0,0,0,0,0,0,0,0,0,0,0,0,0.1%,2022
105,C.J. Stroud (HOU) ,0,0,0,0,0,0,0,0,0,0,0,0,0,0,0,11.2%,2022
106,Max Duggan (LAC) ,0,0,0,0,0,0,0,0,0,0,0,0,0,0,0,0.1%,2022
107,Adrian Martinez (DET) ,0,0,0,0,0,0,0,0,0,0,0,0,0,0,0,0.0%,2022
108,Will Levis (TEN) ,0,0,0,0,0,0,0,0,0,0,0,0,0,0,0,1.4%,2022
109,Malik Cunningham (NE) ,0,0,0,0,0,0,0,0,0,0,0,0,0,0,0,0.0%,2022
110,Matt Corral (CAR) ,0,0,0,0,0,0,0,0,0,0,0,0,2,0.0,0.0,0.1%,2022
111,Stetson Bennett (LAR) ,0,0,0,0,0,0,0,0,0,0,0,0,0,0,0,0.8%,2022
112,Jaren Hall (MIN) ,0,0,0,0,0,0,0,0,0,0,0,0,0,0,0,0.1%,2022
113,E.J. Perry (HOU) ,0,0,0,0,0,0,0,0,0,0,0,0,0,0,0,0.0%,2022
114,Kellen Mond (CLE) ,0,0,0,0,0,0,0,0,0,0,0,0,0,0,0,0.0%,2022
115,Matt Barkley (BUF) ,0,0,0,0,0,0,0,0,0,0,0,0,1,0.0,0.0,0.1%,2022
116,Brett Smith (TB) ,0,0,0,0,0,0,0,0,0,0,0,0,0,0,0,0.0%,2022
117,Ben Chappell (WAS) ,0,0,0,0,0,0,0,0,0,0,0,0,0,0,0,0.0%,2022
118,Adam Froman (ATL) ,0,0,0,0,0,0,0,0,0,0,0,0,0,0,0,0.0%,2022
119,Hunter Cantwell (BAL) ,0,0,0,0,0,0,0,0,0,0,0,0,0,0,0,0.0%,2022
120,Erik Ainge (NYJ) ,0,0,0,0,0,0,0,0,0,0,0,0,0,0,0,0.0%,2022
121,Shane Buechele (KC) ,0,0,0,0,0,0,0,0,0,0,0,0,0,0,0,0.0%,2022
122,Alex McGough (GB) ,0,0,0,0,0,0,0,0,0,0,0,0,0,0,0,0.0%,2022
123,Mason Rudolph (PIT) ,0,0,0,0,0,0,0,0,0,0,0,0,0,0,0,0.1%,2022
124,Logan Woodside (ATL) ,0,0,0,0,0,0,0,0,0,0,0,0,1,0.0,0.0,0.0%,2022
125,Jake Fromm (WAS) ,0,0,0,0,0,0,0,0,0,0,0,0,0,0,0,0.0%,2022
126,Drew Lock (SEA) ,0,0,0,0,0,0,0,0,0,0,0,0,0,0,0,0.2%,2022
127,Will Grier (DAL) ,0,0,0,0,0,0,0,0,0,0,0,0,0,0,0,0.0%,2022
128,Easton Stick (LAC) ,0,0,0,0,0,0,0,0,0,0,0,0,0,0,0,0.1%,2022
129,Jake Browning (CIN) ,0,0,0,0,0,0,0,0,0,0,0,0,0,0,0,0.0%,2022
130,C.J. Beathard (JAC) ,7,11,63.6,35,3.2,0,1,1,4,-4,0,0,4,0.0,0.0,0.1%,2022
131,Nate Sudfeld (DET) ,0,0,0,0,0,0,0,1,5,-4,0,0,2,-0.4,-0.2,0.0%,2022
132,Chad Henne (FA) ,0,2,0.0,0,0.0,0,0,0,5,-5,0,0,3,-0.5,-0.2,0.1%,2022
133,Tim Boyle (NYJ) ,2,8,25.0,33,4.1,0,2,0,2,-2,0,0,1,-0.9,-0.9,0.0%,2022
