RANK,PLAYER,ATT,YDS,Y/A,LG,20+,TD,REC,TGT,YDS,Y/R,TD,FL,G,FPTS,FPTS/G,OWN,Year
1,Todd Gurley II (FA) ,256,"1,251",4.9,36,12,17,59,81,580,9.8,4,1,14,313.1,22.4,0.1%,2018
2,Saquon Barkley (NYG) ,261,"1,307",5.0,78,37,11,91,121,721,7.9,4,0,16,294.8,18.4,99.9%,2018
3,Christian McCaffrey (SF) ,219,"1,098",5.0,59,15,7,107,124,867,8.1,6,1,16,278.5,17.4,100.0%,2018
4,Alvin Kamara (NO) ,194,883,4.6,49,3,14,81,105,709,8.8,4,0,15,273.2,18.2,95.5%,2018
5,Ezekiel Elliott (FA) ,304,"1,434",4.7,41,15,6,77,95,567,7.4,3,1,15,252.1,16.8,71.1%,2018
6,Melvin Gordon III (FA) ,175,885,5.1,34,11,10,50,66,490,9.8,4,0,12,225.5,18.8,0.7%,2018
7,James Conner (ARI) ,215,970,4.5,30,11,12,55,71,497,9.0,1,2,13,224.7,17.3,95.3%,2018
8,Kareem Hunt (FA) ,181,824,4.6,45,10,7,26,35,378,14.5,7,0,11,204.2,18.6,16.5%,2018
9,Joe Mixon (CIN) ,237,"1,168",4.9,51,20,8,43,55,296,6.9,1,0,14,200.4,14.3,98.2%,2018
10,David Johnson (FA) ,258,940,3.6,53,5,7,50,76,446,8.9,3,2,16,196.6,12.3,0.0%,2018
11,James White (FA) ,94,425,4.5,27,5,5,87,123,751,8.6,7,0,16,189.6,11.9,0.1%,2018
12,Phillip Lindsay (FA) ,192,"1,037",5.4,65,17,9,35,47,241,6.9,1,0,15,187.8,12.5,0.0%,2018
13,Derrick Henry (TEN) ,215,"1,052",4.9,99,11,12,15,18,99,6.6,0,1,16,185.6,11.6,99.9%,2018
14,Chris Carson (FA) ,247,"1,151",4.7,61,11,9,20,24,163,8.2,0,2,14,181.4,13.0,0.3%,2018
15,Nick Chubb (CLE) ,192,996,5.2,92,21,8,20,29,149,7.5,2,0,16,174.5,10.9,99.9%,2018
16,Adrian Peterson (FA) ,251,"1,042",4.2,90,13,7,20,26,208,10.4,1,2,16,169.0,10.6,2.1%,2018
17,Tarik Cohen (FA) ,99,444,4.5,32,8,3,71,91,725,10.2,5,3,16,162.9,10.2,0.0%,2018
18,Tevin Coleman (FA) ,167,800,4.8,65,15,4,32,44,276,8.6,5,0,16,161.6,10.1,0.0%,2018
19,Marlon Mack (FA) ,195,908,4.7,49,9,9,17,26,103,6.1,1,2,12,161.1,13.4,3.1%,2018
20,Jordan Howard (FA) ,250,935,3.7,42,7,9,20,27,145,7.3,0,1,16,160.0,10.0,0.0%,2018
21,Kenyan Drake (FA) ,120,535,4.5,54,7,4,53,73,477,9.0,5,1,16,153.2,9.6,0.7%,2018
22,Lamar Miller (FA) ,210,973,4.6,97,14,5,25,35,163,6.5,1,1,14,147.6,10.5,0.0%,2018
23,Aaron Jones (GB) ,133,728,5.5,67,9,8,26,35,206,7.9,1,1,12,145.4,12.1,98.4%,2018
24,Matt Breida (NYG) ,153,814,5.3,66,14,3,27,31,261,9.7,2,1,14,135.5,9.7,1.0%,2018
25,Sony Michel (FA) ,209,931,4.5,34,7,6,7,11,50,7.1,0,1,13,132.1,10.2,1.1%,2018
26,Peyton Barber (FA) ,234,871,3.7,28,4,5,20,29,92,4.6,1,1,16,130.3,8.1,1.0%,2018
27,Austin Ekeler (LAC) ,106,554,5.2,41,7,3,39,53,404,10.4,3,1,14,129.8,9.3,100.0%,2018
28,Mark Ingram II (FA) ,138,645,4.7,38,5,6,21,27,170,8.1,1,1,12,121.5,10.1,0.6%,2018
29,Isaiah Crowell (FA) ,143,685,4.8,77,16,6,21,28,152,7.2,0,0,13,119.7,9.2,0.1%,2018
30,T.J. Yeldon (FA) ,104,414,4.0,20,1,1,55,78,487,8.9,4,1,14,118.1,8.4,0.0%,2018
31,Dalvin Cook (FA) ,133,615,4.6,70,8,2,40,49,305,7.6,2,2,11,112.0,10.2,97.5%,2018
32,Latavius Murray (BUF) ,140,578,4.1,38,8,6,22,26,141,6.4,0,0,16,109.9,6.9,2.4%,2018
33,Kerryon Johnson (FA) ,118,641,5.4,71,10,3,32,39,213,6.7,1,1,10,107.4,10.7,0.0%,2018
34,Mike Davis (FA) ,112,514,4.6,37,3,4,34,42,214,6.3,1,0,15,102.8,6.9,1.0%,2018
35,Doug Martin (FA) ,172,723,4.2,29,2,4,18,24,116,6.4,0,3,16,101.9,6.4,0.0%,2018
36,Dion Lewis (FA) ,155,517,3.3,36,3,1,59,67,400,6.8,1,1,16,101.7,6.4,2.0%,2018
37,Leonard Fournette (FA) ,133,439,3.3,25,2,5,22,26,185,8.4,1,0,8,98.4,12.3,24.1%,2018
38,Nyheim Hines (BUF) ,85,314,3.7,18,0,2,63,81,425,6.7,2,0,16,97.9,6.1,3.0%,2018
39,Alex Collins (FA) ,114,411,3.6,19,0,7,15,21,105,7.0,1,3,10,93.6,9.4,19.0%,2018
40,LeSean McCoy (FA) ,161,514,3.2,28,3,3,34,46,238,7.0,0,0,14,93.2,6.7,2.0%,2018
41,Frank Gore (FA) ,156,722,4.6,39,8,0,12,16,124,10.3,1,0,14,90.6,6.5,12.1%,2018
42,Wendell Smallwood (FA) ,87,364,4.2,15,0,3,28,35,230,8.2,2,1,16,89.4,5.6,0.0%,2018
43,Jalen Richard (FA) ,55,259,4.7,30,4,1,68,81,607,8.9,0,2,16,88.6,5.5,1.0%,2018
44,Carlos Hyde (FA) ,172,571,3.3,22,1,5,10,16,33,3.3,0,1,14,88.4,6.3,0.0%,2018
45,Gus Edwards (BAL) ,137,718,5.2,43,6,2,2,2,20,10.0,0,0,11,87.8,8.0,11.5%,2018
46,Royce Freeman (FA) ,130,521,4.0,24,2,5,14,20,72,5.1,0,1,14,87.3,6.2,1.0%,2018
47,Jamaal Williams (NO) ,121,463,3.8,20,1,3,27,41,210,7.8,0,0,16,87.3,5.5,88.9%,2018
48,Duke Johnson Jr. (FA) ,40,201,5.0,23,1,0,47,62,429,9.1,3,0,16,85.0,5.3,0.0%,2018
49,Alfred Blue (FA) ,150,499,3.3,17,0,2,20,27,154,7.7,0,0,16,77.3,4.8,0.0%,2018
50,LeGarrette Blount (FA) ,154,418,2.7,27,2,5,10,15,67,6.7,0,1,16,76.5,4.8,0.1%,2018
51,Damien Williams (FA) ,50,256,5.1,25,3,4,23,24,160,7.0,2,1,16,75.6,4.7,0.1%,2018
52,Josh Adams (FA) ,120,511,4.3,29,4,3,7,13,58,8.3,0,1,16,74.9,4.7,0.0%,2018
53,Ito Smith (FA) ,90,315,3.5,18,0,4,27,32,152,5.6,0,0,14,70.7,5.1,0.0%,2018
54,Elijah McGuire (FA) ,92,276,3.0,34,2,3,19,31,193,10.2,1,2,8,66.9,8.4,0.0%,2018
55,Chris Ivory (FA) ,115,385,3.3,21,2,1,13,21,205,15.8,0,0,13,65.0,5.0,0.0%,2018
56,Marshawn Lynch (FA) ,90,376,4.2,52,4,3,15,20,84,5.6,0,0,6,64.0,10.7,0.3%,2018
57,Jaylen Samuels (FA) ,56,256,4.6,25,1,0,26,29,199,7.7,3,0,14,63.5,4.5,0.0%,2018
58,C.J. Anderson (FA) ,67,403,6.0,46,5,2,5,9,41,8.2,1,0,11,62.4,5.7,1.0%,2018
59,Rashaad Penny (PHI) ,85,419,4.9,38,6,2,9,12,75,8.3,0,0,14,61.4,4.4,86.6%,2018
60,Giovani Bernard (FA) ,56,211,3.8,23,2,3,35,48,218,6.2,0,0,12,60.9,5.1,0.0%,2018
61,Alfred Morris (FA) ,111,428,3.9,51,6,2,8,13,73,9.1,0,1,12,60.1,5.0,0.0%,2018
62,Corey Clement (ARI) ,68,259,3.8,32,3,2,22,25,192,8.7,0,0,11,59.1,5.4,0.3%,2018
63,Spencer Ware (FA) ,51,246,4.8,34,3,2,20,23,224,11.2,0,0,13,59.0,4.5,0.0%,2018
64,Javorius Allen (FA) ,41,110,2.7,17,0,3,35,43,196,5.6,2,1,14,58.6,4.2,0.1%,2018
65,Theo Riddick (FA) ,40,171,4.3,19,0,0,61,74,384,6.3,0,0,14,55.5,4.0,0.0%,2018
66,Chris Thompson (FA) ,43,178,4.1,16,0,0,41,55,268,6.5,1,0,10,50.6,5.1,0.0%,2018
67,Zach Zenner (FA) ,55,265,4.8,29,1,3,7,10,56,8.0,0,0,8,50.1,6.3,0.0%,2018
68,Devontae Booker (FA) ,34,183,5.4,26,1,1,38,51,275,7.2,0,1,16,49.8,3.1,0.0%,2018
69,Bilal Powell (FA) ,80,343,4.3,38,3,0,11,18,110,10.0,1,1,7,49.3,7.0,0.0%,2018
70,Kenneth Dixon (FA) ,60,333,5.6,37,3,2,6,7,51,8.5,0,1,6,48.4,8.1,0.1%,2018
71,Ty Montgomery (NE) ,41,188,4.6,16,0,1,25,40,235,9.4,0,1,13,46.3,3.6,0.2%,2018
72,Justin Jackson (FA) ,50,206,4.1,20,1,2,15,19,135,9.0,0,0,13,46.1,3.5,0.1%,2018
73,Darren Sproles (FA) ,29,120,4.1,17,0,1,15,23,160,10.7,2,0,6,46.0,7.7,0.1%,2018
74,Kapri Bibbs (FA) ,21,103,4.9,15,0,3,16,23,115,7.2,1,0,12,45.8,3.8,0.1%,2018
75,Jacquizz Rodgers (FA) ,33,106,3.2,20,1,1,38,45,304,8.0,0,1,16,45.0,2.8,0.0%,2018
76,Jordan Wilkins (FA) ,60,336,5.6,53,4,1,16,17,85,5.3,0,2,16,44.1,2.8,0.0%,2018
77,Chase Edmonds (TB) ,60,208,3.5,29,2,2,20,23,103,5.2,0,0,16,43.1,2.7,3.5%,2018
78,Jay Ajayi (FA) ,45,184,4.1,20,1,3,5,6,20,4.0,0,1,4,38.4,9.6,7.0%,2018
79,Kyle Juszczyk (SF) ,8,30,3.8,12,0,0,30,41,324,10.8,1,2,16,37.4,2.3,0.5%,2018
80,Rex Burkhead (FA) ,57,186,3.3,12,0,0,14,20,131,9.4,1,1,8,35.7,4.5,5.1%,2018
81,Malcolm Brown (FA) ,43,212,4.9,19,0,0,5,7,52,10.4,1,0,12,34.4,2.9,0.0%,2018
82,Raheem Mostert (MIA) ,34,261,7.7,52,5,1,6,7,25,4.2,0,1,9,32.6,3.6,69.9%,2018
83,Jeff Wilson Jr. (MIA) ,66,266,4.0,18,0,0,12,15,98,8.2,0,2,6,32.4,5.4,72.7%,2018
84,Trenton Cannon (FA) ,38,113,3.0,21,1,1,17,25,144,8.5,0,0,16,31.7,2.0,0.0%,2018
85,James Develin (FA) ,6,8,1.3,2,0,4,12,18,61,5.1,0,0,16,30.9,1.9,0.0%,2018
86,Wayne Gallman Jr. (FA) ,51,176,3.5,9,0,1,14,22,89,6.4,0,1,15,30.5,2.0,0.0%,2018
87,Kalen Ballage (FA) ,36,191,5.3,75,4,1,9,11,56,6.2,0,1,12,28.7,2.4,0.0%,2018
88,Marcus Murphy (FA) ,52,250,4.8,30,2,0,11,19,26,2.4,0,0,11,27.6,2.5,0.0%,2018
89,Brandon Bolden (LV) ,8,91,11.4,54,4,2,3,3,13,4.3,1,1,16,26.4,1.7,0.2%,2018
90,Rod Smith (FA) ,44,127,2.9,14,0,1,9,12,60,6.7,0,0,16,24.7,1.5,0.0%,2018
91,Andy Janovich (FA) ,2,5,2.5,3,0,0,8,10,112,14.0,1,0,16,17.7,1.1,0.0%,2018
92,Zach Line (FA) ,9,41,4.6,9,0,0,5,10,14,2.8,2,0,16,17.5,1.1,0.0%,2018
93,Anthony Sherman (FA) ,1,2,2.0,2,0,0,8,9,96,12.0,1,0,16,15.8,1.0,0.0%,2018
94,Taquan Mizzell (NYG) ,9,16,1.8,7,0,0,8,10,78,9.8,1,0,9,15.4,1.7,0.0%,2018
95,Dwayne Washington (FA) ,27,154,5.7,28,3,0,0,0,0,0,0,0,13,15.4,1.2,0.0%,2018
96,Brian Hill (FA) ,20,157,7.9,60,6,0,1,2,9,9.0,0,1,10,14.6,1.5,0.0%,2018
97,Cameron Artis-Payne (FA) ,19,69,3.6,15,0,1,3,4,15,5.0,0,0,9,14.4,1.6,0.0%,2018
98,Alex Armah Jr. (WAS) ,9,15,1.7,4,0,2,1,1,5,5.0,0,0,16,14.0,0.9,0.0%,2018
99,Ronald Jones II (DAL) ,23,44,1.9,9,0,1,7,9,33,4.7,0,0,9,13.7,1.5,2.2%,2018
100,Darrel Williams (FA) ,13,44,3.4,8,0,0,3,3,27,9.0,1,0,6,13.1,2.2,1.1%,2018
101,Stevan Ridley (FA) ,29,80,2.8,12,0,1,3,4,18,6.0,0,2,10,11.8,1.2,0.0%,2018
102,Corey Grant (FA) ,13,40,3.1,8,0,0,9,12,67,7.4,0,0,5,10.7,2.1,0.0%,2018
103,DeAndre Washington (FA) ,30,115,3.8,13,0,0,1,1,9,9.0,0,1,10,10.4,1.0,11.0%,2018
104,John Kelly Jr. (CLE) ,27,74,2.7,7,0,0,2,3,27,13.5,0,0,4,10.1,2.5,0.2%,2018
105,Keith Ford (FA) ,21,79,3.8,11,0,0,3,5,21,7.0,0,0,2,10.0,5.0,0.1%,2018
106,Charcandrick West (FA) ,2,-1,-0.5,1,0,0,2,3,37,18.5,1,0,3,9.6,3.2,0.0%,2018
107,C.J. Ham (MIN) ,6,8,1.3,5,0,0,11,15,85,7.7,0,0,15,9.3,0.6,0.1%,2018
108,Devonta Freeman (FA) ,14,68,4.9,20,2,0,5,7,23,4.6,0,0,2,9.1,4.6,0.0%,2018
109,D'Onta Foreman (CHI) ,7,-1,-0.1,2,0,0,2,2,28,14.0,1,0,1,8.7,8.7,44.9%,2018
110,Dontrell Hilliard (FA) ,0,0,0,0,0,0,9,10,105,11.7,0,0,11,8.5,0.8,0.6%,2018
111,Elijhaa Penny (FA) ,7,25,3.6,8,0,0,8,9,50,6.3,0,0,14,7.5,0.5,0.0%,2018
112,Mark Walton (FA) ,14,34,2.4,10,0,0,5,8,41,8.2,0,0,14,7.5,0.5,2.0%,2018
113,Kenjon Barner (FA) ,19,71,3.7,11,0,0,1,1,3,3.0,0,0,9,7.4,0.8,0.0%,2018
114,Patrick DiMarco (FA) ,1,9,9.0,9,0,0,3,4,62,20.7,0,0,16,7.1,0.4,0.0%,2018
115,Detrez Newsome (FA) ,11,49,4.5,16,0,0,2,2,19,9.5,0,0,9,6.8,0.8,0.0%,2018
116,Ryan Hewitt (FA) ,0,0,0,0,0,0,1,2,1,1.0,1,0,12,6.1,0.5,0.0%,2018
117,Roc Thomas (FA) ,8,30,3.8,23,1,0,2,4,21,10.5,0,0,5,5.1,1.0,0.0%,2018
118,Mike Boone (HOU) ,11,47,4.3,20,1,0,2,3,1,0.5,0,0,8,4.8,0.6,0.7%,2018
119,Roosevelt Nix (FA) ,1,4,4.0,4,0,0,4,6,38,9.5,0,0,16,4.2,0.3,0.0%,2018
120,Tommy Bohanon (FA) ,1,0,0.0,0,0,0,6,9,41,6.8,0,0,16,4.1,0.3,0.0%,2018
121,Byron Marshall (FA) ,3,9,3.0,4,0,0,4,6,30,7.5,0,0,6,3.9,0.7,0.1%,2018
122,T.J. Logan (FA) ,2,2,1.0,5,0,0,7,7,37,5.3,0,0,10,3.9,0.4,0.0%,2018
123,Tre Madden (FA) ,3,3,1.0,2,0,0,2,3,35,17.5,0,0,14,3.8,0.3,0.1%,2018
124,Samaje Perine (DEN) ,8,32,4.0,11,0,0,3,4,5,1.7,0,0,5,3.7,0.7,83.0%,2018
125,David Williams (FA) ,8,36,4.5,15,0,0,0,0,0,0,0,0,6,3.6,0.6,0.0%,2018
126,Tyler Ervin (FA) ,0,0,0,0,0,0,3,4,35,11.7,0,0,9,3.5,0.4,0.0%,2018
127,Shaun Wilson (FA) ,6,29,4.8,9,0,0,3,5,5,1.7,0,0,5,3.4,0.7,0.0%,2018
128,Mike Gillislee (FA) ,16,43,2.7,5,0,0,1,1,9,9.0,0,1,4,3.2,0.8,0.0%,2018
129,Jeremy Hill (FA) ,4,25,6.3,11,0,0,1,1,6,6.0,0,0,1,3.1,3.1,0.0%,2018
130,Benny Cunningham Jr. (FA) ,11,20,1.8,6,0,0,1,2,9,9.0,0,0,15,2.9,0.2,0.0%,2018
131,Jeremy Langford (FA) ,9,25,2.8,7,0,0,0,0,0,0,0,0,1,2.5,2.5,0.0%,2018
132,Keith Smith (ATL) ,1,0,0.0,0,0,0,5,7,23,4.6,0,0,16,2.3,0.1,0.1%,2018
133,Travaris Cadet (FA) ,11,17,1.5,5,0,0,1,1,5,5.0,0,0,1,2.2,2.2,0.0%,2018
134,De'Lance Turner (FA) ,1,4,4.0,4,0,0,2,2,17,8.5,0,0,4,2.1,0.5,0.1%,2018
135,Derrick Coleman (FA) ,2,3,1.5,2,0,0,2,3,17,8.5,0,0,16,2.0,0.1,0.1%,2018
136,Justin Davis (FA) ,2,19,9.5,19,0,0,0,0,0,0,0,0,11,1.9,0.2,0.0%,2018
137,C.J. Prosise (FA) ,1,-3,-3.0,0,0,0,3,3,22,7.3,0,0,5,1.9,0.4,0.0%,2018
138,Jonathan Stewart (FA) ,6,17,2.8,5,0,0,0,0,0,0,0,0,3,1.7,0.6,0.0%,2018
139,Darius Jackson (FA) ,6,16,2.7,4,0,0,0,1,0,0,0,0,4,1.6,0.4,0.0%,2018
140,David Fluellen (FA) ,4,16,4.0,13,0,0,0,0,0,0,0,0,7,1.6,0.2,0.0%,2018
141,Brandon Wilds (FA) ,6,15,2.5,5,0,0,0,0,0,0,0,0,3,1.5,0.5,0.0%,2018
142,Jamaal Charles (FA) ,6,7,1.2,5,0,0,2,3,7,3.5,0,0,2,1.4,0.7,0.1%,2018
143,Derek Watt (FA) ,4,11,2.8,8,0,0,1,1,2,2.0,0,0,16,1.3,0.1,0.1%,2018
144,Jamize Olawale (FA) ,0,0,0,0,0,0,2,4,13,6.5,0,0,16,1.3,0.1,0.0%,2018
145,Ricky Ortiz (FA) ,0,0,0,0,0,0,3,4,11,3.7,0,0,12,1.1,0.1,0.0%,2018
146,Ameer Abdullah (LV) ,1,1,1.0,1,0,0,3,4,28,9.3,0,1,10,0.9,0.1,0.8%,2018
147,Christine Michael (FA) ,2,9,4.5,8,0,0,0,0,0,0,0,0,1,0.9,0.9,0.0%,2018
148,J.D. McKissic (FA) ,3,8,2.7,6,0,0,0,1,0,0,0,0,5,0.8,0.2,0.6%,2018
149,Robert Kelley (FA) ,4,8,2.0,6,0,0,0,0,0,0,0,0,2,0.8,0.4,0.0%,2018
150,Michael Burton (DEN) ,0,0,0,0,0,0,1,1,6,6.0,0,0,8,0.6,0.1,0.1%,2018
151,Jeremy McNichols (FA) ,2,4,2.0,7,0,0,0,0,0,0,0,0,1,0.4,0.4,0.0%,2018
152,Danny Vitale (FA) ,0,0,0,0,0,0,1,2,2,2.0,0,0,5,0.2,0.0,0.0%,2018
153,Jonathan Williams (WAS) ,3,0,0.0,1,0,0,1,1,1,1.0,0,0,3,0.1,0.0,0.2%,2018
154,Nick Bellore (SEA) ,1,0,0.0,0,0,0,4,4,15,3.8,0,0,14,0.0,0.0,21.1%,2018
155,Taiwan Jones (FA) ,0,0,0,0,0,0,0,2,0,0,0,0,6,0.0,0.0,0.0%,2018
156,Cordarrelle Patterson (ATL) ,42,228,5.4,27,2,1,21,28,247,11.8,3,1,15,0.0,0.0,23.8%,2018
157,Dare Ogunbowale (HOU) ,0,0,0,0,0,0,0,0,0,0,0,0,2,0.0,0.0,0.1%,2018
158,Lavon Coleman (FA) ,0,0,0,0,0,0,0,0,0,0,0,0,1,0.0,0.0,0.0%,2018
159,Trey Edmunds (FA) ,0,0,0,0,0,0,0,0,0,0,0,0,4,0.0,0.0,0.0%,2018
160,Patrick Ricard (BAL) ,0,0,0,0,0,0,0,0,0,0,0,0,10,0.0,0.0,0.1%,2018
161,Shane Smith (FA) ,0,0,0,0,0,0,0,0,0,0,0,0,2,0.0,0.0,0.1%,2018
162,Tra Carson (FA) ,0,0,0,0,0,0,0,0,0,0,0,0,6,0.0,0.0,0.0%,2018
163,Matt Dayes (FA) ,0,0,0,0,0,0,0,0,0,0,0,0,7,0.0,0.0,0.0%,2018
164,Joe Williams (FA) ,0,0,0,0,0,0,0,0,0,0,0,0,3,0.0,0.0,0.0%,2018
165,Godwin Igwebuike (FA) ,0,0,0,0,0,0,0,0,0,0,0,0,6,0.0,0.0,0.0%,2018
166,Dalyn Dawkins (FA) ,0,0,0,0,0,0,0,0,0,0,0,0,2,0.0,0.0,0.1%,2018
167,Buddy Howell (FA) ,0,0,0,0,0,0,0,0,0,0,0,0,15,0.0,0.0,0.0%,2018
168,Boston Scott (PHI) ,0,0,0,0,0,0,0,0,0,0,0,0,2,0.0,0.0,1.4%,2018
169,Jason Cabinda (DET) ,0,0,0,0,0,0,0,0,0,0,0,0,10,0.0,0.0,0.1%,2018
170,Donnie Ernsberger (FA) ,0,0,0,0,0,0,0,0,0,0,0,0,2,0.0,0.0,0.0%,2018
171,Senorise Perry (FA) ,0,0,0,0,0,0,0,0,0,0,0,0,16,0.0,0.0,0.0%,2018
172,Thomas Rawls (FA) ,0,0,0,0,0,0,0,0,0,0,0,0,1,0.0,0.0,0.1%,2018
173,De'Angelo Henderson Sr. (FA) ,2,19,9.5,13,0,0,0,0,0,0,0,1,3,-0.1,-0.0,0.0%,2018
174,Robert Turbin (FA) ,4,10,2.5,5,0,0,1,2,3,3.0,0,1,2,-0.7,-0.4,0.0%,2018
1,Christian McCaffrey (SF) ,287,"1,387",4.8,84,18,15,116,142,"1,005",8.7,4,0,16,355.2,22.2,100.0%,2019
2,Derrick Henry (TEN) ,303,"1,540",5.1,74,20,16,18,24,206,11.4,2,3,15,276.6,18.4,99.9%,2019
3,Aaron Jones (GB) ,236,"1,084",4.6,56,10,16,49,68,474,9.7,3,2,16,265.8,16.6,98.4%,2019
4,Ezekiel Elliott (FA) ,301,"1,357",4.5,33,7,12,54,71,420,7.8,2,2,16,257.7,16.1,71.1%,2019
5,Dalvin Cook (FA) ,250,"1,135",4.5,75,12,13,53,63,519,9.8,0,2,14,239.4,17.1,97.5%,2019
6,Nick Chubb (CLE) ,298,"1,494",5.0,88,24,8,36,49,278,7.7,0,3,16,219.2,13.7,99.9%,2019
7,Austin Ekeler (LAC) ,132,557,4.2,35,5,3,92,108,993,10.8,8,2,16,217.0,13.6,100.0%,2019
8,Mark Ingram II (FA) ,202,"1,018",5.0,53,11,10,26,29,247,9.5,5,2,15,216.5,14.4,0.6%,2019
9,Chris Carson (FA) ,278,"1,230",4.4,59,11,7,37,47,266,7.2,2,4,15,195.6,13.0,0.3%,2019
10,Saquon Barkley (NYG) ,217,"1,003",4.6,68,18,6,52,73,438,8.4,2,0,13,192.1,14.8,99.9%,2019
11,Joe Mixon (CIN) ,278,"1,137",4.1,41,9,5,35,45,287,8.2,3,0,16,190.4,11.9,98.2%,2019
12,Todd Gurley II (FA) ,223,857,3.8,25,5,12,31,49,207,6.7,2,2,15,188.4,12.6,0.1%,2019
13,Leonard Fournette (FA) ,265,"1,152",4.3,81,18,3,76,100,522,6.9,0,1,15,183.4,12.2,24.1%,2019
14,Josh Jacobs (LV) ,242,"1,150",4.8,51,14,7,20,27,166,8.3,0,1,13,171.6,13.2,99.9%,2019
15,Miles Sanders (CAR) ,179,818,4.6,65,13,3,50,63,509,10.2,3,1,16,168.7,10.5,96.0%,2019
16,Alvin Kamara (NO) ,171,797,4.7,40,8,5,81,97,533,6.6,1,1,14,167.5,12.0,95.5%,2019
17,Marlon Mack (FA) ,247,"1,091",4.4,63,14,8,14,17,82,5.9,0,0,14,167.3,12.0,3.1%,2019
18,Kenyan Drake (FA) ,170,817,4.8,80,8,8,50,68,345,6.9,0,1,14,164.2,11.7,0.7%,2019
19,Phillip Lindsay (FA) ,224,"1,011",4.5,40,12,7,35,48,196,5.6,0,0,16,162.7,10.2,0.0%,2019
20,Raheem Mostert (MIA) ,137,772,5.6,41,7,8,14,22,180,12.9,2,2,16,151.2,9.5,69.9%,2019
21,Le'Veon Bell (FA) ,245,789,3.2,19,0,3,66,78,461,7.0,1,1,15,149.0,9.9,0.1%,2019
22,David Montgomery (DET) ,242,889,3.7,55,6,6,25,35,185,7.4,1,2,16,145.4,9.1,92.7%,2019
23,Carlos Hyde (FA) ,245,"1,070",4.4,58,16,6,10,16,42,4.2,0,2,16,143.2,9.0,0.0%,2019
24,Sony Michel (FA) ,247,912,3.7,26,3,7,12,20,94,7.8,0,1,16,140.6,8.8,1.1%,2019
25,Melvin Gordon III (FA) ,162,612,3.8,24,2,8,42,55,296,7.0,1,3,12,138.8,11.6,0.7%,2019
26,Devonta Freeman (FA) ,184,656,3.6,28,3,2,59,70,410,6.9,4,2,14,138.6,9.9,0.0%,2019
27,Ronald Jones II (DAL) ,172,724,4.2,49,9,6,31,40,309,10.0,0,2,16,135.3,8.5,2.2%,2019
28,Adrian Peterson (FA) ,211,898,4.3,32,7,5,17,23,142,8.4,0,2,16,130.0,8.1,2.1%,2019
29,James White (FA) ,67,263,3.9,32,2,1,72,95,645,9.0,5,1,15,128.2,8.5,0.1%,2019
30,Latavius Murray (BUF) ,146,637,4.4,30,4,5,34,43,235,6.9,1,0,16,123.2,7.7,2.4%,2019
31,Devin Singletary (HOU) ,151,775,5.1,38,8,2,29,41,194,6.7,2,1,12,118.9,9.9,66.9%,2019
32,Tevin Coleman (FA) ,137,544,4.0,48,7,6,21,30,180,8.6,1,0,14,114.4,8.2,0.0%,2019
33,James Conner (ARI) ,116,464,4.0,25,2,4,34,38,251,7.4,3,1,10,111.5,11.2,95.3%,2019
34,Damien Williams (FA) ,111,498,4.5,91,8,5,30,37,213,7.1,2,1,11,111.1,10.1,0.1%,2019
35,Duke Johnson Jr. (FA) ,83,410,4.9,40,6,2,44,62,410,9.3,3,1,16,110.0,6.9,0.0%,2019
36,Jamaal Williams (NO) ,107,456,4.3,45,3,1,39,45,253,6.5,5,0,14,106.9,7.6,88.9%,2019
37,David Johnson (FA) ,94,345,3.7,18,0,2,36,47,370,10.3,4,1,13,105.5,8.1,0.0%,2019
38,Jordan Howard (FA) ,119,525,4.4,20,1,6,10,14,69,6.9,1,0,10,101.4,10.1,0.0%,2019
39,Peyton Barber (FA) ,154,470,3.1,17,0,6,16,24,115,7.2,1,1,16,100.5,6.3,1.0%,2019
40,Royce Freeman (FA) ,132,496,3.8,26,1,3,43,50,256,6.0,1,0,16,99.2,6.2,1.0%,2019
41,LeSean McCoy (FA) ,101,465,4.6,39,6,4,28,34,181,6.5,1,2,13,90.6,7.0,2.0%,2019
42,DeAndre Washington (FA) ,108,387,3.6,36,2,3,36,41,292,8.1,0,0,16,85.9,5.4,11.0%,2019
43,Gus Edwards (BAL) ,133,711,5.3,63,9,2,7,7,45,6.4,0,1,16,85.6,5.4,11.5%,2019
44,Tarik Cohen (FA) ,64,213,3.3,19,0,0,79,104,456,5.8,3,0,16,84.9,5.3,0.0%,2019
45,Matt Breida (NYG) ,123,623,5.1,83,9,1,19,22,120,6.3,1,1,13,84.3,6.5,1.0%,2019
46,Frank Gore (FA) ,166,599,3.6,41,6,2,13,16,100,7.7,0,0,16,81.9,5.1,12.1%,2019
47,Kerryon Johnson (FA) ,113,403,3.6,20,1,3,10,15,127,12.7,1,1,8,75.0,9.4,0.0%,2019
48,Tony Pollard (DAL) ,86,455,5.3,44,7,2,15,20,107,7.1,1,1,15,74.2,4.9,99.7%,2019
49,Rex Burkhead (FA) ,65,302,4.6,33,2,3,27,38,279,10.3,0,1,13,74.1,5.7,5.1%,2019
50,Nyheim Hines (BUF) ,52,199,3.8,18,0,2,44,58,320,7.3,0,1,16,73.9,4.6,3.0%,2019
51,Boston Scott (PHI) ,61,245,4.0,25,1,5,24,26,204,8.5,0,1,11,72.9,6.6,1.4%,2019
52,Chase Edmonds (TB) ,60,303,5.1,37,5,4,12,21,105,8.8,1,0,13,70.8,5.4,3.5%,2019
53,Rashaad Penny (PHI) ,65,370,5.7,58,8,3,8,11,83,10.4,1,1,10,67.3,6.7,86.6%,2019
54,Kareem Hunt (FA) ,43,179,4.2,16,0,2,37,44,285,7.7,1,0,9,64.4,7.2,16.5%,2019
55,Jaylen Samuels (FA) ,66,175,2.7,13,0,1,47,57,305,6.5,1,1,14,58.4,4.2,0.0%,2019
56,Alexander Mattison (MIN) ,100,462,4.6,35,5,1,10,12,82,8.2,0,1,13,58.4,4.5,83.0%,2019
57,Brian Hill (FA) ,78,323,4.1,27,2,2,10,14,69,6.9,1,0,12,57.2,4.8,0.0%,2019
58,Malcolm Brown (FA) ,69,255,3.7,17,0,5,2,6,16,8.0,0,0,14,57.1,4.1,0.0%,2019
59,Benny Snell Jr. (FA) ,108,426,3.9,23,3,2,3,4,23,7.7,0,1,13,54.9,4.2,1.1%,2019
60,Darrel Williams (FA) ,41,141,3.4,41,3,3,15,20,167,11.1,1,1,12,52.8,4.4,1.1%,2019
61,Chris Thompson (FA) ,37,138,3.7,16,0,0,42,58,378,9.0,0,0,11,51.6,4.7,0.0%,2019
62,Derrius Guice (FA) ,42,245,5.8,60,7,2,7,9,79,11.3,1,0,5,50.4,10.1,1.1%,2019
63,J.D. McKissic (FA) ,38,205,5.4,44,4,0,34,42,233,6.9,1,0,16,49.8,3.1,0.6%,2019
64,Jordan Wilkins (FA) ,51,307,6.0,55,6,2,7,11,43,6.1,0,0,14,47.0,3.4,0.0%,2019
65,Mike Boone (HOU) ,49,273,5.6,59,8,3,3,4,17,5.7,0,0,16,47.0,2.9,0.7%,2019
66,Jalen Richard (FA) ,39,145,3.7,13,0,0,36,43,323,9.0,0,0,16,46.8,2.9,1.0%,2019
67,Patrick Laird (TB) ,62,168,2.7,18,0,1,23,30,204,8.9,0,0,15,45.2,3.0,0.1%,2019
68,Jeff Wilson Jr. (MIA) ,27,105,3.9,25,1,4,3,5,34,11.3,1,0,11,43.9,4.0,72.7%,2019
69,Bo Scarbrough (FA) ,89,377,4.2,30,3,1,1,4,5,5.0,0,1,6,42.2,7.0,0.0%,2019
70,Brandon Bolden (LV) ,15,68,4.5,21,1,3,9,11,111,12.3,1,0,15,41.9,2.8,0.2%,2019
71,Justice Hill (BAL) ,58,225,3.9,18,0,2,8,15,70,8.8,0,0,16,41.5,2.6,0.7%,2019
72,Dion Lewis (FA) ,54,210,3.9,17,0,0,25,32,164,6.6,1,1,16,41.4,2.6,2.0%,2019
73,Dare Ogunbowale (HOU) ,11,17,1.5,12,0,2,35,46,286,8.2,0,1,16,40.3,2.5,0.1%,2019
74,Giovani Bernard (FA) ,53,170,3.2,25,1,0,30,43,234,7.8,0,1,16,38.4,2.4,0.0%,2019
75,Kalen Ballage (FA) ,74,135,1.8,8,0,3,14,24,63,4.5,0,0,12,37.8,3.2,0.0%,2019
76,Ryquell Armstead (FA) ,35,108,3.1,16,0,0,14,24,144,10.3,2,0,16,37.2,2.3,0.0%,2019
77,Wayne Gallman Jr. (FA) ,29,110,3.8,22,1,2,11,16,102,9.3,1,1,10,37.2,3.7,0.0%,2019
78,Ty Johnson (FA) ,63,273,4.3,40,3,0,24,31,109,4.5,0,1,16,36.2,2.3,0.6%,2019
79,Jonathan Williams (WAS) ,49,235,4.8,48,3,1,5,5,59,11.8,0,0,9,35.4,3.9,0.2%,2019
80,Kyle Juszczyk (SF) ,3,7,2.3,6,0,0,20,24,239,12.0,1,0,12,30.6,2.6,0.5%,2019
81,Qadree Ollison (JAC) ,22,50,2.3,6,0,4,1,2,7,7.0,0,0,8,29.7,3.7,0.0%,2019
82,Mark Walton (FA) ,53,201,3.8,19,0,0,15,21,89,5.9,0,1,7,27.0,3.9,2.0%,2019
83,Bilal Powell (FA) ,59,229,3.9,17,0,0,7,12,33,4.7,0,0,14,26.2,1.9,0.0%,2019
84,Dontrell Hilliard (FA) ,13,49,3.8,11,0,2,12,15,92,7.7,0,0,14,26.1,1.9,0.6%,2019
85,Ito Smith (FA) ,22,106,4.8,28,1,1,11,14,87,7.9,0,0,7,25.3,3.6,0.0%,2019
86,Myles Gaskin (MIA) ,36,133,3.7,27,1,1,7,12,51,7.3,0,0,7,24.4,3.5,0.6%,2019
87,Ameer Abdullah (LV) ,23,115,5.0,15,0,0,15,21,88,5.9,1,1,16,24.3,1.5,0.8%,2019
88,Reggie Bonnafon (FA) ,16,116,7.3,59,4,1,6,10,57,9.5,0,0,16,23.3,1.5,0.0%,2019
89,Darwin Thompson (FA) ,37,128,3.5,12,0,1,9,10,43,4.8,0,0,12,23.1,1.9,0.0%,2019
90,Justin Jackson (FA) ,29,200,6.9,40,5,0,9,11,22,2.4,0,0,7,22.2,3.2,0.1%,2019
91,C.J. Ham (MIN) ,7,17,2.4,9,0,0,17,26,149,8.8,1,1,16,20.6,1.3,0.1%,2019
92,Ty Montgomery (NE) ,32,103,3.2,15,0,0,13,17,90,6.9,0,0,16,19.3,1.2,0.2%,2019
93,C.J. Prosise (FA) ,23,72,3.1,17,0,1,10,12,76,7.6,0,1,9,18.8,2.1,0.0%,2019
94,Darrell Henderson Jr. (FA) ,39,147,3.8,22,1,0,4,6,37,9.3,0,0,13,18.4,1.4,0.7%,2019
95,Travis Homer (CHI) ,18,114,6.3,29,1,0,11,13,56,5.1,0,0,16,17.0,1.1,0.7%,2019
96,T.J. Yeldon (FA) ,17,63,3.7,12,0,0,13,15,124,9.5,0,1,6,16.7,2.8,0.0%,2019
97,Wendell Smallwood (FA) ,22,81,3.7,17,0,0,9,13,64,7.1,0,0,15,14.5,1.0,0.0%,2019
98,Wes Hills (FA) ,10,21,2.1,15,0,2,2,2,1,0.5,0,0,1,14.2,14.2,0.0%,2019
99,Trey Edmunds (FA) ,22,92,4.2,45,3,0,6,7,48,8.0,0,0,12,14.0,1.2,0.0%,2019
100,Kerrith Whyte Jr. (FA) ,24,122,5.1,21,1,0,1,1,9,9.0,0,0,6,13.1,2.2,0.0%,2019
101,Alec Ingold (MIA) ,10,17,1.7,4,0,0,6,6,44,7.3,1,0,16,12.1,0.8,0.2%,2019
102,Darren Sproles (FA) ,17,66,3.9,17,0,0,6,10,24,4.0,0,0,6,11.0,1.8,0.1%,2019
103,Patrick Ricard (BAL) ,0,0,0,0,0,0,8,11,47,5.9,1,0,16,10.7,0.7,0.1%,2019
104,Javorius Allen (FA) ,10,36,3.6,19,0,1,1,2,9,9.0,0,0,11,10.5,1.0,0.1%,2019
105,Andy Janovich (FA) ,1,1,1.0,1,0,1,5,5,42,8.4,0,0,8,10.3,1.3,0.0%,2019
106,Derek Watt (FA) ,7,10,1.4,3,0,1,3,5,32,10.7,0,0,16,10.2,0.6,0.1%,2019
107,Danny Vitale (FA) ,1,3,3.0,3,0,0,7,12,97,13.9,0,0,15,10.0,0.7,0.0%,2019
108,Marshawn Lynch (FA) ,12,34,2.8,15,0,1,0,0,0,0,0,0,2,9.4,4.7,0.3%,2019
109,D'Ernest Johnson (JAC) ,4,21,5.3,13,0,0,6,7,71,11.8,0,0,16,9.2,0.6,0.7%,2019
110,Kenjon Barner (FA) ,4,28,7.0,12,0,0,6,8,22,3.7,0,1,14,9.1,0.7,0.0%,2019
111,Alex Armah Jr. (WAS) ,6,11,1.8,4,0,1,2,2,6,3.0,0,0,16,7.7,0.5,0.0%,2019
112,Troymaine Pope (FA) ,10,20,2.0,8,0,0,2,3,14,7.0,1,1,14,7.4,0.5,0.0%,2019
113,Spencer Ware (FA) ,17,51,3.0,6,0,0,5,7,22,4.4,0,0,3,7.3,2.4,0.0%,2019
114,Tra Carson (FA) ,18,48,2.7,12,0,0,4,4,18,4.5,0,0,4,6.6,1.7,0.0%,2019
115,Devontae Booker (FA) ,2,9,4.5,5,0,0,6,9,57,9.5,0,0,16,6.6,0.4,0.0%,2019
116,Dwayne Washington (FA) ,8,60,7.5,31,2,0,1,1,6,6.0,0,0,16,6.6,0.4,0.0%,2019
117,Zach Line (FA) ,7,20,2.9,5,0,0,6,10,36,6.0,0,0,12,5.6,0.5,0.0%,2019
118,Khari Blasingame (CHI) ,0,0,0,0,0,0,4,5,54,13.5,0,0,6,5.4,0.9,0.0%,2019
119,Jon Hilliman (FA) ,30,91,3.0,10,0,0,3,4,1,0.3,0,2,3,5.2,1.7,0.0%,2019
120,Devine Ozigbo (FA) ,9,27,3.0,9,0,0,3,5,23,7.7,0,0,10,5.0,0.5,0.0%,2019
121,Taiwan Jones (FA) ,9,40,4.4,11,0,0,1,1,9,9.0,0,0,11,4.9,0.4,0.0%,2019
122,Mike Davis (FA) ,13,27,2.1,8,0,0,7,8,22,3.1,0,0,12,4.9,0.4,1.0%,2019
123,Patrick DiMarco (FA) ,3,7,2.3,4,0,0,5,7,41,8.2,0,0,16,4.8,0.3,0.0%,2019
124,Elijhaa Penny (FA) ,15,39,2.6,6,0,0,2,4,9,4.5,0,0,16,4.8,0.3,0.0%,2019
125,C.J. Anderson (FA) ,16,43,2.7,9,0,0,0,0,0,0,0,0,2,4.3,2.2,1.0%,2019
126,Paul Perkins (FA) ,12,29,2.4,13,0,0,1,1,9,9.0,0,0,4,3.8,1.0,0.0%,2019
127,Anthony Sherman (FA) ,4,9,2.3,5,0,0,2,3,22,11.0,0,0,16,3.1,0.2,0.0%,2019
128,Jay Ajayi (FA) ,10,30,3.0,11,0,0,0,1,0,0,0,0,4,3.0,0.8,7.0%,2019
129,Dalyn Dawkins (FA) ,11,26,2.4,14,0,0,0,1,0,0,0,0,2,2.6,1.3,0.1%,2019
130,T.J. Logan (FA) ,3,10,3.3,6,0,0,2,3,13,6.5,0,0,12,2.3,0.2,0.0%,2019
131,Keith Smith (ATL) ,5,8,1.6,3,0,0,1,4,13,13.0,0,0,16,2.1,0.1,0.1%,2019
132,Tyler Ervin (FA) ,1,10,10.0,10,0,0,2,4,11,5.5,0,0,10,2.1,0.2,0.0%,2019
133,Zach Zenner (FA) ,3,-2,-0.7,1,0,0,2,3,19,9.5,0,0,6,1.7,0.3,0.0%,2019
134,Nick Bawden (NYJ) ,0,0,0,0,0,0,4,6,17,4.3,0,0,10,1.7,0.2,0.0%,2019
135,Samaje Perine (DEN) ,5,16,3.2,9,0,0,0,0,0,0,0,0,7,1.6,0.2,83.0%,2019
136,Damien Harris (BUF) ,4,12,3.0,13,0,0,0,0,0,0,0,0,2,1.2,0.6,60.2%,2019
137,Josh Adams (FA) ,8,12,1.5,10,0,0,0,0,0,0,0,0,3,1.2,0.4,0.0%,2019
138,Dexter Williams (FA) ,5,11,2.2,5,0,0,0,0,0,0,0,0,4,1.1,0.3,0.0%,2019
139,Buddy Howell (FA) ,5,10,2.0,4,0,0,0,0,0,0,0,0,16,1.0,0.1,0.0%,2019
140,Josh Ferguson (FA) ,3,9,3.0,7,0,0,0,0,0,0,0,0,2,0.9,0.5,0.0%,2019
141,John Kelly Jr. (CLE) ,3,9,3.0,6,0,0,0,0,0,0,0,0,5,0.9,0.2,0.2%,2019
142,Jordan Scarlett (FA) ,4,9,2.3,6,0,0,0,0,0,0,0,0,9,0.9,0.1,0.0%,2019
143,Ryan Nall (FA) ,2,8,4.0,7,0,0,0,0,0,0,0,0,8,0.8,0.1,0.0%,2019
144,Ricky Ortiz (FA) ,0,0,0,0,0,0,1,1,8,8.0,0,0,2,0.8,0.4,0.0%,2019
145,Tony Brooks-James (FA) ,8,7,0.9,8,0,0,0,0,0,0,0,0,3,0.7,0.2,0.0%,2019
146,De'Lance Turner (FA) ,4,6,1.5,5,0,0,0,0,0,0,0,0,9,0.6,0.1,0.1%,2019
147,Jakob Johnson (LV) ,0,0,0,0,0,0,1,2,5,5.0,0,0,4,0.5,0.1,0.1%,2019
148,Roosevelt Nix (FA) ,0,0,0,0,0,0,2,3,4,2.0,0,0,3,0.4,0.1,0.0%,2019
149,Alfred Morris (FA) ,1,4,4.0,4,0,0,0,0,0,0,0,0,1,0.4,0.4,0.0%,2019
150,Senorise Perry (FA) ,3,3,1.0,6,0,0,1,1,1,1.0,0,0,11,0.4,0.0,0.0%,2019
151,James Develin (FA) ,2,3,1.5,2,0,0,0,0,0,0,0,0,2,0.3,0.2,0.0%,2019
152,Craig Reynolds (DET) ,0,0,0,0,0,0,0,0,0,0,0,0,3,0.0,0.0,0.4%,2019
153,Austin Walter (LV) ,0,0,0,0,0,0,0,0,0,0,0,0,1,0.0,0.0,0.0%,2019
154,Andrew Beck (HOU) ,1,3,3.0,3,0,0,9,12,90,10.0,1,0,16,0.0,0.0,0.0%,2019
155,Cullen Gillaspia (FA) ,0,0,0,0,0,0,0,0,0,0,0,0,16,0.0,0.0,0.0%,2019
156,Chandler Cox (FA) ,0,0,0,0,0,0,0,0,0,0,0,0,13,0.0,0.0,0.0%,2019
157,Nick Bellore (SEA) ,0,0,0,0,0,0,2,2,23,11.5,1,0,14,0.0,0.0,21.1%,2019
158,DuJuan Harris (FA) ,0,0,0,0,0,0,0,0,0,0,0,0,1,0.0,0.0,0.0%,2019
159,Chris Ivory (FA) ,0,0,0,0,0,0,0,0,0,0,0,0,1,0.0,0.0,0.0%,2019
160,LeGarrette Blount (FA) ,0,0,0,0,0,0,0,0,0,0,0,0,1,0.0,0.0,0.1%,2019
161,Stevan Ridley (FA) ,0,0,0,0,0,0,0,0,0,0,0,0,1,0.0,0.0,0.0%,2019
162,Cordarrelle Patterson (ATL) ,17,103,6.1,46,3,0,11,17,83,7.5,0,0,16,0.0,0.0,23.8%,2019
163,Mike Gillislee (FA) ,0,0,0,0,0,0,0,0,0,0,0,0,1,0.0,0.0,0.0%,2019
164,Christine Michael (FA) ,0,0,0,0,0,0,0,0,0,0,0,0,1,0.0,0.0,0.0%,2019
165,Lamar Miller (FA) ,0,0,0,0,0,0,0,0,0,0,0,0,1,0.0,0.0,0.0%,2019
166,Robert Turbin (FA) ,0,0,0,0,0,0,0,0,0,0,0,0,2,0.0,0.0,0.0%,2019
167,Jamize Olawale (FA) ,0,0,0,0,0,0,0,2,0,0,0,0,16,0.0,0.0,0.0%,2019
168,Travaris Cadet (FA) ,0,0,0,0,0,0,0,0,0,0,0,0,1,0.0,0.0,0.0%,2019
169,Jamaal Charles (FA) ,0,0,0,0,0,0,0,0,0,0,0,0,1,0.0,0.0,0.1%,2019
170,Jonathan Stewart (FA) ,0,0,0,0,0,0,0,0,0,0,0,0,1,0.0,0.0,0.0%,2019
171,Trayveon Williams (CIN) ,0,0,0,0,0,0,0,0,0,0,0,0,11,0.0,0.0,0.7%,2019
172,Joe Williams (FA) ,0,0,0,0,0,0,0,0,0,0,0,0,1,0.0,0.0,0.0%,2019
173,Jeremy McNichols (FA) ,0,0,0,0,0,0,0,0,0,0,0,0,1,0.0,0.0,0.0%,2019
174,Tre Madden (FA) ,0,0,0,0,0,0,0,0,0,0,0,0,1,0.0,0.0,0.1%,2019
175,Brandin Bryant (FA) ,0,0,0,0,0,0,0,0,0,0,0,0,4,0.0,0.0,0.7%,2019
176,Justin Davis (FA) ,0,0,0,0,0,0,0,0,0,0,0,0,1,0.0,0.0,0.0%,2019
177,D.J. Foster (FA) ,0,0,0,0,0,0,0,0,0,0,0,0,6,0.0,0.0,0.0%,2019
178,Kenneth Dixon (FA) ,0,0,0,0,0,0,0,0,0,0,0,0,1,0.0,0.0,0.1%,2019
179,Alex Collins (FA) ,0,0,0,0,0,0,0,0,0,0,0,0,1,0.0,0.0,19.0%,2019
180,J.P. Holtz (FA) ,0,0,0,0,0,0,7,8,91,13.0,0,0,15,0.0,0.0,0.0%,2019
181,Bryce Love (FA) ,0,0,0,0,0,0,0,0,0,0,0,0,1,0.0,0.0,0.0%,2019
182,Lavon Coleman (FA) ,0,0,0,0,0,0,0,0,0,0,0,0,1,0.0,0.0,0.0%,2019
183,Donnie Ernsberger (FA) ,0,0,0,0,0,0,0,0,0,0,0,0,1,0.0,0.0,0.0%,2019
184,Jordan Chunn (FA) ,0,0,0,0,0,0,0,0,0,0,0,0,1,0.0,0.0,0.0%,2019
185,Detrez Newsome (FA) ,0,0,0,0,0,0,0,0,0,0,0,0,1,0.0,0.0,0.0%,2019
186,Trenton Cannon (FA) ,0,0,0,0,0,0,0,0,0,0,0,0,4,0.0,0.0,0.0%,2019
187,Jason Cabinda (DET) ,0,0,0,0,0,0,0,0,0,0,0,0,5,0.0,0.0,0.1%,2019
188,David Fluellen (FA) ,0,0,0,0,0,0,0,0,0,0,0,0,2,0.0,0.0,0.0%,2019
189,Jeremy Hill (FA) ,0,0,0,0,0,0,0,0,0,0,0,0,1,0.0,0.0,0.0%,2019
190,Derrick Coleman (FA) ,0,0,0,0,0,0,0,0,0,0,0,0,1,0.0,0.0,0.1%,2019
191,Michael Burton (DEN) ,0,0,0,0,0,0,0,1,0,0,0,0,11,0.0,0.0,0.1%,2019
192,Rod Smith (FA) ,0,0,0,0,0,0,0,0,0,0,0,0,7,0.0,0.0,0.0%,2019
193,Jeremy Langford (FA) ,0,0,0,0,0,0,0,0,0,0,0,0,1,0.0,0.0,0.0%,2019
194,Cameron Artis-Payne (FA) ,0,0,0,0,0,0,0,0,0,0,0,0,1,0.0,0.0,0.0%,2019
195,Corey Clement (ARI) ,0,0,0,0,0,0,0,0,0,0,0,2,4,-4.0,-1.0,0.3%,2019
1,Derrick Henry (TEN) ,378,"2,027",5.4,94,30,17,19,31,114,6.0,0,2,16,314.1,19.6,99.9%,2020
2,Alvin Kamara (NO) ,187,932,5.0,49,13,16,83,107,756,9.1,5,0,15,294.8,19.7,95.5%,2020
3,Dalvin Cook (FA) ,312,"1,557",5.0,70,12,16,44,54,361,8.2,1,3,14,293.8,21.0,97.5%,2020
4,Jonathan Taylor (IND) ,232,"1,169",5.0,62,15,11,36,40,299,8.3,1,1,15,216.8,14.5,99.8%,2020
5,Aaron Jones (GB) ,201,"1,104",5.5,77,17,9,47,63,355,7.6,2,0,14,211.9,15.1,98.4%,2020
6,David Montgomery (DET) ,247,"1,070",4.3,80,12,8,54,68,438,8.1,2,1,15,210.8,14.1,92.7%,2020
7,James Robinson (FA) ,240,"1,070",4.5,47,8,7,49,60,344,7.0,3,1,14,201.4,14.4,5.2%,2020
8,Josh Jacobs (LV) ,273,"1,065",3.9,28,3,12,33,45,238,7.2,0,2,15,198.3,13.2,99.9%,2020
9,Nick Chubb (CLE) ,190,"1,067",5.6,59,20,12,16,18,150,9.4,0,1,12,191.7,16.0,99.9%,2020
10,Kareem Hunt (FA) ,198,841,4.2,33,4,6,38,51,304,8.0,5,0,16,180.5,11.3,16.5%,2020
11,Ezekiel Elliott (FA) ,244,979,4.0,31,4,6,52,71,338,6.5,2,5,15,171.7,11.4,71.1%,2020
12,Kenyan Drake (FA) ,239,955,4.0,69,10,10,25,31,137,5.5,0,1,15,167.2,11.1,0.7%,2020
13,Melvin Gordon III (FA) ,215,986,4.6,65,10,9,32,44,158,4.9,1,4,15,166.4,11.1,0.7%,2020
14,Antonio Gibson (WAS) ,170,795,4.7,40,8,11,36,44,247,6.9,0,2,14,166.2,11.9,83.8%,2020
15,Ronald Jones II (DAL) ,192,978,5.1,98,11,7,28,42,165,5.9,1,2,14,158.3,11.3,2.2%,2020
16,Chris Carson (FA) ,141,681,4.8,29,3,5,37,46,287,7.8,4,0,12,150.8,12.6,0.3%,2020
17,J.K. Dobbins (BAL) ,134,805,6.0,72,15,9,18,24,120,6.7,0,0,15,150.5,10.0,94.3%,2020
18,Mike Davis (FA) ,165,642,3.9,25,2,6,59,70,373,6.3,2,1,15,147.5,9.8,1.0%,2020
19,David Johnson (FA) ,147,691,4.7,48,7,6,33,46,314,9.5,2,1,12,146.5,12.2,0.0%,2020
20,D'Andre Swift (PHI) ,114,521,4.6,54,4,8,46,57,357,7.8,2,2,13,143.8,11.1,93.7%,2020
21,Miles Sanders (CAR) ,164,867,5.3,82,13,6,28,52,197,7.0,0,2,12,142.4,11.9,96.0%,2020
22,Clyde Edwards-Helaire (KC) ,181,803,4.4,31,4,4,36,54,297,8.3,1,0,13,140.0,10.8,21.5%,2020
23,Todd Gurley II (FA) ,195,678,3.5,35,3,9,25,35,164,6.6,0,0,15,138.2,9.2,0.1%,2020
24,Nyheim Hines (BUF) ,89,380,4.3,31,4,3,63,76,482,7.7,4,0,16,130.2,8.1,3.0%,2020
25,James Conner (ARI) ,169,721,4.3,59,8,6,35,43,215,6.1,0,0,13,129.6,10.0,95.3%,2020
26,Jeff Wilson Jr. (MIA) ,126,600,4.8,34,4,7,13,28,133,10.2,3,2,12,129.3,10.8,72.7%,2020
27,Myles Gaskin (MIA) ,142,584,4.1,26,3,3,41,47,388,9.5,2,2,10,123.2,12.3,0.6%,2020
28,Gus Edwards (BAL) ,144,723,5.0,36,10,6,9,13,129,14.3,0,1,16,119.2,7.5,11.5%,2020
29,Wayne Gallman Jr. (FA) ,147,682,4.6,60,6,6,21,27,114,5.4,0,0,15,115.6,7.7,0.0%,2020
30,Chase Edmonds (TB) ,97,448,4.6,32,5,1,53,67,402,7.6,4,0,16,115.0,7.2,3.5%,2020
31,Darrell Henderson Jr. (FA) ,138,624,4.5,40,6,5,16,24,159,9.9,1,0,15,114.3,7.6,0.7%,2020
32,Latavius Murray (BUF) ,146,656,4.5,36,4,4,23,26,176,7.7,1,0,15,113.2,7.5,2.4%,2020
33,Adrian Peterson (FA) ,156,604,3.9,38,5,7,12,18,101,8.4,0,0,16,112.5,7.0,2.1%,2020
34,J.D. McKissic (FA) ,85,365,4.3,17,0,1,80,110,589,7.4,2,1,16,111.4,7.0,0.6%,2020
35,Austin Ekeler (LAC) ,116,530,4.6,27,2,1,54,65,403,7.5,2,0,10,111.3,11.1,100.0%,2020
36,Giovani Bernard (FA) ,124,416,3.4,15,0,3,47,59,355,7.6,3,1,16,111.1,6.9,0.0%,2020
37,Devin Singletary (HOU) ,156,687,4.4,51,6,2,38,50,269,7.1,0,1,16,105.6,6.6,66.9%,2020
38,Jamaal Williams (NO) ,119,505,4.2,25,1,2,31,35,236,7.6,1,0,14,96.1,6.9,88.9%,2020
39,Leonard Fournette (FA) ,97,367,3.8,46,5,6,36,47,233,6.5,0,0,13,96.0,7.4,24.1%,2020
40,Jerick McKinnon (KC) ,81,319,3.9,55,4,5,33,46,253,7.7,1,0,16,93.2,5.8,56.3%,2020
41,Tony Pollard (DAL) ,101,435,4.3,42,8,4,28,40,193,6.9,1,0,16,92.8,5.8,99.7%,2020
42,Cam Akers (LAR) ,145,625,4.3,61,10,2,11,14,123,11.2,1,1,12,90.8,7.6,93.2%,2020
43,Zack Moss (IND) ,112,481,4.3,31,5,4,14,18,95,6.8,1,0,13,87.6,6.7,2.1%,2020
44,Damien Harris (BUF) ,137,691,5.0,41,6,2,5,7,52,10.4,0,0,10,86.3,8.6,60.2%,2020
45,Malcolm Brown (FA) ,101,419,4.1,19,0,5,23,33,162,7.0,0,1,16,86.1,5.4,0.0%,2020
46,Frank Gore (FA) ,187,653,3.5,17,0,2,16,19,89,5.6,0,1,15,84.2,5.6,12.1%,2020
47,Raheem Mostert (MIA) ,104,521,5.0,80,6,2,16,19,156,9.8,1,1,8,83.7,10.5,69.9%,2020
48,Rex Burkhead (FA) ,67,274,4.1,18,0,3,25,33,192,7.7,3,0,10,82.6,8.3,5.1%,2020
49,Joe Mixon (CIN) ,119,428,3.6,34,4,3,21,26,138,6.6,1,1,6,78.6,13.1,98.2%,2020
50,Alexander Mattison (MIN) ,96,434,4.5,25,4,2,13,15,125,9.6,1,0,13,73.9,5.7,83.0%,2020
51,Christian McCaffrey (SF) ,59,225,3.8,15,0,5,17,19,149,8.8,1,0,3,73.4,24.5,100.0%,2020
52,Boston Scott (PHI) ,80,374,4.7,56,5,1,25,36,212,8.5,1,0,16,70.6,4.4,1.4%,2020
53,Brian Hill (FA) ,100,465,4.7,62,7,1,25,30,199,8.0,0,1,16,70.4,4.4,0.0%,2020
54,Carlos Hyde (FA) ,81,356,4.4,50,5,4,16,20,93,5.8,0,0,10,68.9,6.9,0.0%,2020
55,Devontae Booker (FA) ,93,423,4.5,43,6,3,17,21,84,4.9,0,0,16,68.7,4.3,0.0%,2020
56,Sony Michel (FA) ,79,449,5.7,48,7,1,7,9,114,16.3,1,0,9,68.3,7.6,1.1%,2020
57,James White (FA) ,35,121,3.5,10,0,2,49,62,375,7.7,1,0,14,67.6,4.8,0.1%,2020
58,Benny Snell Jr. (FA) ,111,368,3.3,30,4,4,10,14,61,6.1,0,1,16,64.9,4.1,1.1%,2020
59,Kalen Ballage (FA) ,91,303,3.3,17,0,3,29,37,166,5.7,0,0,11,64.9,5.9,0.0%,2020
60,Kyle Juszczyk (SF) ,17,64,3.8,10,0,2,19,29,202,10.6,4,0,16,62.6,3.9,0.5%,2020
61,Phillip Lindsay (FA) ,118,502,4.3,55,9,1,7,14,28,4.0,0,0,11,59.0,5.4,0.0%,2020
62,Le'Veon Bell (FA) ,82,328,4.0,16,0,2,16,20,138,8.6,0,0,11,58.6,5.3,0.1%,2020
63,Joshua Kelley (LAC) ,111,354,3.2,33,4,2,23,23,148,6.4,0,2,14,58.2,4.2,3.8%,2020
64,Salvon Ahmed (MIA) ,75,319,4.3,31,2,3,11,14,61,5.5,0,0,6,58.0,9.7,0.1%,2020
65,Duke Johnson Jr. (FA) ,77,235,3.1,23,1,1,28,35,249,8.9,1,2,11,56.4,5.1,0.0%,2020
66,Samaje Perine (DEN) ,63,301,4.8,46,3,3,11,12,66,6.0,0,0,16,54.7,3.4,83.0%,2020
67,Kerryon Johnson (FA) ,52,181,3.5,14,0,2,19,26,187,9.8,1,1,16,52.8,3.3,0.0%,2020
68,Peyton Barber (FA) ,94,258,2.7,15,0,4,4,7,12,3.0,0,0,16,51.0,3.2,1.0%,2020
69,Jordan Wilkins (FA) ,84,308,3.7,22,1,1,12,16,105,8.8,0,0,15,49.3,3.3,0.0%,2020
70,Ty Johnson (FA) ,54,254,4.7,34,2,1,16,21,99,6.2,1,0,13,47.3,3.6,0.6%,2020
71,Mark Ingram II (FA) ,72,299,4.2,30,3,2,6,8,50,8.3,0,0,11,46.9,4.3,0.6%,2020
72,Justin Jackson (FA) ,59,270,4.6,36,5,0,19,24,173,9.1,0,0,9,46.3,5.1,0.1%,2020
73,La'Mical Perine (KC) ,64,232,3.6,20,1,2,11,15,63,5.7,0,0,10,41.5,4.2,0.3%,2020
74,Ito Smith (FA) ,63,268,4.3,24,1,1,17,26,75,4.4,0,0,14,40.3,2.9,0.0%,2020
75,DeeJay Dallas (SEA) ,34,108,3.2,13,0,2,17,20,111,6.5,1,0,12,39.9,3.3,0.8%,2020
76,AJ Dillon (GB) ,46,242,5.3,30,3,2,2,2,21,10.5,0,0,11,38.3,3.5,88.8%,2020
77,Dion Lewis (FA) ,29,115,4.0,19,0,2,19,30,127,6.7,1,2,16,38.2,2.4,2.0%,2020
78,Alfred Morris (FA) ,55,238,4.3,20,1,1,3,4,19,6.3,1,0,9,37.7,4.2,0.0%,2020
79,Darrel Williams (FA) ,39,169,4.3,13,0,1,18,26,116,6.4,0,0,16,36.5,2.3,1.1%,2020
80,Matt Breida (NYG) ,59,254,4.3,24,1,0,9,10,96,10.7,0,1,12,33.0,2.8,1.0%,2020
81,Jalen Richard (FA) ,22,123,5.6,20,1,1,19,23,138,7.3,0,0,13,32.1,2.5,1.0%,2020
82,Jeremy McNichols (FA) ,47,204,4.3,20,1,1,12,17,55,4.6,0,0,16,31.9,2.0,0.0%,2020
83,Josh Adams (FA) ,29,157,5.4,25,1,2,6,8,29,4.8,0,0,8,30.6,3.8,0.0%,2020
84,Jordan Howard (FA) ,35,60,1.7,11,0,4,1,1,-3,-3.0,0,0,7,29.7,4.2,0.0%,2020
85,Devonta Freeman (FA) ,54,172,3.2,14,0,1,7,10,58,8.3,0,0,5,29.0,5.8,0.0%,2020
86,Rodney Smith (FA) ,41,156,3.8,13,0,1,9,11,59,6.6,0,0,7,27.5,3.9,0.0%,2020
87,Darwin Thompson (FA) ,27,97,3.6,14,0,1,7,11,65,9.3,1,1,13,26.2,2.0,0.0%,2020
88,Royce Freeman (FA) ,35,170,4.9,23,2,0,12,13,81,6.8,0,0,16,25.1,1.6,1.0%,2020
89,JaMycal Hasty (JAC) ,39,148,3.8,20,1,1,7,8,33,4.7,0,0,8,24.1,3.0,1.0%,2020
90,Travis Homer (CHI) ,25,88,3.5,12,0,0,9,10,90,10.0,1,0,9,23.8,2.6,0.7%,2020
91,Chris Thompson (FA) ,7,20,2.9,5,0,0,20,23,146,7.3,1,0,8,22.6,2.8,0.0%,2020
92,Ameer Abdullah (LV) ,8,42,5.3,13,0,0,8,9,58,7.3,2,0,16,22.0,1.4,0.8%,2020
93,Antonio Williams (FA) ,12,63,5.3,18,0,2,1,1,20,20.0,0,0,1,20.3,20.3,0.0%,2020
94,Alex Collins (FA) ,18,77,4.3,13,0,2,1,2,4,4.0,0,0,3,20.1,6.7,19.0%,2020
95,Dare Ogunbowale (HOU) ,32,145,4.5,25,1,0,10,20,54,5.4,0,0,14,19.9,1.4,0.1%,2020
96,Ke'Shawn Vaughn (TB) ,26,109,4.2,19,0,0,5,10,34,6.8,1,1,10,18.3,1.8,0.6%,2020
97,D'Ernest Johnson (JAC) ,33,166,5.0,28,3,0,3,4,14,4.7,0,0,16,18.0,1.1,0.7%,2020
98,C.J. Ham (MIN) ,5,18,3.6,10,0,0,8,14,97,12.1,1,0,15,17.5,1.2,0.1%,2020
99,Alec Ingold (MIA) ,3,4,1.3,3,0,0,12,17,110,9.2,1,0,16,17.4,1.1,0.2%,2020
100,Trayveon Williams (CIN) ,26,157,6.0,55,4,0,5,5,30,6.0,0,1,10,16.7,1.7,0.7%,2020
101,Anthony McFarland Jr. (PIT) ,33,113,3.4,20,1,0,6,10,54,9.0,0,0,11,16.7,1.5,0.2%,2020
102,D'Onta Foreman (CHI) ,22,95,4.3,15,0,0,1,1,5,5.0,1,0,6,16.0,2.7,44.9%,2020
103,Corey Clement (ARI) ,21,75,3.6,7,0,1,5,6,25,5.0,0,0,15,16.0,1.1,0.3%,2020
104,Gabe Nabers (FA) ,2,7,3.5,4,0,0,5,7,25,5.0,2,0,16,15.2,1.0,0.0%,2020
105,T.J. Yeldon (FA) ,10,70,7.0,34,2,0,1,4,22,22.0,1,0,3,15.2,5.1,0.0%,2020
106,Tyler Ervin (FA) ,13,67,5.2,21,1,0,11,15,84,7.6,0,0,8,15.1,1.9,0.0%,2020
107,Reggie Bonnafon (FA) ,12,69,5.8,22,1,0,2,2,18,9.0,1,0,2,14.7,7.4,0.0%,2020
108,Darrynton Evans (FA) ,14,54,3.9,9,0,0,2,4,27,13.5,1,0,5,14.1,2.8,0.0%,2020
109,LeSean McCoy (FA) ,10,31,3.1,14,0,0,15,19,101,6.7,0,0,10,13.2,1.3,2.0%,2020
110,Mike Boone (HOU) ,11,59,5.4,19,0,1,2,2,10,5.0,0,0,16,12.9,0.8,0.7%,2020
111,Ty Montgomery (NE) ,19,101,5.3,36,2,0,3,6,27,9.0,0,0,6,12.8,2.1,0.2%,2020
112,Ryan Nall (FA) ,3,0,0.0,0,0,0,8,9,67,8.4,1,0,15,12.7,0.8,0.0%,2020
113,DeAndre Washington (FA) ,31,91,2.9,16,0,0,5,10,30,6.0,0,0,4,12.1,3.0,11.0%,2020
114,Patrick Laird (TB) ,13,72,5.5,17,0,0,10,12,68,6.8,0,1,16,12.0,0.8,0.1%,2020
115,Troymaine Pope (FA) ,15,76,5.1,26,1,0,8,10,42,5.3,0,0,6,11.8,2.0,0.0%,2020
116,Tarik Cohen (FA) ,14,74,5.3,17,0,0,6,9,41,6.8,0,0,3,11.5,3.8,0.0%,2020
117,J.J. Taylor (NE) ,23,110,4.8,28,1,0,1,2,4,4.0,0,0,6,11.4,1.9,0.1%,2020
118,Jakob Johnson (LV) ,0,0,0,0,0,0,8,9,35,4.4,1,0,16,9.5,0.6,0.1%,2020
119,Artavis Pierce (FA) ,6,34,5.7,23,1,1,0,0,0,0,0,0,5,9.4,1.9,0.0%,2020
120,Saquon Barkley (NYG) ,19,34,1.8,18,0,0,6,9,60,10.0,0,0,2,9.4,4.7,99.9%,2020
121,Tevin Coleman (FA) ,28,53,1.9,12,0,0,4,5,34,8.5,0,0,8,8.7,1.1,0.0%,2020
122,Patrick Ricard (BAL) ,1,-1,-1.0,0,0,0,9,12,45,5.0,1,1,15,8.4,0.6,0.1%,2020
123,Justice Hill (BAL) ,12,60,5.0,19,0,0,5,5,20,4.0,0,0,12,8.0,0.7,0.7%,2020
124,C.J. Prosise (FA) ,10,19,1.9,7,0,0,5,5,18,3.6,1,1,10,7.7,0.8,0.0%,2020
125,Reggie Gilliam (BUF) ,0,0,0,0,0,0,2,2,16,8.0,1,0,14,7.6,0.5,0.1%,2020
126,Jaylen Samuels (FA) ,9,28,3.1,6,0,0,9,14,46,5.1,0,0,14,7.4,0.5,0.0%,2020
127,Anthony Sherman (FA) ,3,8,2.7,6,0,0,1,2,5,5.0,1,0,12,7.3,0.6,0.0%,2020
128,Jonathan Ward (TEN) ,0,0,0,0,0,0,1,1,11,11.0,1,0,14,7.1,0.5,0.0%,2020
129,Buddy Howell (FA) ,16,64,4.0,9,0,0,1,2,3,3.0,0,0,14,6.7,0.5,0.0%,2020
130,Keith Smith (ATL) ,4,7,1.8,3,0,0,11,15,59,5.4,0,0,16,6.6,0.4,0.1%,2020
131,Theo Riddick (FA) ,6,14,2.3,11,0,0,5,6,43,8.6,0,0,5,5.7,1.1,0.0%,2020
132,Marlon Mack (FA) ,4,26,6.5,18,0,0,3,3,30,10.0,0,0,1,5.6,5.6,3.1%,2020
133,Dontrell Hilliard (FA) ,9,48,5.3,19,0,0,1,1,2,2.0,0,0,7,5.0,0.7,0.6%,2020
134,Trenton Cannon (FA) ,10,33,3.3,13,0,0,3,3,16,5.3,0,0,14,4.9,0.4,0.0%,2020
135,Michael Burton (DEN) ,7,18,2.6,7,0,0,4,4,28,7.0,0,0,15,4.6,0.3,0.1%,2020
136,Devine Ozigbo (FA) ,1,1,1.0,1,0,0,9,9,42,4.7,0,0,8,4.3,0.5,0.0%,2020
137,Khari Blasingame (CHI) ,0,0,0,0,0,0,4,5,39,9.8,0,0,15,3.9,0.3,0.0%,2020
138,Elijhaa Penny (FA) ,6,15,2.5,5,0,0,2,3,20,10.0,0,0,14,3.5,0.3,0.0%,2020
139,Rashaad Penny (PHI) ,11,34,3.1,7,0,0,0,0,0,0,0,0,3,3.4,1.1,86.6%,2020
140,Bo Scarbrough (FA) ,6,31,5.2,12,0,0,0,0,0,0,0,0,1,3.1,3.1,0.0%,2020
141,Austin Walter (LV) ,1,3,3.0,3,0,0,1,1,27,27.0,0,0,4,3.0,0.8,0.0%,2020
142,Alex Armah Jr. (WAS) ,6,9,1.5,3,0,0,5,9,18,3.6,0,0,16,2.7,0.2,0.0%,2020
143,Rico Dowdle (DAL) ,7,24,3.4,7,0,0,0,0,0,0,0,0,15,2.4,0.2,0.1%,2020
144,Jason Huntley (PIT) ,5,19,3.8,10,0,0,1,2,0,0.0,0,0,5,1.9,0.4,0.1%,2020
145,Andy Janovich (FA) ,2,4,2.0,2,0,0,2,5,13,6.5,0,0,14,1.7,0.1,0.0%,2020
146,LeVante Bellamy (FA) ,4,11,2.8,8,0,0,1,1,5,5.0,0,0,5,1.6,0.3,0.0%,2020
147,Scottie Phillips (FA) ,2,9,4.5,5,0,0,1,1,7,7.0,0,0,8,1.6,0.2,0.0%,2020
148,Dwayne Washington (FA) ,8,15,1.9,5,0,0,0,0,0,0,0,0,11,1.5,0.1,0.0%,2020
149,Tony Jones Jr. (DEN) ,3,13,4.3,6,0,0,0,0,0,0,0,0,1,1.3,1.3,0.4%,2020
150,D.J. Foster (FA) ,2,2,1.0,2,0,0,1,1,7,7.0,0,0,10,0.9,0.1,0.0%,2020
151,Senorise Perry (FA) ,2,9,4.5,6,0,0,0,0,0,0,0,0,7,0.9,0.1,0.0%,2020
152,Chandler Cox (FA) ,0,0,0,0,0,0,2,2,9,4.5,0,0,8,0.9,0.1,0.0%,2020
153,Dexter Williams (FA) ,2,8,4.0,5,0,0,0,0,0,0,0,0,3,0.8,0.3,0.0%,2020
154,Craig Reynolds (DET) ,1,4,4.0,4,0,0,1,1,3,3.0,0,0,2,0.7,0.4,0.4%,2020
155,Cullen Gillaspia (FA) ,0,0,0,0,0,0,1,1,6,6.0,0,0,7,0.6,0.1,0.0%,2020
156,Jonathan Williams (WAS) ,1,5,5.0,5,0,0,4,4,21,5.3,0,1,5,0.6,0.1,0.2%,2020
157,Lamar Miller (FA) ,0,0,0,0,0,0,2,2,6,3.0,0,0,1,0.6,0.6,0.0%,2020
158,Tony Brooks-James (FA) ,3,4,1.3,4,0,0,0,0,0,0,0,0,1,0.4,0.4,0.0%,2020
159,Qadree Ollison (JAC) ,1,3,3.0,3,0,0,0,0,0,0,0,0,3,0.3,0.1,0.0%,2020
160,Chris Myarick (NYG) ,0,0,0,0,0,0,0,0,0,0,0,0,3,0.0,0.0,0.0%,2020
161,Javon Leake (FA) ,0,0,0,0,0,0,0,0,0,0,0,0,1,0.0,0.0,0.0%,2020
162,Michael Warren II (FA) ,0,0,0,0,0,0,0,0,0,0,0,0,1,0.0,0.0,0.0%,2020
163,Jeremy Cox (FA) ,0,0,0,0,0,0,0,0,0,0,0,0,7,0.0,0.0,0.0%,2020
164,Andrew Beck (HOU) ,0,0,0,0,0,0,0,0,0,0,0,0,10,0.0,0.0,0.0%,2020
165,John Lovett (MIA) ,3,6,2.0,4,0,0,0,0,0,0,0,0,8,0.0,0.0,0.0%,2020
166,Nathan Cottrell (FA) ,0,0,0,0,0,0,0,0,0,0,0,0,8,0.0,0.0,0.0%,2020
167,Jake Bargas (NO) ,0,0,0,0,0,0,0,0,0,0,0,0,1,0.0,0.0,0.0%,2020
168,Raymond Calais (FA) ,0,0,0,0,0,0,0,0,0,0,0,0,4,0.0,0.0,0.0%,2020
169,Xavier Jones (FA) ,0,0,0,0,0,0,0,0,0,0,0,0,13,0.0,0.0,0.0%,2020
170,Darius Bradwell (FA) ,0,0,0,0,0,0,0,0,0,0,0,0,2,0.0,0.0,0.0%,2020
171,Sewo Olonilua (FA) ,0,0,0,0,0,0,0,0,0,0,0,0,2,0.0,0.0,0.0%,2020
172,Bruce Miller (FA) ,0,0,0,0,0,0,1,2,2,2.0,0,0,8,0.0,0.0,0.0%,2020
173,Nick Bellore (SEA) ,1,5,5.0,5,0,0,1,1,9,9.0,0,0,16,0.0,0.0,21.1%,2020
174,Taiwan Jones (FA) ,0,0,0,0,0,0,0,2,0,0,0,0,13,0.0,0.0,0.0%,2020
175,Cordarrelle Patterson (ATL) ,64,232,3.6,13,0,1,21,25,132,6.3,0,0,16,0.0,0.0,23.8%,2020
176,Kenjon Barner (FA) ,0,0,0,0,0,0,0,1,0,0,0,0,6,0.0,0.0,0.0%,2020
177,Brandin Bryant (FA) ,0,0,0,0,0,0,0,0,0,0,0,0,1,0.0,0.0,0.7%,2020
178,Derek Watt (FA) ,0,0,0,0,0,0,0,0,0,0,0,0,12,0.0,0.0,0.1%,2020
179,Wendell Smallwood (FA) ,0,0,0,0,0,0,0,0,0,0,0,0,1,0.0,0.0,0.0%,2020
180,J.P. Holtz (FA) ,0,0,0,0,0,0,0,1,0,0,0,0,16,0.0,0.0,0.0%,2020
181,Johnny Stanton IV (FA) ,0,0,0,0,0,0,0,0,0,0,0,0,1,0.0,0.0,0.0%,2020
182,Elijah Holyfield (FA) ,0,0,0,0,0,0,0,0,0,0,0,0,1,0.0,0.0,0.0%,2020
183,Trey Edmunds (FA) ,0,0,0,0,0,0,0,0,0,0,0,0,4,0.0,0.0,0.0%,2020
184,Jason Cabinda (DET) ,1,0,0.0,0,0,0,2,3,8,4.0,0,0,16,0.0,0.0,0.1%,2020
185,Adrian Killins Jr. (FA) ,1,-12,-12.0,0,0,0,1,1,2,2.0,0,0,1,-1.0,-1.0,0.0%,2020
1,Jonathan Taylor (IND) ,332,"1,811",5.5,83,30,18,40,51,360,9.0,2,2,17,333.1,19.6,99.8%,2021
2,Austin Ekeler (LAC) ,206,911,4.4,28,3,12,70,94,647,9.2,8,3,16,273.8,17.1,100.0%,2021
3,Joe Mixon (CIN) ,292,"1,205",4.1,32,7,13,42,48,314,7.5,3,1,16,245.9,15.4,98.2%,2021
4,Najee Harris (PIT) ,307,"1,200",3.9,37,8,7,74,94,467,6.3,3,0,17,226.7,13.3,99.3%,2021
5,James Conner (ARI) ,202,752,3.7,35,4,15,37,39,375,10.1,3,0,15,220.7,14.7,95.3%,2021
6,Ezekiel Elliott (FA) ,237,"1,002",4.2,47,5,10,47,65,287,6.1,2,1,17,205.1,12.1,71.1%,2021
7,Nick Chubb (CLE) ,228,"1,259",5.5,70,20,8,20,25,174,8.7,1,1,14,195.3,14.0,99.9%,2021
8,Damien Harris (BUF) ,202,929,4.6,64,14,15,18,20,132,7.3,0,2,15,192.1,12.8,60.2%,2021
9,Alvin Kamara (NO) ,240,898,3.7,30,4,4,47,67,439,9.3,5,0,13,187.7,14.4,95.5%,2021
10,Antonio Gibson (WAS) ,258,"1,037",4.0,27,4,7,42,52,294,7.0,3,4,16,187.1,11.7,83.8%,2021
11,Leonard Fournette (FA) ,180,812,4.5,47,7,8,69,84,454,6.6,2,0,14,186.6,13.3,24.1%,2021
12,Cordarrelle Patterson (ATL) ,153,618,4.0,39,3,6,52,69,548,10.5,5,0,16,182.6,11.4,23.8%,2021
13,Aaron Jones (GB) ,171,799,4.7,57,8,4,52,65,391,7.5,6,1,15,177.0,11.8,98.4%,2021
14,Derrick Henry (TEN) ,219,937,4.3,76,9,10,18,20,154,8.6,0,0,8,175.3,21.9,99.9%,2021
15,Dalvin Cook (FA) ,249,"1,159",4.7,66,14,6,34,49,224,6.6,0,2,13,172.3,13.3,97.5%,2021
16,Josh Jacobs (LV) ,217,872,4.0,28,2,9,54,64,348,6.4,0,2,15,172.0,11.5,99.9%,2021
17,Melvin Gordon III (FA) ,203,918,4.5,70,8,8,28,38,213,7.6,2,3,16,167.2,10.5,0.7%,2021
18,Javonte Williams (DEN) ,203,903,4.4,49,11,4,43,53,316,7.3,3,1,17,161.9,9.5,89.5%,2021
19,Devin Singletary (HOU) ,188,870,4.6,46,10,7,40,50,228,5.7,1,0,17,157.8,9.3,66.9%,2021
20,David Montgomery (DET) ,225,849,3.8,41,7,7,42,51,301,7.2,0,1,14,154.0,11.0,92.7%,2021
21,AJ Dillon (GB) ,187,803,4.3,36,3,5,34,37,313,9.2,2,1,17,151.6,8.9,88.8%,2021
22,Darrel Williams (FA) ,144,558,3.9,21,1,6,47,57,452,9.6,2,0,17,149.0,8.8,1.1%,2021
23,D'Andre Swift (PHI) ,151,617,4.1,57,7,5,62,78,452,7.3,2,1,13,146.9,11.3,93.7%,2021
24,Elijah Mitchell (SF) ,207,963,4.7,39,9,5,19,20,137,7.2,1,0,12,146.0,12.2,55.7%,2021
25,James Robinson (FA) ,164,767,4.7,58,7,8,31,46,222,7.2,0,2,14,142.9,10.2,5.2%,2021
26,Darrell Henderson Jr. (FA) ,149,688,4.6,29,1,5,29,40,176,6.1,3,0,12,134.4,11.2,0.7%,2021
27,Sony Michel (FA) ,208,845,4.1,39,3,4,21,33,128,6.1,1,1,17,125.3,7.4,1.1%,2021
28,Myles Gaskin (MIA) ,173,612,3.5,30,3,3,49,63,234,4.8,4,1,17,124.6,7.3,0.6%,2021
29,Tony Pollard (DAL) ,130,719,5.5,58,8,2,39,46,337,8.6,0,0,15,123.6,8.2,99.7%,2021
30,Michael Carter (NYJ) ,147,639,4.3,55,8,4,36,55,325,9.0,0,1,14,118.4,8.5,21.7%,2021
31,Rashaad Penny (PHI) ,119,749,6.3,62,20,6,6,8,48,8.0,0,0,10,115.7,11.6,86.6%,2021
32,Chuba Hubbard (CAR) ,172,612,3.6,26,3,5,25,37,174,7.0,1,1,16,112.6,7.0,34.8%,2021
33,Devonta Freeman (FA) ,133,576,4.3,32,6,5,34,42,190,5.6,1,0,16,112.6,7.0,0.0%,2021
34,Saquon Barkley (NYG) ,162,593,3.7,41,6,2,41,57,263,6.4,2,1,14,107.6,7.7,99.9%,2021
35,Devontae Booker (FA) ,145,593,4.1,31,4,2,40,45,268,6.7,1,0,16,104.1,6.5,0.0%,2021
36,Rhamondre Stevenson (NE) ,133,606,4.6,21,1,5,14,18,123,8.8,0,1,12,100.9,8.4,98.8%,2021
37,Chase Edmonds (TB) ,116,592,5.1,54,8,2,43,53,311,7.2,0,1,12,100.3,8.4,3.5%,2021
38,Clyde Edwards-Helaire (KC) ,119,517,4.3,17,0,4,19,23,118,6.2,2,2,10,97.5,9.8,21.5%,2021
39,Mike Davis (FA) ,138,503,3.6,18,0,3,44,58,259,5.9,1,3,17,94.2,5.5,1.0%,2021
40,Alexander Mattison (MIN) ,134,491,3.7,48,4,3,32,39,228,7.1,1,1,16,93.9,5.9,83.0%,2021
41,Jamaal Williams (NO) ,153,601,3.9,20,1,3,26,28,157,6.0,0,0,13,93.8,7.2,88.9%,2021
42,Latavius Murray (BUF) ,119,501,4.2,46,5,6,10,13,75,7.5,0,0,14,93.6,6.7,2.4%,2021
43,Miles Sanders (CAR) ,137,754,5.5,38,9,0,26,34,158,6.1,0,1,12,91.2,7.6,96.0%,2021
44,Christian McCaffrey (SF) ,99,442,4.5,18,0,1,37,41,343,9.3,1,0,7,90.5,12.9,100.0%,2021
45,Kenneth Gainwell (PHI) ,68,291,4.3,18,0,5,33,50,253,7.7,1,1,16,90.4,5.7,30.1%,2021
46,Kareem Hunt (FA) ,78,386,4.9,33,3,5,22,27,174,7.9,0,0,8,88.0,11.0,16.5%,2021
47,Boston Scott (PHI) ,87,373,4.3,23,2,7,13,16,83,6.4,0,1,11,85.6,7.8,1.4%,2021
48,D'Ernest Johnson (JAC) ,100,534,5.3,30,5,3,19,25,137,7.2,0,0,13,85.1,6.5,0.7%,2021
49,D'Onta Foreman (CHI) ,133,566,4.3,35,6,3,9,11,123,13.7,0,1,9,84.9,9.4,44.9%,2021
50,J.D. McKissic (FA) ,48,212,4.4,15,0,2,43,53,397,9.2,2,0,11,84.9,7.7,0.6%,2021
51,Brandon Bolden (LV) ,44,226,5.1,24,2,1,41,49,405,9.9,2,0,16,83.1,5.2,0.2%,2021
52,Ty Johnson (FA) ,61,238,3.9,24,2,2,34,55,372,10.9,2,1,15,83.0,5.5,0.6%,2021
53,Zack Moss (IND) ,96,345,3.6,17,0,4,23,32,197,8.6,1,1,13,82.2,6.3,2.1%,2021
54,Mark Ingram II (FA) ,160,554,3.5,28,2,2,27,35,162,6.0,0,1,14,81.6,5.8,0.6%,2021
55,Rex Burkhead (FA) ,122,427,3.5,36,3,3,25,32,186,7.4,0,0,15,79.3,5.3,5.1%,2021
56,Nyheim Hines (BUF) ,56,276,4.9,34,3,2,40,57,310,7.8,1,2,17,72.6,4.3,3.0%,2021
57,Kenyan Drake (FA) ,63,254,4.0,21,1,2,30,40,291,9.7,1,0,12,72.5,6.0,0.7%,2021
58,Ronald Jones II (DAL) ,101,428,4.2,30,2,4,10,13,64,6.4,0,2,15,69.2,4.6,2.2%,2021
59,Khalil Herbert (CHI) ,103,433,4.2,29,4,2,14,16,96,6.9,0,0,16,64.9,4.1,85.9%,2021
60,Justin Jackson (FA) ,68,364,5.4,75,5,2,22,25,178,8.1,0,1,14,64.2,4.6,0.1%,2021
61,Jordan Howard (FA) ,86,406,4.7,25,1,3,2,5,19,9.5,0,0,7,60.5,8.6,0.0%,2021
62,Alex Collins (FA) ,108,411,3.8,25,2,2,9,10,87,9.7,0,1,11,59.8,5.4,19.0%,2021
63,Samaje Perine (DEN) ,55,246,4.5,46,4,1,27,31,196,7.3,1,0,15,56.2,3.7,83.0%,2021
64,Duke Johnson Jr. (FA) ,71,330,4.6,27,1,3,4,5,41,10.3,0,0,5,55.1,11.0,0.0%,2021
65,Dontrell Hilliard (FA) ,56,350,6.3,68,6,2,19,26,87,4.6,0,1,8,53.7,6.7,0.6%,2021
66,Ameer Abdullah (LV) ,51,166,3.3,15,0,0,38,53,289,7.6,1,0,17,51.5,3.0,0.8%,2021
67,David Johnson (FA) ,67,228,3.4,15,0,0,32,42,225,7.0,1,1,13,49.3,3.8,0.0%,2021
68,Derrick Gore (FA) ,51,256,5.0,51,5,2,8,9,105,13.1,0,0,8,48.1,6.0,0.0%,2021
69,Jaret Patterson (WAS) ,68,266,3.9,13,0,2,10,12,73,7.3,0,0,14,45.9,3.3,0.1%,2021
70,Travis Homer (CHI) ,21,177,8.4,73,5,1,16,20,161,10.1,0,0,14,45.8,3.3,0.7%,2021
71,Jeremy McNichols (FA) ,41,156,3.8,14,0,0,28,38,240,8.6,1,0,13,45.6,3.5,0.0%,2021
72,Damien Williams (FA) ,40,164,4.1,23,1,2,16,23,103,6.4,1,0,12,44.7,3.7,0.1%,2021
73,Jeff Wilson Jr. (MIA) ,79,294,3.7,17,0,2,7,8,31,4.4,0,0,9,44.5,4.9,72.7%,2021
74,Kyle Juszczyk (SF) ,8,22,2.8,6,0,1,30,38,296,9.9,1,0,15,43.8,2.9,0.5%,2021
75,Chris Carson (FA) ,54,232,4.3,33,4,3,6,6,29,4.8,0,1,4,42.1,10.5,0.3%,2021
76,Phillip Lindsay (FA) ,88,249,2.8,35,2,1,4,5,45,11.3,1,0,14,41.4,3.0,0.0%,2021
77,Tevin Coleman (FA) ,84,356,4.2,20,1,0,11,16,49,4.5,0,0,11,40.5,3.7,0.0%,2021
78,Peyton Barber (FA) ,55,212,3.9,27,1,2,10,13,67,6.7,0,0,10,39.9,4.0,1.0%,2021
79,DeeJay Dallas (SEA) ,33,138,4.2,15,0,2,21,23,133,6.3,0,0,17,39.1,2.3,0.8%,2021
80,Dare Ogunbowale (HOU) ,43,137,3.2,12,0,1,13,21,114,8.8,1,0,13,37.1,2.9,0.1%,2021
81,Giovani Bernard (FA) ,8,58,7.3,24,1,0,23,29,123,5.3,3,0,10,36.1,3.6,0.0%,2021
82,Matt Breida (NYG) ,26,125,4.8,28,1,1,7,9,72,10.3,2,1,7,35.7,5.1,1.0%,2021
83,Chris Evans (CIN) ,17,77,4.5,13,0,0,15,17,151,10.1,2,0,9,34.8,3.9,1.0%,2021
84,Carlos Hyde (FA) ,72,253,3.5,18,0,1,12,22,65,5.4,0,2,12,33.8,2.8,0.0%,2021
85,Le'Veon Bell (FA) ,39,101,2.6,12,0,2,5,7,30,6.0,1,0,8,33.1,4.1,0.1%,2021
86,Ty'Son Williams (ARI) ,35,185,5.3,35,3,1,9,12,84,9.3,0,0,8,32.9,4.1,0.1%,2021
87,Ke'Shawn Vaughn (TB) ,36,180,5.0,55,4,2,4,8,26,6.5,0,0,6,32.6,5.4,0.6%,2021
88,Demetric Felton Jr. (CLE) ,7,24,3.4,12,0,0,18,21,181,10.1,2,0,15,32.5,2.2,0.0%,2021
89,Craig Reynolds (DET) ,55,230,4.2,35,3,0,7,8,52,7.4,0,0,5,28.2,5.6,0.4%,2021
90,Elijhaa Penny (FA) ,24,99,4.1,12,0,1,9,13,30,3.3,1,0,13,26.9,2.1,0.0%,2021
91,Salvon Ahmed (MIA) ,54,149,2.8,16,0,0,12,19,117,9.8,0,0,11,26.6,2.4,0.1%,2021
92,JaMycal Hasty (JAC) ,16,68,4.3,21,1,1,23,29,157,6.8,0,1,11,26.5,2.4,1.0%,2021
93,Trey Sermon (PHI) ,41,167,4.1,16,0,1,3,4,26,8.7,0,0,6,25.3,4.2,0.6%,2021
94,Royce Freeman (FA) ,56,169,3.0,13,0,0,10,16,77,7.7,0,0,12,24.6,2.1,1.0%,2021
95,Corey Clement (ARI) ,33,140,4.2,38,2,0,6,7,29,4.8,1,0,11,22.9,2.1,0.3%,2021
96,Jerick McKinnon (KC) ,12,62,5.2,18,0,0,13,20,107,8.2,1,0,9,22.9,2.5,56.3%,2021
97,Adrian Peterson (FA) ,38,98,2.6,16,0,2,4,4,8,2.0,0,0,4,22.6,5.7,2.1%,2021
98,Eno Benjamin (NO) ,34,118,3.5,21,1,1,6,7,42,7.0,0,0,8,22.0,2.8,0.7%,2021
99,Jermar Jefferson (DET) ,15,74,4.9,28,1,2,4,5,23,5.8,0,0,5,21.7,4.3,0.2%,2021
100,Malcolm Brown (FA) ,33,125,3.8,24,1,1,3,5,10,3.3,0,0,6,19.5,3.3,0.0%,2021
101,James White (FA) ,10,38,3.8,10,0,1,12,14,94,7.8,0,0,3,19.2,6.4,0.1%,2021
102,Kene Nwangwu (MIN) ,13,61,4.7,19,0,0,4,5,9,2.3,0,0,9,19.0,2.1,0.7%,2021
103,Tony Jones Jr. (DEN) ,54,142,2.6,11,0,0,5,8,29,5.8,0,0,10,17.1,1.7,0.4%,2021
104,Austin Walter (LV) ,26,101,3.9,14,0,1,2,3,9,4.5,0,0,4,17.0,4.3,0.0%,2021
105,Jonathan Williams (WAS) ,17,79,4.6,23,1,1,4,6,28,7.0,0,0,5,16.7,3.3,0.2%,2021
106,C.J. Ham (MIN) ,7,34,4.9,30,2,0,17,18,125,7.4,0,0,15,15.9,1.1,0.1%,2021
107,Qadree Ollison (JAC) ,21,105,5.0,19,0,1,4,6,12,3.0,0,1,6,15.7,2.6,0.0%,2021
108,Patrick Taylor Jr. (GB) ,23,89,3.9,12,0,1,2,2,3,1.5,0,0,5,15.2,3.0,0.1%,2021
109,Alec Ingold (MIA) ,2,1,0.5,1,0,0,10,12,85,8.5,1,0,7,14.6,2.1,0.2%,2021
110,Larry Rountree III (LAC) ,36,87,2.4,13,0,1,1,2,-1,-1.0,0,0,10,14.6,1.5,0.1%,2021
111,J.J. Taylor (NE) ,19,37,1.9,15,0,2,4,4,8,2.0,0,1,5,14.5,2.9,0.1%,2021
112,Godwin Igwebuike (FA) ,18,118,6.6,42,3,1,7,10,60,8.6,0,2,15,14.0,0.9,0.0%,2021
113,Ty Montgomery (NE) ,15,44,2.9,9,0,0,16,26,95,5.9,0,0,14,13.9,1.0,0.2%,2021
114,Patrick Ricard (BAL) ,2,4,2.0,2,0,0,8,13,63,7.9,1,0,8,12.7,1.6,0.1%,2021
115,Wayne Gallman Jr. (FA) ,28,104,3.7,17,0,0,1,3,21,21.0,0,0,9,12.5,1.4,0.0%,2021
116,Joshua Kelley (LAC) ,33,102,3.1,14,0,0,5,6,38,7.6,0,1,8,12.0,1.5,3.8%,2021
117,Michael Burton (DEN) ,8,26,3.3,7,0,1,3,3,31,10.3,0,0,10,11.7,1.2,0.1%,2021
118,Jalen Richard (FA) ,9,40,4.4,23,1,0,12,14,72,6.0,0,0,9,11.2,1.2,1.0%,2021
119,Benny Snell Jr. (FA) ,36,98,2.7,9,0,0,2,4,13,6.5,0,0,16,11.1,0.7,1.1%,2021
120,Marlon Mack (FA) ,28,101,3.6,22,1,0,2,5,8,4.0,0,0,6,10.9,1.8,3.1%,2021
121,Ryquell Armstead (FA) ,15,80,5.3,26,1,0,3,4,16,5.3,0,0,2,9.6,4.8,0.0%,2021
122,Deon Jackson (IND) ,13,31,2.4,10,0,1,0,0,0,0,0,0,5,9.1,1.8,1.4%,2021
123,JaQuan Hardy (FA) ,4,29,7.3,22,1,1,0,0,0,0,0,0,2,8.9,4.5,0.0%,2021
124,Andy Janovich (FA) ,2,0,0.0,1,0,1,3,4,9,3.0,0,0,6,8.9,1.5,0.0%,2021
125,Keith Smith (ATL) ,9,31,3.4,8,0,0,9,10,56,6.2,0,0,13,8.7,0.7,0.1%,2021
126,Alex Armah Jr. (WAS) ,5,21,4.2,9,0,0,1,1,1,1.0,1,0,10,8.2,0.8,0.0%,2021
127,Johnny Stanton IV (FA) ,3,5,1.7,3,0,0,2,2,7,3.5,1,0,3,7.2,2.4,0.0%,2021
128,Jonathan Ward (TEN) ,9,33,3.7,7,0,0,3,4,34,11.3,0,0,9,6.7,0.7,0.0%,2021
129,Ito Smith (FA) ,1,4,4.0,4,0,1,0,0,0,0,0,0,1,6.4,6.4,0.0%,2021
130,Mike Boone (HOU) ,4,35,8.8,16,0,0,2,2,22,11.0,0,0,3,5.7,1.9,0.7%,2021
131,Trayveon Williams (CIN) ,15,51,3.4,10,0,0,1,2,4,4.0,0,0,4,5.5,1.4,0.7%,2021
132,Jason Huntley (PIT) ,13,51,3.9,18,0,0,0,1,0,0,0,0,1,5.1,5.1,0.1%,2021
133,Rodney Smith (FA) ,0,0,0,0,0,0,5,5,48,9.6,0,0,1,4.8,4.8,0.0%,2021
134,Wendell Smallwood (FA) ,5,25,5.0,13,0,0,4,5,22,5.5,0,0,2,4.7,2.4,0.0%,2021
135,Kalen Ballage (FA) ,12,36,3.0,13,0,0,2,7,8,4.0,0,0,9,4.4,0.5,0.0%,2021
136,Jakob Johnson (LV) ,0,0,0,0,0,0,4,5,43,10.8,0,0,7,4.3,0.6,0.1%,2021
137,La'Mical Perine (KC) ,8,31,3.9,14,0,0,0,0,0,0,0,0,2,3.1,1.6,0.3%,2021
138,Kylin Hill (FA) ,10,24,2.4,8,0,0,1,2,5,5.0,0,0,8,2.9,0.4,0.0%,2021
139,Dwayne Washington (FA) ,4,16,4.0,5,0,0,2,2,12,6.0,0,0,8,2.8,0.4,0.0%,2021
140,Reggie Gilliam (BUF) ,3,3,1.0,2,0,0,3,5,23,7.7,0,0,8,2.6,0.3,0.1%,2021
141,Gabe Nabers (FA) ,3,8,2.7,4,0,0,3,3,17,5.7,0,0,7,2.5,0.4,0.0%,2021
142,Jaylen Samuels (FA) ,5,9,1.8,3,0,0,3,4,14,4.7,0,0,3,2.3,0.8,0.0%,2021
143,Scottie Phillips (FA) ,6,13,2.2,4,0,0,2,3,9,4.5,0,0,3,2.2,0.7,0.0%,2021
144,Patrick Laird (TB) ,1,4,4.0,4,0,0,3,3,17,5.7,0,0,3,2.1,0.7,0.1%,2021
145,Adam Prentice (NO) ,3,5,1.7,2,0,0,3,3,16,5.3,0,0,5,2.1,0.4,0.1%,2021
146,Raheem Mostert (MIA) ,2,20,10.0,11,0,0,0,0,0,0,0,0,1,2.0,2.0,69.9%,2021
147,Nick Bawden (NYJ) ,0,0,0,0,0,0,1,1,20,20.0,0,0,1,2.0,2.0,0.0%,2021
148,Darrynton Evans (FA) ,2,7,3.5,5,0,0,2,2,11,5.5,0,0,2,1.8,0.9,0.0%,2021
149,Derek Watt (FA) ,1,1,1.0,1,0,0,3,3,15,5.0,0,0,11,1.6,0.1,0.1%,2021
150,Reggie Bonnafon (FA) ,1,4,4.0,4,0,0,2,2,12,6.0,0,0,1,1.6,1.6,0.0%,2021
151,Trey Ragas (FA) ,1,9,9.0,9,0,0,2,2,6,3.0,0,0,1,1.5,1.5,0.0%,2021
152,Anthony McFarland Jr. (PIT) ,3,3,1.0,3,0,0,1,1,11,11.0,0,0,3,1.4,0.5,0.2%,2021
153,John Kelly Jr. (CLE) ,2,13,6.5,11,0,0,0,0,0,0,0,0,1,1.3,1.3,0.2%,2021
154,Cam Akers (LAR) ,5,3,0.6,2,0,0,3,3,10,3.3,0,0,2,1.3,0.7,93.2%,2021
155,Jacques Patrick (FA) ,2,12,6.0,8,0,0,0,0,0,0,0,0,1,1.2,1.2,0.0%,2021
156,Buddy Howell (FA) ,5,11,2.2,4,0,0,0,0,0,0,0,0,5,1.1,0.2,0.0%,2021
157,Mekhi Sargent (FA) ,5,11,2.2,3,0,0,0,1,0,0,0,0,5,1.1,0.2,0.0%,2021
158,Gary Brightwell (NYG) ,1,4,4.0,4,0,0,1,1,6,6.0,0,0,7,1.0,0.1,0.3%,2021
159,Ryan Nall (FA) ,1,4,4.0,4,0,0,1,1,4,4.0,0,0,5,0.8,0.2,0.0%,2021
160,Damarea Crockett (FA) ,3,7,2.3,6,0,0,0,0,0,0,0,0,1,0.7,0.7,0.0%,2021
161,Jake Funk (IND) ,2,5,2.5,6,0,0,0,0,0,0,0,0,5,0.5,0.1,0.0%,2021
162,Devine Ozigbo (FA) ,1,-3,-3.0,0,0,0,1,1,7,7.0,0,0,2,0.4,0.2,0.0%,2021
163,Nathan Cottrell (FA) ,1,3,3.0,3,0,0,0,0,0,0,0,0,3,0.3,0.1,0.0%,2021
164,Sutton Smith (FA) ,0,0,0,0,0,0,0,0,0,0,0,0,1,0.0,0.0,0.0%,2021
165,Artavis Pierce (FA) ,0,0,0,0,0,0,0,0,0,0,0,0,1,0.0,0.0,0.0%,2021
166,Sewo Olonilua (FA) ,0,0,0,0,0,0,0,0,0,0,0,0,1,0.0,0.0,0.0%,2021
167,Darwin Thompson (FA) ,0,0,0,0,0,0,0,0,0,0,0,0,2,0.0,0.0,0.0%,2021
168,Chris Myarick (NYG) ,0,0,0,0,0,0,3,6,17,5.7,1,0,5,0.0,0.0,0.0%,2021
169,Darius Bradwell (FA) ,0,0,0,0,0,0,0,1,0,0,0,0,2,0.0,0.0,0.0%,2021
170,Cullen Gillaspia (FA) ,0,0,0,0,0,0,0,0,0,0,0,0,4,0.0,0.0,0.0%,2021
171,LeVante Bellamy (FA) ,0,0,0,0,0,0,0,0,0,0,0,0,1,0.0,0.0,0.0%,2021
172,Andrew Beck (HOU) ,0,0,0,0,0,0,0,0,0,0,0,0,1,0.0,0.0,0.0%,2021
173,J.K. Dobbins (BAL) ,0,0,0,0,0,0,0,0,0,0,0,0,1,0.0,0.0,94.3%,2021
174,Sandro Platzgummer (FA) ,0,0,0,0,0,0,0,0,0,0,0,0,3,0.0,0.0,0.0%,2021
175,Pooka Williams Jr. (FA) ,0,0,0,0,0,0,0,0,0,0,0,0,1,0.0,0.0,0.0%,2021
176,Josh Johnson (FA) ,0,0,0,0,0,0,0,0,0,0,0,0,1,0.0,0.0,0.0%,2021
177,B.J. Emmons (FA) ,0,0,0,0,0,0,0,0,0,0,0,0,1,0.0,0.0,0.0%,2021
178,Nick Ralston (FA) ,0,0,0,0,0,0,0,0,0,0,0,0,1,0.0,0.0,0.0%,2021
179,Tory Carter (FA) ,0,0,0,0,0,0,0,1,0,0,0,0,5,0.0,0.0,0.0%,2021
180,Gerrid Doaks (HOU) ,0,0,0,0,0,0,0,0,0,0,0,0,4,0.0,0.0,0.0%,2021
181,Avery Williams (ATL) ,0,0,0,0,0,0,0,0,0,0,0,0,15,0.0,0.0,0.1%,2021
182,Spencer Brown (CAR) ,0,0,0,0,0,0,0,0,0,0,0,0,1,0.0,0.0,0.1%,2021
183,Nick Bellore (SEA) ,0,0,0,0,0,0,1,1,4,4.0,0,0,10,0.0,0.0,21.1%,2021
184,Taiwan Jones (FA) ,0,0,0,0,0,0,0,0,0,0,0,0,7,0.0,0.0,0.0%,2021
185,Kenjon Barner (FA) ,4,0,0.0,1,0,0,0,0,0,0,0,0,3,0.0,0.0,0.0%,2021
186,Tarik Cohen (FA) ,0,0,0,0,0,0,0,0,0,0,0,0,1,0.0,0.0,0.0%,2021
187,Brian Hill (FA) ,0,0,0,0,0,0,0,0,0,0,0,0,1,0.0,0.0,0.0%,2021
188,Elijah McGuire (FA) ,0,0,0,0,0,0,0,0,0,0,0,0,3,0.0,0.0,0.0%,2021
189,Brandin Bryant (FA) ,0,0,0,0,0,0,0,0,0,0,0,0,3,0.0,0.0,0.7%,2021
190,J.P. Holtz (FA) ,0,0,0,0,0,0,0,0,0,0,0,0,5,0.0,0.0,0.0%,2021
191,Jordan Wilkins (FA) ,0,0,0,0,0,0,0,0,0,0,0,0,2,0.0,0.0,0.0%,2021
192,Jason Cabinda (DET) ,3,23,7.7,21,1,0,4,7,16,4.0,1,0,10,0.0,0.0,0.1%,2021
193,Trey Edmunds (FA) ,0,0,0,0,0,0,0,0,0,0,0,0,1,0.0,0.0,0.0%,2021
194,Nate McCrary (CLE) ,1,-1,-1.0,0,0,0,0,0,0,0,0,0,1,-0.1,-0.1,0.1%,2021
195,Khari Blasingame (CHI) ,3,6,2.0,3,0,0,2,2,4,2.0,0,1,5,-1.0,-0.2,0.0%,2021
196,Trenton Cannon (FA) ,3,4,1.3,3,0,0,0,0,0,0,0,1,10,-1.6,-0.2,0.0%,2021
1,Josh Jacobs (LV) ,340,"1,653",4.9,86,14,12,53,64,400,7.5,0,1,17,275.3,16.2,99.9%,2022
2,Christian McCaffrey (SF) ,244,"1,139",4.7,49,14,8,85,108,741,8.7,5,0,17,271.4,16.0,100.0%,2022
3,Derrick Henry (TEN) ,349,"1,538",4.4,56,20,13,33,41,398,12.1,0,3,16,269.8,16.9,99.9%,2022
4,Austin Ekeler (LAC) ,204,915,4.5,72,10,13,107,127,722,6.7,5,3,17,265.7,15.6,100.0%,2022
5,Nick Chubb (CLE) ,302,"1,525",5.0,41,18,12,27,37,239,8.9,1,1,17,254.4,15.0,99.9%,2022
6,Saquon Barkley (NYG) ,295,"1,312",4.4,68,16,10,57,76,338,5.9,0,0,16,227.0,14.2,99.9%,2022
7,Jamaal Williams (NO) ,262,"1,066",4.1,58,10,17,12,16,73,6.1,0,2,17,213.9,12.6,88.9%,2022
8,Tony Pollard (DAL) ,193,"1,007",5.2,57,18,9,39,55,371,9.5,3,0,16,209.8,13.1,99.7%,2022
9,Dalvin Cook (FA) ,264,"1,173",4.4,81,14,8,39,56,295,7.6,2,4,17,198.8,11.7,97.5%,2022
10,Miles Sanders (CAR) ,259,"1,269",4.9,40,12,11,20,26,78,3.9,0,2,17,196.7,11.6,96.0%,2022
11,Aaron Jones (GB) ,213,"1,121",5.3,36,10,2,59,72,395,6.7,5,3,17,189.6,11.2,98.4%,2022
12,Najee Harris (PIT) ,272,"1,034",3.8,36,2,7,41,53,229,5.6,3,2,17,182.5,10.7,99.3%,2022
13,Joe Mixon (CIN) ,212,826,3.9,40,7,7,60,75,441,7.4,2,0,15,180.7,12.0,98.2%,2022
14,Rhamondre Stevenson (NE) ,210,"1,040",5.0,49,12,5,69,88,421,6.1,1,1,17,180.1,10.6,98.8%,2022
15,Kenneth Walker III (SEA) ,228,"1,050",4.6,74,21,9,27,35,165,6.1,0,0,15,175.5,11.7,98.9%,2022
16,Travis Etienne Jr. (JAC) ,220,"1,125",5.1,62,18,5,35,45,316,9.0,0,3,17,170.1,10.0,99.5%,2022
17,Ezekiel Elliott (FA) ,231,876,3.8,27,5,12,17,23,92,5.4,0,0,15,168.8,11.3,71.1%,2022
18,Alvin Kamara (NO) ,223,897,4.0,27,3,2,57,77,490,8.6,2,4,15,154.7,10.3,95.5%,2022
19,James Conner (ARI) ,183,782,4.3,23,3,7,46,58,300,6.5,1,1,13,154.2,11.9,95.3%,2022
20,Leonard Fournette (FA) ,189,668,3.5,23,1,3,73,83,523,7.2,3,0,16,154.1,9.6,24.1%,2022
21,David Montgomery (DET) ,201,801,4.0,28,2,5,34,40,316,9.3,1,2,16,143.7,9.0,92.7%,2022
22,Tyler Allgeier (ATL) ,210,"1,035",4.9,44,12,3,16,17,139,8.7,1,0,16,143.4,9.0,58.9%,2022
23,D'Andre Swift (PHI) ,99,542,5.5,50,10,5,48,70,389,8.1,3,0,14,143.1,10.2,93.7%,2022
24,Jerick McKinnon (KC) ,72,291,4.0,30,3,1,56,71,512,9.1,9,1,17,140.3,8.3,56.3%,2022
25,Devin Singletary (HOU) ,178,822,4.6,33,7,5,38,52,280,7.4,1,3,17,140.2,8.2,66.9%,2022
26,AJ Dillon (GB) ,186,770,4.1,27,3,7,28,43,206,7.4,0,0,17,139.6,8.2,88.8%,2022
27,Raheem Mostert (MIA) ,181,891,4.9,67,9,3,31,42,202,6.5,2,1,16,137.3,8.6,69.9%,2022
28,Jeff Wilson Jr. (MIA) ,176,860,4.9,41,11,5,22,37,185,8.4,1,2,16,136.5,8.5,72.7%,2022
29,Dameon Pierce (HOU) ,220,939,4.3,75,13,4,30,39,165,5.5,1,2,13,136.4,10.5,95.9%,2022
30,Cordarrelle Patterson (ATL) ,144,695,4.8,40,6,8,21,31,122,5.8,0,1,13,133.7,10.3,23.8%,2022
31,Cam Akers (LAR) ,188,786,4.2,42,6,7,13,18,117,9.0,0,2,15,128.3,8.6,93.2%,2022
32,Latavius Murray (BUF) ,171,760,4.4,52,9,6,27,35,132,4.9,0,0,14,127.2,9.1,2.4%,2022
33,D'Onta Foreman (CHI) ,203,914,4.5,60,12,5,5,9,26,5.2,0,0,16,126.0,7.9,44.9%,2022
34,Isiah Pacheco (KC) ,170,830,4.9,31,4,5,13,14,130,10.0,0,2,17,122.0,7.2,94.3%,2022
35,Antonio Gibson (WAS) ,149,546,3.7,20,1,3,46,58,353,7.7,2,0,15,119.9,8.0,83.8%,2022
36,Jonathan Taylor (IND) ,192,861,4.5,66,8,4,28,40,143,5.1,0,3,12,118.4,9.9,99.8%,2022
37,Khalil Herbert (CHI) ,129,731,5.7,63,11,4,9,12,57,6.3,1,0,13,108.8,8.4,85.9%,2022
38,Samaje Perine (DEN) ,95,394,4.1,29,1,2,38,51,287,7.6,4,0,16,104.1,6.5,83.0%,2022
39,Brian Robinson Jr. (WAS) ,205,797,3.9,24,2,2,9,12,60,6.7,1,0,12,103.7,8.6,88.7%,2022
40,Breece Hall (NYJ) ,80,463,5.8,62,7,4,19,31,218,11.5,1,1,7,96.1,13.7,98.5%,2022
41,Kareem Hunt (FA) ,123,468,3.8,24,2,3,35,44,210,6.0,1,0,17,91.8,5.4,16.5%,2022
42,Rachaad White (TB) ,129,481,3.7,35,3,1,50,58,290,5.8,2,3,17,89.1,5.2,91.7%,2022
43,Kenyan Drake (FA) ,109,482,4.4,40,9,4,17,26,89,5.2,1,0,12,87.1,7.3,0.7%,2022
44,James Cook (BUF) ,91,525,5.8,33,7,2,21,32,180,8.6,1,1,17,86.5,5.1,89.4%,2022
45,Michael Carter (NYJ) ,114,402,3.5,25,3,3,41,54,288,7.0,0,1,16,85.0,5.3,21.7%,2022
46,Clyde Edwards-Helaire (KC) ,71,302,4.3,52,5,3,17,23,151,8.9,3,0,10,81.3,8.1,21.5%,2022
47,James Robinson (FA) ,110,425,3.9,50,8,3,11,14,51,4.6,2,0,11,77.6,7.1,5.2%,2022
48,J.K. Dobbins (BAL) ,92,520,5.7,44,7,2,7,8,42,6.0,1,0,8,74.2,9.3,94.3%,2022
49,Damien Harris (BUF) ,106,462,4.4,30,3,3,17,23,97,5.7,0,0,11,73.9,6.7,60.2%,2022
50,Chuba Hubbard (CAR) ,95,466,4.9,35,6,2,14,17,171,12.2,0,1,14,73.7,5.3,34.8%,2022
51,Alexander Mattison (MIN) ,74,283,3.8,15,0,5,15,18,91,6.1,1,0,17,73.4,4.3,83.0%,2022
52,Jaylen Warren (PIT) ,77,379,4.9,31,4,1,28,33,214,7.6,0,0,16,65.3,4.1,27.1%,2022
53,Kenneth Gainwell (PHI) ,53,240,4.5,13,0,4,23,29,169,7.3,0,0,17,64.9,3.8,30.1%,2022
54,Eno Benjamin (NO) ,77,313,4.1,45,3,2,25,34,193,7.7,0,0,13,64.6,5.0,0.7%,2022
55,Melvin Gordon III (FA) ,90,318,3.5,17,0,2,25,32,223,8.9,0,2,10,62.1,6.2,0.7%,2022
56,Gus Edwards (BAL) ,87,433,5.0,37,4,3,0,2,0,0,0,1,9,59.3,6.6,11.5%,2022
57,Chase Edmonds (TB) ,68,245,3.6,28,3,2,16,24,157,9.8,1,0,13,58.2,4.5,3.5%,2022
58,Darrell Henderson Jr. (FA) ,70,283,4.0,23,1,3,17,22,102,6.0,0,0,10,56.5,5.7,0.7%,2022
59,Dontrell Hilliard (FA) ,22,145,6.6,30,3,0,21,26,177,8.4,4,0,12,56.2,4.7,0.6%,2022
60,Deon Jackson (IND) ,68,236,3.5,17,0,1,30,34,209,7.0,1,1,12,54.5,4.5,1.4%,2022
61,Zack Moss (IND) ,93,456,4.9,43,5,1,11,13,39,3.5,0,1,13,53.5,4.1,2.1%,2022
62,Nyheim Hines (BUF) ,24,33,1.4,9,0,1,30,37,241,8.0,1,0,16,51.4,3.2,3.0%,2022
63,Joshua Kelley (LAC) ,69,287,4.2,22,1,2,14,25,101,7.2,0,0,12,50.8,4.2,3.8%,2022
64,JaMycal Hasty (JAC) ,46,194,4.2,61,4,2,21,27,121,5.8,1,0,14,49.5,3.5,1.0%,2022
65,Rashaad Penny (PHI) ,57,346,6.1,41,9,2,4,5,16,4.0,0,0,5,48.2,9.6,86.6%,2022
66,Zonovan Knight (NYJ) ,85,300,3.5,48,3,1,13,14,100,7.7,0,0,7,46.0,6.6,5.7%,2022
67,Caleb Huntley (ATL) ,76,366,4.8,30,3,1,2,2,3,1.5,0,0,12,42.9,3.6,0.6%,2022
68,Boston Scott (PHI) ,54,217,4.0,21,1,3,5,6,15,3.0,0,0,15,41.2,2.7,1.4%,2022
69,Elijah Mitchell (SF) ,45,279,6.2,37,2,2,3,4,7,2.3,0,0,5,40.6,8.1,55.7%,2022
70,Matt Breida (NYG) ,54,220,4.1,18,0,1,20,25,118,5.9,0,0,17,39.8,2.3,1.0%,2022
71,Justin Jackson (FA) ,42,170,4.0,27,1,1,12,19,101,8.4,1,0,15,39.1,2.6,0.1%,2022
72,Kyle Juszczyk (SF) ,7,26,3.7,9,0,1,19,23,200,10.5,1,0,13,34.6,2.7,0.5%,2022
73,Rex Burkhead (FA) ,26,80,3.1,9,0,0,37,51,204,5.5,1,0,15,34.4,2.3,5.1%,2022
74,Mark Ingram II (FA) ,62,233,3.8,14,0,1,16,18,68,4.3,0,2,10,34.1,3.4,0.6%,2022
75,Raheem Blackshear (CAR) ,23,77,3.3,16,0,3,10,12,93,9.3,0,1,13,33.0,2.5,0.7%,2022
76,Jordan Mason (SF) ,43,258,6.0,55,4,1,0,0,0,0,0,0,12,31.8,2.7,1.7%,2022
77,Ty Johnson (FA) ,30,160,5.3,32,3,1,12,24,88,7.3,0,0,12,30.8,2.6,0.6%,2022
78,Marlon Mack (FA) ,16,84,5.3,17,0,1,8,10,99,12.4,1,0,8,30.3,3.8,3.1%,2022
79,DeeJay Dallas (SEA) ,35,186,5.3,27,1,0,17,19,126,7.4,0,0,15,30.2,2.0,0.8%,2022
80,Justice Hill (BAL) ,49,262,5.3,34,2,0,12,12,58,4.8,0,1,15,30.0,2.0,0.7%,2022
81,Ameer Abdullah (LV) ,4,20,5.0,7,0,0,25,32,211,8.4,1,0,16,29.1,1.8,0.8%,2022
82,J.D. McKissic (FA) ,22,95,4.3,33,2,0,27,40,173,6.4,0,0,9,28.8,3.2,0.6%,2022
83,Dare Ogunbowale (HOU) ,42,123,2.9,11,0,1,20,26,104,5.2,0,0,15,28.7,1.9,0.1%,2022
84,Malik Davis (DAL) ,38,161,4.2,23,2,1,6,7,63,10.5,0,0,6,28.4,4.7,1.3%,2022
85,Travis Homer (CHI) ,19,74,3.9,16,0,0,16,18,157,9.8,1,1,12,27.1,2.3,0.7%,2022
86,Javonte Williams (DEN) ,47,204,4.3,17,0,0,16,22,76,4.8,0,1,4,26.0,6.5,89.5%,2022
87,Gary Brightwell (NYG) ,31,141,4.5,25,1,1,5,8,39,7.8,0,0,15,24.0,1.6,0.3%,2022
88,Alec Ingold (MIA) ,6,8,1.3,2,0,1,15,23,105,7.0,1,0,12,23.3,1.9,0.2%,2022
89,Craig Reynolds (DET) ,23,102,4.4,21,1,0,9,10,116,12.9,0,0,7,21.8,3.1,0.4%,2022
90,Kyren Williams (LAR) ,35,139,4.0,17,0,0,9,12,76,8.4,0,0,8,21.5,2.7,3.3%,2022
91,C.J. Ham (MIN) ,4,7,1.8,3,0,2,10,12,86,8.6,0,0,11,21.3,1.9,0.1%,2022
92,Pierre Strong Jr. (NE) ,10,100,10.0,44,3,1,7,7,42,6.0,0,0,10,20.2,2.0,2.4%,2022
93,Mike Boone (HOU) ,24,102,4.3,18,0,0,9,15,96,10.7,0,0,8,19.8,2.5,0.7%,2022
94,Avery Williams (ATL) ,22,109,5.0,21,1,1,13,14,61,4.7,0,1,17,19.5,1.1,0.1%,2022
95,Jonathan Williams (WAS) ,37,152,4.1,23,1,0,7,10,40,5.7,0,0,9,19.2,2.1,0.2%,2022
96,Tevin Coleman (FA) ,12,26,2.2,14,0,1,3,3,44,14.7,1,0,3,19.0,6.3,0.0%,2022
97,Brandon Bolden (LV) ,17,66,3.9,12,0,0,10,10,62,6.2,1,0,12,18.8,1.6,0.2%,2022
98,Malcolm Brown (FA) ,18,81,4.5,23,1,1,5,6,37,7.4,0,0,7,17.8,2.5,0.0%,2022
99,Darrel Williams (FA) ,21,102,4.9,30,2,1,4,8,9,2.3,0,0,5,17.1,3.4,1.1%,2022
100,Corey Clement (ARI) ,15,55,3.7,12,0,1,5,7,54,10.8,0,0,5,16.9,3.4,0.3%,2022
101,Benny Snell Jr. (FA) ,20,90,4.5,16,0,1,2,2,17,8.5,0,0,9,16.7,1.9,1.1%,2022
102,Sony Michel (FA) ,36,106,2.9,12,0,0,9,13,53,5.9,0,0,10,15.9,1.6,1.1%,2022
103,Derek Watt (FA) ,9,21,2.3,4,0,1,5,5,11,2.2,1,0,12,15.2,1.3,0.1%,2022
104,Ronald Jones II (DAL) ,17,70,4.1,13,0,1,1,1,22,22.0,0,0,5,15.2,3.0,2.2%,2022
105,Hassan Haskins (TEN) ,25,93,3.7,12,0,0,11,12,57,5.2,0,0,14,15.0,1.1,1.4%,2022
106,Keaontay Ingram (ARI) ,27,60,2.2,13,0,1,4,5,21,5.3,0,0,11,14.1,1.3,1.6%,2022
107,Zander Horvath (LAC) ,4,8,2.0,3,0,0,5,8,8,1.6,2,0,8,13.6,1.7,0.1%,2022
108,Reggie Gilliam (BUF) ,0,0,0,0,0,0,9,11,76,8.4,1,0,8,13.6,1.7,0.1%,2022
109,Salvon Ahmed (MIA) ,12,64,5.3,11,0,1,1,1,8,8.0,0,0,7,13.2,1.9,0.1%,2022
110,Royce Freeman (FA) ,41,117,2.9,11,0,0,6,8,33,5.5,0,1,5,13.0,2.6,1.0%,2022
111,Kevin Harris (NE) ,18,52,2.9,14,0,1,0,0,0,0,0,0,5,11.2,2.2,0.4%,2022
112,Snoop Conner (JAC) ,12,42,3.5,8,0,1,0,0,0,0,0,0,5,10.2,2.0,0.2%,2022
113,Tyrion Davis-Price (SF) ,34,99,2.9,20,1,0,0,2,0,0,0,0,5,9.9,2.0,0.7%,2022
114,Chris Evans (CIN) ,0,0,0,0,0,0,3,4,38,12.7,1,0,10,9.8,1.0,1.0%,2022
115,Darrynton Evans (FA) ,14,64,4.6,21,1,0,1,1,33,33.0,0,0,3,9.7,3.2,0.0%,2022
116,Kene Nwangwu (MIN) ,9,14,1.6,8,0,0,2,2,21,10.5,0,0,14,9.5,0.7,0.7%,2022
117,Patrick Ricard (BAL) ,7,16,2.3,5,0,0,11,13,74,6.7,0,0,13,9.0,0.7,0.1%,2022
118,Phillip Lindsay (FA) ,15,49,3.3,15,0,0,6,8,19,3.2,0,0,3,8.8,2.9,0.0%,2022
119,Jordan Wilkins (FA) ,13,58,4.5,9,0,0,6,8,29,4.8,0,0,4,8.7,2.2,0.0%,2022
120,Tyler Badie (DEN) ,1,0,0.0,0,0,0,1,1,24,24.0,1,0,1,8.4,8.4,0.6%,2022
121,Jaret Patterson (WAS) ,17,78,4.6,14,0,0,0,1,0,0,0,0,2,7.8,3.9,0.1%,2022
122,Ty Montgomery (NE) ,2,-2,-1.0,0,0,0,3,4,15,5.0,1,0,1,7.3,7.3,0.2%,2022
123,Ke'Shawn Vaughn (TB) ,17,53,3.1,12,0,0,3,4,19,6.3,0,0,9,7.2,0.8,0.6%,2022
124,Zamir White (LV) ,17,70,4.1,22,1,0,0,0,0,0,0,0,11,7.0,0.6,4.7%,2022
125,Trayveon Williams (CIN) ,6,30,5.0,16,0,0,2,3,30,15.0,0,0,9,6.0,0.7,0.7%,2022
126,Myles Gaskin (MIA) ,10,26,2.6,10,0,0,4,6,28,7.0,0,0,2,5.4,2.7,0.6%,2022
127,Tony Jones Jr. (DEN) ,10,24,2.4,7,0,0,5,8,30,6.0,0,0,3,5.4,1.8,0.4%,2022
128,Isaiah Spiller (LAC) ,18,41,2.3,11,0,0,3,3,13,4.3,0,0,5,5.4,1.1,2.2%,2022
129,Julius Chestnut (TEN) ,9,12,1.3,5,0,0,3,3,41,13.7,0,0,6,5.3,0.9,0.1%,2022
130,Spencer Brown (CAR) ,9,43,4.8,7,0,0,2,4,10,5.0,0,0,2,5.3,2.7,0.1%,2022
131,David Johnson (FA) ,12,24,2.0,5,0,0,4,4,47,11.8,0,1,4,5.1,1.3,0.0%,2022
132,Ronnie Rivers (LAR) ,9,21,2.3,5,0,0,5,5,29,5.8,0,0,2,5.0,2.5,0.1%,2022
133,Patrick Taylor Jr. (GB) ,10,31,3.1,6,0,0,1,1,17,17.0,0,0,7,4.8,0.7,0.1%,2022
134,Dwayne Washington (FA) ,11,38,3.5,8,0,0,1,1,7,7.0,0,0,7,4.5,0.6,0.0%,2022
135,Trestan Ebner (CHI) ,24,54,2.3,11,0,0,2,8,8,4.0,0,1,11,4.2,0.4,0.1%,2022
136,Anthony McFarland Jr. (PIT) ,6,30,5.0,14,0,0,2,2,11,5.5,0,0,1,4.1,4.1,0.2%,2022
137,Larry Rountree III (LAC) ,13,19,1.5,5,0,0,2,2,14,7.0,0,0,3,3.3,1.1,0.1%,2022
138,Jonathan Ward (TEN) ,5,25,5.0,12,0,0,2,3,7,3.5,0,0,4,3.2,0.8,0.0%,2022
139,Giovani Bernard (FA) ,8,28,3.5,8,0,0,2,2,-1,-0.5,0,0,4,2.7,0.7,0.0%,2022
140,D'Ernest Johnson (JAC) ,4,17,4.3,7,0,0,3,3,7,2.3,0,0,10,2.4,0.2,0.7%,2022
141,Mike Davis (FA) ,8,18,2.3,10,0,0,2,2,4,2.0,0,0,5,2.2,0.4,1.0%,2022
142,Ty Chandler (MIN) ,6,20,3.3,10,0,0,0,0,0,0,0,0,2,2.0,1.0,2.3%,2022
143,Trey Sermon (PHI) ,2,19,9.5,14,0,0,0,0,0,0,0,0,1,1.9,1.9,0.6%,2022
144,Michael Burton (DEN) ,5,7,1.4,6,0,0,2,3,11,5.5,0,0,12,1.8,0.2,0.1%,2022
145,Adam Prentice (NO) ,4,9,2.3,3,0,0,3,3,9,3.0,0,0,6,1.8,0.3,0.1%,2022
146,J.J. Taylor (NE) ,10,9,0.9,5,0,0,1,1,8,8.0,0,0,1,1.7,1.7,0.1%,2022
147,Jerome Ford (CLE) ,8,12,1.5,9,0,0,0,0,0,0,0,0,13,1.2,0.1,10.6%,2022
148,Keith Smith (ATL) ,1,2,2.0,2,0,0,1,2,8,8.0,0,0,10,1.0,0.1,0.1%,2022
149,Jakob Johnson (LV) ,0,0,0,0,0,0,5,6,10,2.0,0,0,11,1.0,0.1,0.1%,2022
150,Reggie Bonnafon (FA) ,3,8,2.7,5,0,0,0,0,0,0,0,0,1,0.8,0.8,0.0%,2022
151,Godwin Igwebuike (FA) ,3,4,1.3,4,0,0,1,1,3,3.0,0,0,5,0.7,0.1,0.0%,2022
152,Devine Ozigbo (FA) ,3,4,1.3,4,0,0,1,1,3,3.0,0,0,3,0.7,0.2,0.0%,2022
153,Kylin Hill (FA) ,1,7,7.0,7,0,0,0,0,0,0,0,0,1,0.7,0.7,0.0%,2022
154,Ty'Son Williams (ARI) ,0,0,0,0,0,0,1,1,5,5.0,0,0,1,0.5,0.5,0.1%,2022
155,Demetric Felton Jr. (CLE) ,1,-4,-4.0,0,0,0,2,4,8,4.0,0,0,6,0.4,0.1,0.0%,2022
156,Duke Johnson Jr. (FA) ,2,4,2.0,4,0,0,0,0,0,0,0,0,1,0.4,0.4,0.0%,2022
157,Damien Williams (FA) ,2,2,1.0,2,0,0,0,0,0,0,0,0,1,0.2,0.2,0.1%,2022
158,Jordan Howard (FA) ,1,1,1.0,1,0,0,0,0,0,0,0,0,1,0.1,0.1,0.0%,2022
159,Austin Walter (LV) ,0,0,0,0,0,0,0,0,0,0,0,0,0,0,0,0.0%,2022
160,Khari Blasingame (CHI) ,0,0,0,0,0,0,0,1,0,0,0,0,5,0.0,0.0,0.0%,2022
161,John Lovett (MIA) ,0,0,0,0,0,0,0,0,0,0,0,0,0,0,0,0.0%,2022
162,La'Mical Perine (KC) ,0,0,0,0,0,0,0,0,0,0,0,0,1,0.0,0.0,0.3%,2022
163,Chris Myarick (NYG) ,0,0,0,0,0,0,7,8,65,9.3,1,0,10,0.0,0.0,0.0%,2022
164,Andrew Beck (HOU) ,2,0,0.0,1,0,0,5,11,69,13.8,0,0,9,0.0,0.0,0.0%,2022
165,Cullen Gillaspia (FA) ,0,0,0,0,0,0,0,0,0,0,0,0,4,0.0,0.0,0.0%,2022
166,Patrick Laird (TB) ,0,0,0,0,0,0,0,0,0,0,0,0,0,0,0,0.1%,2022
167,Qadree Ollison (JAC) ,0,0,0,0,0,0,0,0,0,0,0,0,3,0.0,0.0,0.0%,2022
168,Mike Weber (NYG) ,0,0,0,0,0,0,0,0,0,0,0,0,0,0,0,0.0%,2022
169,Jermar Jefferson (DET) ,0,0,0,0,0,0,0,0,0,0,0,0,1,0.0,0.0,0.2%,2022
170,Mohamed Ibrahim (DET) ,0,0,0,0,0,0,0,0,0,0,0,0,0,0,0,0.0%,2022
171,Kennedy Brooks (PHI) ,0,0,0,0,0,0,0,0,0,0,0,0,0,0,0,0.0%,2022
172,Sandro Platzgummer (FA) ,0,0,0,0,0,0,0,0,0,0,0,0,1,0.0,0.0,0.0%,2022
173,Jake Bargas (NO) ,0,0,0,0,0,0,0,0,0,0,0,0,0,0,0,0.0%,2022
174,Jason Huntley (PIT) ,0,0,0,0,0,0,0,0,0,0,0,0,0,0,0,0.1%,2022
175,Rico Dowdle (DAL) ,0,0,0,0,0,0,0,0,0,0,0,0,2,0.0,0.0,0.1%,2022
176,Kendre Miller (NO) ,0,0,0,0,0,0,0,0,0,0,0,0,0,0,0,28.4%,2022
177,Israel Abanikanda (NYJ) ,0,0,0,0,0,0,0,0,0,0,0,0,0,0,0,2.0%,2022
178,Bryant Koback (SEA) ,0,0,0,0,0,0,0,0,0,0,0,0,2,0.0,0.0,0.0%,2022
179,Greg Bell (DET) ,0,0,0,0,0,0,0,0,0,0,0,0,0,0,0,0.0%,2022
180,John Lovett (FA) ,0,0,0,0,0,0,0,0,0,0,0,0,1,0.0,0.0,0.0%,2022
181,Brittain Brown (LV) ,0,0,0,0,0,0,0,0,0,0,0,0,1,0.0,0.0,0.0%,2022
182,Nate McCrary (CLE) ,0,0,0,0,0,0,0,0,0,0,0,0,0,0,0,0.1%,2022
183,Ben Mason (BAL) ,0,0,0,0,0,0,0,0,0,0,0,0,1,0.0,0.0,0.0%,2022
184,Gerrid Doaks (HOU) ,0,0,0,0,0,0,0,0,0,0,0,0,0,0,0,0.0%,2022
185,Jake Funk (IND) ,0,0,0,0,0,0,0,0,0,0,0,0,1,0.0,0.0,0.0%,2022
186,Clint Ratkovich (ATL) ,0,0,0,0,0,0,0,0,0,0,0,0,0,0,0,0.0%,2022
187,Sean Tucker (TB) ,0,0,0,0,0,0,0,0,0,0,0,0,0,0,0,0.8%,2022
188,Khalan Laborn (SF) ,0,0,0,0,0,0,0,0,0,0,0,0,0,0,0,0.0%,2022
189,Jack Colletto (SF) ,0,0,0,0,0,0,0,0,0,0,0,0,0,0,0,0.0%,2022
190,Chuck McClelland (TEN) ,0,0,0,0,0,0,0,0,0,0,0,0,0,0,0,0.0%,2022
191,Tyler Hoosman (LAC) ,0,0,0,0,0,0,0,0,0,0,0,0,0,0,0,0.0%,2022
192,Elijah Dotson (LAC) ,0,0,0,0,0,0,0,0,0,0,0,0,0,0,0,0.0%,2022
193,Jordan Byrd (PIT) ,0,0,0,0,0,0,0,0,0,0,0,0,0,0,0,0.0%,2022
194,Monte Pottebaum (PIT) ,0,0,0,0,0,0,0,0,0,0,0,0,0,0,0,0.0%,2022
195,Derek Parish (JAC) ,0,0,0,0,0,0,0,0,0,0,0,0,0,0,0,0.1%,2022
196,Carlos Washington Jr. (ATL) ,0,0,0,0,0,0,0,0,0,0,0,0,0,0,0,0.0%,2022
197,Lew Nichols III (GB) ,0,0,0,0,0,0,0,0,0,0,0,0,0,0,0,0.1%,2022
198,Ronald Awatt (SF) ,0,0,0,0,0,0,0,0,0,0,0,0,0,0,0,0.0%,2022
199,Emari Demercado (ARI) ,0,0,0,0,0,0,0,0,0,0,0,0,0,0,0,0.0%,2022
200,Chris Brooks (MIA) ,0,0,0,0,0,0,0,0,0,0,0,0,0,0,0,0.0%,2022
201,Hunter Luepke (DAL) ,0,0,0,0,0,0,0,0,0,0,0,0,0,0,0,0.0%,2022
202,Zach Ojile (MIN) ,0,0,0,0,0,0,0,0,0,0,0,0,0,0,0,0.0%,2022
203,Ellis Merriweather (NO) ,0,0,0,0,0,0,0,0,0,0,0,0,0,0,0,0.0%,2022
204,Alfonzo Graham (PIT) ,0,0,0,0,0,0,0,0,0,0,0,0,0,0,0,0.0%,2022
205,Emanuel Wilson (GB) ,0,0,0,0,0,0,0,0,0,0,0,0,0,0,0,0.0%,2022
206,Jaleel McLaughlin (DEN) ,0,0,0,0,0,0,0,0,0,0,0,0,0,0,0,0.0%,2022
207,Ronnie Brown (TB) ,0,0,0,0,0,0,0,0,0,0,0,0,0,0,0,0.0%,2022
208,Owen Wright (BAL) ,0,0,0,0,0,0,0,0,0,0,0,0,0,0,0,0.0%,2022
209,Jordan Mims (BUF) ,0,0,0,0,0,0,0,0,0,0,0,0,0,0,0,0.0%,2022
210,Henry Pearson (GB) ,0,0,0,0,0,0,0,0,0,0,0,0,0,0,0,0.0%,2022
211,Deneric Prince (KC) ,0,0,0,0,0,0,0,0,0,0,0,0,0,0,0,0.0%,2022
212,Travis Dye (NYJ) ,0,0,0,0,0,0,0,0,0,0,0,0,0,0,0,0.0%,2022
213,Darius Hagans (PIT) ,0,0,0,0,0,0,0,0,0,0,0,0,0,0,0,0.0%,2022
214,Robert Burns (CHI) ,0,0,0,0,0,0,0,0,0,0,0,0,0,0,0,0.0%,2022
215,Hassan Hall (CLE) ,0,0,0,0,0,0,0,0,0,0,0,0,0,0,0,0.0%,2022
216,Jacob Saylors (CIN) ,0,0,0,0,0,0,0,0,0,0,0,0,0,0,0,0.0%,2022
217,Calvin Tyler Jr. (CIN) ,0,0,0,0,0,0,0,0,0,0,0,0,0,0,0,0.0%,2022
218,DeWayne McBride (MIN) ,0,0,0,0,0,0,0,0,0,0,0,0,0,0,0,2.6%,2022
219,Troy Hairston II (HOU) ,0,0,0,0,0,0,5,8,19,3.8,0,0,12,0.0,0.0,0.1%,2022
220,Roschon Johnson (CHI) ,0,0,0,0,0,0,0,0,0,0,0,0,0,0,0,17.3%,2022
221,Tyjae Spears (TEN) ,0,0,0,0,0,0,0,0,0,0,0,0,0,0,0,3.7%,2022
222,Keaton Mitchell (BAL) ,0,0,0,0,0,0,0,0,0,0,0,0,0,0,0,0.0%,2022
223,Xazavian Valladay (HOU) ,0,0,0,0,0,0,0,0,0,0,0,0,0,0,0,0.0%,2022
224,Camerun Peoples (CAR) ,0,0,0,0,0,0,0,0,0,0,0,0,0,0,0,0.0%,2022
225,Kenny McIntosh (SEA) ,0,0,0,0,0,0,0,0,0,0,0,0,0,0,0,0.3%,2022
226,Tiyon Evans (CAR) ,0,0,0,0,0,0,0,0,0,0,0,0,0,0,0,0.0%,2022
227,Evan Hull (IND) ,0,0,0,0,0,0,0,0,0,0,0,0,0,0,0,0.8%,2022
228,Chase Brown (CIN) ,0,0,0,0,0,0,0,0,0,0,0,0,0,0,0,4.0%,2022
229,Eric Gray (NYG) ,0,0,0,0,0,0,0,0,0,0,0,0,0,0,0,1.4%,2022
230,Jerrion Ealy (KC) ,0,0,0,0,0,0,0,0,0,0,0,0,0,0,0,0.0%,2022
231,Sincere McCormick (LV) ,0,0,0,0,0,0,0,0,0,0,0,0,0,0,0,0.0%,2022
232,Zach Charbonnet (SEA) ,0,0,0,0,0,0,0,0,0,0,0,0,0,0,0,62.4%,2022
233,Devon Achane (MIA) ,0,0,0,0,0,0,0,0,0,0,0,0,0,0,0,33.5%,2022
234,Bijan Robinson (ATL) ,0,0,0,0,0,0,0,0,0,0,0,0,0,0,0,96.8%,2022
235,Zach Evans (LAR) ,0,0,0,0,0,0,0,0,0,0,0,0,0,0,0,2.5%,2022
236,Javian Hawkins (TEN) ,0,0,0,0,0,0,0,0,0,0,0,0,0,0,0,0.0%,2022
237,Tank Bigsby (JAC) ,0,0,0,0,0,0,0,0,0,0,0,0,0,0,0,13.8%,2022
238,Chris Rodriguez Jr. (WAS) ,0,0,0,0,0,0,0,0,0,0,0,0,0,0,0,0.7%,2022
239,Deuce Vaughn (DAL) ,0,0,0,0,0,0,0,0,0,0,0,0,0,0,0,4.7%,2022
240,Tyler Goodson (GB) ,0,0,0,0,0,0,0,0,0,0,0,0,0,0,0,0.0%,2022
241,Jahmyr Gibbs (DET) ,0,0,0,0,0,0,0,0,0,0,0,0,0,0,0,92.0%,2022
242,Jashaun Corbin (NYG) ,0,0,0,0,0,0,0,0,0,0,0,0,2,0.0,0.0,0.0%,2022
243,Nick Bellore (SEA) ,1,3,3.0,3,0,0,0,0,0,0,0,0,12,0.0,0.0,21.1%,2022
244,Chad Spann (HOU) ,0,0,0,0,0,0,0,0,0,0,0,0,0,0,0,0.0%,2022
245,Jay Finley (CIN) ,0,0,0,0,0,0,0,0,0,0,0,0,0,0,0,0.0%,2022
246,Shane Bannon (KC) ,0,0,0,0,0,0,0,0,0,0,0,0,0,0,0,0.0%,2022
247,Garrett Mills (NE) ,0,0,0,0,0,0,0,0,0,0,0,0,0,0,0,0.0%,2022
248,Kenjon Barner (FA) ,0,0,0,0,0,0,0,0,0,0,0,0,1,0.0,0.0,0.0%,2022
249,Kenny Irons (CIN) ,0,0,0,0,0,0,0,0,0,0,0,0,0,0,0,0.0%,2022
250,Anthony Alridge (WAS) ,0,0,0,0,0,0,0,0,0,0,0,0,0,0,0,0.0%,2022
251,Dantrell Savage (CAR) ,0,0,0,0,0,0,0,0,0,0,0,0,0,0,0,0.0%,2022
252,Chad Simpson (WAS) ,0,0,0,0,0,0,0,0,0,0,0,0,0,0,0,0.0%,2022
253,Samkon Gado (TEN) ,0,0,0,0,0,0,0,0,0,0,0,0,0,0,0,0.0%,2022
254,Xavier Omon (SF) ,0,0,0,0,0,0,0,0,0,0,0,0,0,0,0,0.0%,2022
255,Madison Hedgecock (NYG) ,0,0,0,0,0,0,0,0,0,0,0,0,0,0,0,0.0%,2022
256,Brandin Bryant (FA) ,0,0,0,0,0,0,0,0,0,0,0,0,2,0.0,0.0,0.7%,2022
257,Alex Armah Jr. (WAS) ,0,0,0,0,0,0,0,0,0,0,0,0,0,0,0,0.0%,2022
258,J.P. Holtz (FA) ,0,0,0,0,0,0,0,0,0,0,0,0,1,0.0,0.0,0.0%,2022
259,Nick Bawden (NYJ) ,0,0,0,0,0,0,0,0,0,0,0,0,0,0,0,0.0%,2022
260,Trenton Cannon (FA) ,0,0,0,0,0,0,0,0,0,0,0,0,2,0.0,0.0,0.0%,2022
261,Taquan Mizzell (NYG) ,0,0,0,0,0,0,0,0,0,0,0,0,0,0,0,0.0%,2022
262,Jason Cabinda (DET) ,1,4,4.0,4,0,0,1,4,5,5.0,0,0,7,0.0,0.0,0.1%,2022
263,John Kelly Jr. (CLE) ,0,0,0,0,0,0,0,0,0,0,0,0,0,0,0,0.2%,2022
264,Tim Flanders (NO) ,0,0,0,0,0,0,0,0,0,0,0,0,0,0,0,0.0%,2022
265,Willie Carter (CHI) ,0,0,0,0,0,0,0,0,0,0,0,0,0,0,0,0.0%,2022
266,Brennan Clay (DEN) ,0,0,0,0,0,0,0,0,0,0,0,0,0,0,0,0.0%,2022
267,Taiwan Jones (FA) ,0,0,0,0,0,0,0,0,0,0,0,1,7,-2.0,-0.3,0.0%,2022
1,Josh Jacobs (LV) ,340,"1,653",4.9,86,14,12,53,64,400,7.5,0,1,17,275.3,16.2,99.9%,2023
2,Christian McCaffrey (SF) ,244,"1,139",4.7,49,14,8,85,108,741,8.7,5,0,17,271.4,16.0,100.0%,2023
3,Derrick Henry (TEN) ,349,"1,538",4.4,56,20,13,33,41,398,12.1,0,3,16,269.8,16.9,99.9%,2023
4,Austin Ekeler (LAC) ,204,915,4.5,72,10,13,107,127,722,6.7,5,3,17,265.7,15.6,100.0%,2023
5,Nick Chubb (CLE) ,302,"1,525",5.0,41,18,12,27,37,239,8.9,1,1,17,254.4,15.0,99.9%,2023
6,Saquon Barkley (NYG) ,295,"1,312",4.4,68,16,10,57,76,338,5.9,0,0,16,227.0,14.2,99.9%,2023
7,Jamaal Williams (NO) ,262,"1,066",4.1,58,10,17,12,16,73,6.1,0,2,17,213.9,12.6,88.9%,2023
8,Tony Pollard (DAL) ,193,"1,007",5.2,57,18,9,39,55,371,9.5,3,0,16,209.8,13.1,99.7%,2023
9,Dalvin Cook (FA) ,264,"1,173",4.4,81,14,8,39,56,295,7.6,2,4,17,198.8,11.7,97.5%,2023
10,Miles Sanders (CAR) ,259,"1,269",4.9,40,12,11,20,26,78,3.9,0,2,17,196.7,11.6,96.0%,2023
11,Aaron Jones (GB) ,213,"1,121",5.3,36,10,2,59,72,395,6.7,5,3,17,189.6,11.2,98.4%,2023
12,Najee Harris (PIT) ,272,"1,034",3.8,36,2,7,41,53,229,5.6,3,2,17,182.5,10.7,99.3%,2023
13,Joe Mixon (CIN) ,212,826,3.9,40,7,7,60,75,441,7.4,2,0,15,180.7,12.0,98.2%,2023
14,Rhamondre Stevenson (NE) ,210,"1,040",5.0,49,12,5,69,88,421,6.1,1,1,17,180.1,10.6,98.8%,2023
15,Kenneth Walker III (SEA) ,228,"1,050",4.6,74,21,9,27,35,165,6.1,0,0,15,175.5,11.7,98.9%,2023
16,Travis Etienne Jr. (JAC) ,220,"1,125",5.1,62,18,5,35,45,316,9.0,0,3,17,170.1,10.0,99.5%,2023
17,Ezekiel Elliott (FA) ,231,876,3.8,27,5,12,17,23,92,5.4,0,0,15,168.8,11.3,71.1%,2023
18,Alvin Kamara (NO) ,223,897,4.0,27,3,2,57,77,490,8.6,2,4,15,154.7,10.3,95.5%,2023
19,James Conner (ARI) ,183,782,4.3,23,3,7,46,58,300,6.5,1,1,13,154.2,11.9,95.3%,2023
20,Leonard Fournette (FA) ,189,668,3.5,23,1,3,73,83,523,7.2,3,0,16,154.1,9.6,24.1%,2023
21,David Montgomery (DET) ,201,801,4.0,28,2,5,34,40,316,9.3,1,2,16,143.7,9.0,92.7%,2023
22,Tyler Allgeier (ATL) ,210,"1,035",4.9,44,12,3,16,17,139,8.7,1,0,16,143.4,9.0,58.9%,2023
23,D'Andre Swift (PHI) ,99,542,5.5,50,10,5,48,70,389,8.1,3,0,14,143.1,10.2,93.7%,2023
24,Jerick McKinnon (KC) ,72,291,4.0,30,3,1,56,71,512,9.1,9,1,17,140.3,8.3,56.3%,2023
25,Devin Singletary (HOU) ,178,822,4.6,33,7,5,38,52,280,7.4,1,3,17,140.2,8.2,66.9%,2023
26,AJ Dillon (GB) ,186,770,4.1,27,3,7,28,43,206,7.4,0,0,17,139.6,8.2,88.8%,2023
27,Raheem Mostert (MIA) ,181,891,4.9,67,9,3,31,42,202,6.5,2,1,16,137.3,8.6,69.9%,2023
28,Jeff Wilson Jr. (MIA) ,176,860,4.9,41,11,5,22,37,185,8.4,1,2,16,136.5,8.5,72.7%,2023
29,Dameon Pierce (HOU) ,220,939,4.3,75,13,4,30,39,165,5.5,1,2,13,136.4,10.5,95.9%,2023
30,Cordarrelle Patterson (ATL) ,144,695,4.8,40,6,8,21,31,122,5.8,0,1,13,133.7,10.3,23.8%,2023
31,Cam Akers (LAR) ,188,786,4.2,42,6,7,13,18,117,9.0,0,2,15,128.3,8.6,93.2%,2023
32,Latavius Murray (BUF) ,171,760,4.4,52,9,6,27,35,132,4.9,0,0,14,127.2,9.1,2.4%,2023
33,D'Onta Foreman (CHI) ,203,914,4.5,60,12,5,5,9,26,5.2,0,0,16,126.0,7.9,44.9%,2023
34,Isiah Pacheco (KC) ,170,830,4.9,31,4,5,13,14,130,10.0,0,2,17,122.0,7.2,94.3%,2023
35,Antonio Gibson (WAS) ,149,546,3.7,20,1,3,46,58,353,7.7,2,0,15,119.9,8.0,83.8%,2023
36,Jonathan Taylor (IND) ,192,861,4.5,66,8,4,28,40,143,5.1,0,3,12,118.4,9.9,99.8%,2023
37,Khalil Herbert (CHI) ,129,731,5.7,63,11,4,9,12,57,6.3,1,0,13,108.8,8.4,85.9%,2023
38,Samaje Perine (DEN) ,95,394,4.1,29,1,2,38,51,287,7.6,4,0,16,104.1,6.5,83.0%,2023
39,Brian Robinson Jr. (WAS) ,205,797,3.9,24,2,2,9,12,60,6.7,1,0,12,103.7,8.6,88.7%,2023
40,Breece Hall (NYJ) ,80,463,5.8,62,7,4,19,31,218,11.5,1,1,7,96.1,13.7,98.5%,2023
41,Kareem Hunt (FA) ,123,468,3.8,24,2,3,35,44,210,6.0,1,0,17,91.8,5.4,16.5%,2023
42,Rachaad White (TB) ,129,481,3.7,35,3,1,50,58,290,5.8,2,3,17,89.1,5.2,91.7%,2023
43,Kenyan Drake (FA) ,109,482,4.4,40,9,4,17,26,89,5.2,1,0,12,87.1,7.3,0.7%,2023
44,James Cook (BUF) ,91,525,5.8,33,7,2,21,32,180,8.6,1,1,17,86.5,5.1,89.4%,2023
45,Michael Carter (NYJ) ,114,402,3.5,25,3,3,41,54,288,7.0,0,1,16,85.0,5.3,21.7%,2023
46,Clyde Edwards-Helaire (KC) ,71,302,4.3,52,5,3,17,23,151,8.9,3,0,10,81.3,8.1,21.5%,2023
47,James Robinson (FA) ,110,425,3.9,50,8,3,11,14,51,4.6,2,0,11,77.6,7.1,5.2%,2023
48,J.K. Dobbins (BAL) ,92,520,5.7,44,7,2,7,8,42,6.0,1,0,8,74.2,9.3,94.3%,2023
49,Damien Harris (BUF) ,106,462,4.4,30,3,3,17,23,97,5.7,0,0,11,73.9,6.7,60.2%,2023
50,Chuba Hubbard (CAR) ,95,466,4.9,35,6,2,14,17,171,12.2,0,1,14,73.7,5.3,34.8%,2023
51,Alexander Mattison (MIN) ,74,283,3.8,15,0,5,15,18,91,6.1,1,0,17,73.4,4.3,83.0%,2023
52,Jaylen Warren (PIT) ,77,379,4.9,31,4,1,28,33,214,7.6,0,0,16,65.3,4.1,27.1%,2023
53,Kenneth Gainwell (PHI) ,53,240,4.5,13,0,4,23,29,169,7.3,0,0,17,64.9,3.8,30.1%,2023
54,Eno Benjamin (NO) ,77,313,4.1,45,3,2,25,34,193,7.7,0,0,13,64.6,5.0,0.7%,2023
55,Melvin Gordon III (FA) ,90,318,3.5,17,0,2,25,32,223,8.9,0,2,10,62.1,6.2,0.7%,2023
56,Gus Edwards (BAL) ,87,433,5.0,37,4,3,0,2,0,0,0,1,9,59.3,6.6,11.5%,2023
57,Chase Edmonds (TB) ,68,245,3.6,28,3,2,16,24,157,9.8,1,0,13,58.2,4.5,3.5%,2023
58,Darrell Henderson Jr. (FA) ,70,283,4.0,23,1,3,17,22,102,6.0,0,0,10,56.5,5.7,0.7%,2023
59,Dontrell Hilliard (FA) ,22,145,6.6,30,3,0,21,26,177,8.4,4,0,12,56.2,4.7,0.6%,2023
60,Deon Jackson (IND) ,68,236,3.5,17,0,1,30,34,209,7.0,1,1,12,54.5,4.5,1.4%,2023
61,Zack Moss (IND) ,93,456,4.9,43,5,1,11,13,39,3.5,0,1,13,53.5,4.1,2.1%,2023
62,Nyheim Hines (BUF) ,24,33,1.4,9,0,1,30,37,241,8.0,1,0,16,51.4,3.2,3.0%,2023
63,Joshua Kelley (LAC) ,69,287,4.2,22,1,2,14,25,101,7.2,0,0,12,50.8,4.2,3.8%,2023
64,JaMycal Hasty (JAC) ,46,194,4.2,61,4,2,21,27,121,5.8,1,0,14,49.5,3.5,1.0%,2023
65,Rashaad Penny (PHI) ,57,346,6.1,41,9,2,4,5,16,4.0,0,0,5,48.2,9.6,86.6%,2023
66,Zonovan Knight (NYJ) ,85,300,3.5,48,3,1,13,14,100,7.7,0,0,7,46.0,6.6,5.7%,2023
67,Caleb Huntley (ATL) ,76,366,4.8,30,3,1,2,2,3,1.5,0,0,12,42.9,3.6,0.6%,2023
68,Boston Scott (PHI) ,54,217,4.0,21,1,3,5,6,15,3.0,0,0,15,41.2,2.7,1.4%,2023
69,Elijah Mitchell (SF) ,45,279,6.2,37,2,2,3,4,7,2.3,0,0,5,40.6,8.1,55.7%,2023
70,Matt Breida (NYG) ,54,220,4.1,18,0,1,20,25,118,5.9,0,0,17,39.8,2.3,1.0%,2023
71,Justin Jackson (FA) ,42,170,4.0,27,1,1,12,19,101,8.4,1,0,15,39.1,2.6,0.1%,2023
72,Kyle Juszczyk (SF) ,7,26,3.7,9,0,1,19,23,200,10.5,1,0,13,34.6,2.7,0.5%,2023
73,Rex Burkhead (FA) ,26,80,3.1,9,0,0,37,51,204,5.5,1,0,15,34.4,2.3,5.1%,2023
74,Mark Ingram II (FA) ,62,233,3.8,14,0,1,16,18,68,4.3,0,2,10,34.1,3.4,0.6%,2023
75,Raheem Blackshear (CAR) ,23,77,3.3,16,0,3,10,12,93,9.3,0,1,13,33.0,2.5,0.7%,2023
76,Jordan Mason (SF) ,43,258,6.0,55,4,1,0,0,0,0,0,0,12,31.8,2.7,1.7%,2023
77,Ty Johnson (FA) ,30,160,5.3,32,3,1,12,24,88,7.3,0,0,12,30.8,2.6,0.6%,2023
78,Marlon Mack (FA) ,16,84,5.3,17,0,1,8,10,99,12.4,1,0,8,30.3,3.8,3.1%,2023
79,DeeJay Dallas (SEA) ,35,186,5.3,27,1,0,17,19,126,7.4,0,0,15,30.2,2.0,0.8%,2023
80,Justice Hill (BAL) ,49,262,5.3,34,2,0,12,12,58,4.8,0,1,15,30.0,2.0,0.7%,2023
81,Ameer Abdullah (LV) ,4,20,5.0,7,0,0,25,32,211,8.4,1,0,16,29.1,1.8,0.8%,2023
82,J.D. McKissic (FA) ,22,95,4.3,33,2,0,27,40,173,6.4,0,0,9,28.8,3.2,0.6%,2023
83,Dare Ogunbowale (HOU) ,42,123,2.9,11,0,1,20,26,104,5.2,0,0,15,28.7,1.9,0.1%,2023
84,Malik Davis (DAL) ,38,161,4.2,23,2,1,6,7,63,10.5,0,0,6,28.4,4.7,1.3%,2023
85,Travis Homer (CHI) ,19,74,3.9,16,0,0,16,18,157,9.8,1,1,12,27.1,2.3,0.7%,2023
86,Javonte Williams (DEN) ,47,204,4.3,17,0,0,16,22,76,4.8,0,1,4,26.0,6.5,89.5%,2023
87,Gary Brightwell (NYG) ,31,141,4.5,25,1,1,5,8,39,7.8,0,0,15,24.0,1.6,0.3%,2023
88,Alec Ingold (MIA) ,6,8,1.3,2,0,1,15,23,105,7.0,1,0,12,23.3,1.9,0.2%,2023
89,Craig Reynolds (DET) ,23,102,4.4,21,1,0,9,10,116,12.9,0,0,7,21.8,3.1,0.4%,2023
90,Kyren Williams (LAR) ,35,139,4.0,17,0,0,9,12,76,8.4,0,0,8,21.5,2.7,3.3%,2023
91,C.J. Ham (MIN) ,4,7,1.8,3,0,2,10,12,86,8.6,0,0,11,21.3,1.9,0.1%,2023
92,Pierre Strong Jr. (NE) ,10,100,10.0,44,3,1,7,7,42,6.0,0,0,10,20.2,2.0,2.4%,2023
93,Mike Boone (HOU) ,24,102,4.3,18,0,0,9,15,96,10.7,0,0,8,19.8,2.5,0.7%,2023
94,Avery Williams (ATL) ,22,109,5.0,21,1,1,13,14,61,4.7,0,1,17,19.5,1.1,0.1%,2023
95,Jonathan Williams (WAS) ,37,152,4.1,23,1,0,7,10,40,5.7,0,0,9,19.2,2.1,0.2%,2023
96,Tevin Coleman (FA) ,12,26,2.2,14,0,1,3,3,44,14.7,1,0,3,19.0,6.3,0.0%,2023
97,Brandon Bolden (LV) ,17,66,3.9,12,0,0,10,10,62,6.2,1,0,12,18.8,1.6,0.2%,2023
98,Malcolm Brown (FA) ,18,81,4.5,23,1,1,5,6,37,7.4,0,0,7,17.8,2.5,0.0%,2023
99,Darrel Williams (FA) ,21,102,4.9,30,2,1,4,8,9,2.3,0,0,5,17.1,3.4,1.1%,2023
100,Corey Clement (ARI) ,15,55,3.7,12,0,1,5,7,54,10.8,0,0,5,16.9,3.4,0.3%,2023
101,Benny Snell Jr. (FA) ,20,90,4.5,16,0,1,2,2,17,8.5,0,0,9,16.7,1.9,1.1%,2023
102,Sony Michel (FA) ,36,106,2.9,12,0,0,9,13,53,5.9,0,0,10,15.9,1.6,1.1%,2023
103,Derek Watt (FA) ,9,21,2.3,4,0,1,5,5,11,2.2,1,0,12,15.2,1.3,0.1%,2023
104,Ronald Jones II (DAL) ,17,70,4.1,13,0,1,1,1,22,22.0,0,0,5,15.2,3.0,2.2%,2023
105,Hassan Haskins (TEN) ,25,93,3.7,12,0,0,11,12,57,5.2,0,0,14,15.0,1.1,1.4%,2023
106,Keaontay Ingram (ARI) ,27,60,2.2,13,0,1,4,5,21,5.3,0,0,11,14.1,1.3,1.6%,2023
107,Zander Horvath (LAC) ,4,8,2.0,3,0,0,5,8,8,1.6,2,0,8,13.6,1.7,0.1%,2023
108,Reggie Gilliam (BUF) ,0,0,0,0,0,0,9,11,76,8.4,1,0,8,13.6,1.7,0.1%,2023
109,Salvon Ahmed (MIA) ,12,64,5.3,11,0,1,1,1,8,8.0,0,0,7,13.2,1.9,0.1%,2023
110,Royce Freeman (FA) ,41,117,2.9,11,0,0,6,8,33,5.5,0,1,5,13.0,2.6,1.0%,2023
111,Kevin Harris (NE) ,18,52,2.9,14,0,1,0,0,0,0,0,0,5,11.2,2.2,0.4%,2023
112,Snoop Conner (JAC) ,12,42,3.5,8,0,1,0,0,0,0,0,0,5,10.2,2.0,0.2%,2023
113,Tyrion Davis-Price (SF) ,34,99,2.9,20,1,0,0,2,0,0,0,0,5,9.9,2.0,0.7%,2023
114,Chris Evans (CIN) ,0,0,0,0,0,0,3,4,38,12.7,1,0,10,9.8,1.0,1.0%,2023
115,Darrynton Evans (FA) ,14,64,4.6,21,1,0,1,1,33,33.0,0,0,3,9.7,3.2,0.0%,2023
116,Kene Nwangwu (MIN) ,9,14,1.6,8,0,0,2,2,21,10.5,0,0,14,9.5,0.7,0.7%,2023
117,Patrick Ricard (BAL) ,7,16,2.3,5,0,0,11,13,74,6.7,0,0,13,9.0,0.7,0.1%,2023
118,Phillip Lindsay (FA) ,15,49,3.3,15,0,0,6,8,19,3.2,0,0,3,8.8,2.9,0.0%,2023
119,Jordan Wilkins (FA) ,13,58,4.5,9,0,0,6,8,29,4.8,0,0,4,8.7,2.2,0.0%,2023
120,Tyler Badie (DEN) ,1,0,0.0,0,0,0,1,1,24,24.0,1,0,1,8.4,8.4,0.6%,2023
121,Jaret Patterson (WAS) ,17,78,4.6,14,0,0,0,1,0,0,0,0,2,7.8,3.9,0.1%,2023
122,Ty Montgomery (NE) ,2,-2,-1.0,0,0,0,3,4,15,5.0,1,0,1,7.3,7.3,0.2%,2023
123,Ke'Shawn Vaughn (TB) ,17,53,3.1,12,0,0,3,4,19,6.3,0,0,9,7.2,0.8,0.6%,2023
124,Zamir White (LV) ,17,70,4.1,22,1,0,0,0,0,0,0,0,11,7.0,0.6,4.7%,2023
125,Trayveon Williams (CIN) ,6,30,5.0,16,0,0,2,3,30,15.0,0,0,9,6.0,0.7,0.7%,2023
126,Myles Gaskin (MIA) ,10,26,2.6,10,0,0,4,6,28,7.0,0,0,2,5.4,2.7,0.6%,2023
127,Tony Jones Jr. (DEN) ,10,24,2.4,7,0,0,5,8,30,6.0,0,0,3,5.4,1.8,0.4%,2023
128,Isaiah Spiller (LAC) ,18,41,2.3,11,0,0,3,3,13,4.3,0,0,5,5.4,1.1,2.2%,2023
129,Julius Chestnut (TEN) ,9,12,1.3,5,0,0,3,3,41,13.7,0,0,6,5.3,0.9,0.1%,2023
130,Spencer Brown (CAR) ,9,43,4.8,7,0,0,2,4,10,5.0,0,0,2,5.3,2.7,0.1%,2023
131,David Johnson (FA) ,12,24,2.0,5,0,0,4,4,47,11.8,0,1,4,5.1,1.3,0.0%,2023
132,Ronnie Rivers (LAR) ,9,21,2.3,5,0,0,5,5,29,5.8,0,0,2,5.0,2.5,0.1%,2023
133,Patrick Taylor Jr. (GB) ,10,31,3.1,6,0,0,1,1,17,17.0,0,0,7,4.8,0.7,0.1%,2023
134,Dwayne Washington (FA) ,11,38,3.5,8,0,0,1,1,7,7.0,0,0,7,4.5,0.6,0.0%,2023
135,Trestan Ebner (CHI) ,24,54,2.3,11,0,0,2,8,8,4.0,0,1,11,4.2,0.4,0.1%,2023
136,Anthony McFarland Jr. (PIT) ,6,30,5.0,14,0,0,2,2,11,5.5,0,0,1,4.1,4.1,0.2%,2023
137,Larry Rountree III (LAC) ,13,19,1.5,5,0,0,2,2,14,7.0,0,0,3,3.3,1.1,0.1%,2023
138,Jonathan Ward (TEN) ,5,25,5.0,12,0,0,2,3,7,3.5,0,0,4,3.2,0.8,0.0%,2023
139,Giovani Bernard (FA) ,8,28,3.5,8,0,0,2,2,-1,-0.5,0,0,4,2.7,0.7,0.0%,2023
140,D'Ernest Johnson (JAC) ,4,17,4.3,7,0,0,3,3,7,2.3,0,0,10,2.4,0.2,0.7%,2023
141,Mike Davis (FA) ,8,18,2.3,10,0,0,2,2,4,2.0,0,0,5,2.2,0.4,1.0%,2023
142,Ty Chandler (MIN) ,6,20,3.3,10,0,0,0,0,0,0,0,0,2,2.0,1.0,2.3%,2023
143,Trey Sermon (PHI) ,2,19,9.5,14,0,0,0,0,0,0,0,0,1,1.9,1.9,0.6%,2023
144,Michael Burton (DEN) ,5,7,1.4,6,0,0,2,3,11,5.5,0,0,12,1.8,0.2,0.1%,2023
145,Adam Prentice (NO) ,4,9,2.3,3,0,0,3,3,9,3.0,0,0,6,1.8,0.3,0.1%,2023
146,J.J. Taylor (NE) ,10,9,0.9,5,0,0,1,1,8,8.0,0,0,1,1.7,1.7,0.1%,2023
147,Jerome Ford (CLE) ,8,12,1.5,9,0,0,0,0,0,0,0,0,13,1.2,0.1,10.6%,2023
148,Keith Smith (ATL) ,1,2,2.0,2,0,0,1,2,8,8.0,0,0,10,1.0,0.1,0.1%,2023
149,Jakob Johnson (LV) ,0,0,0,0,0,0,5,6,10,2.0,0,0,11,1.0,0.1,0.1%,2023
150,Reggie Bonnafon (FA) ,3,8,2.7,5,0,0,0,0,0,0,0,0,1,0.8,0.8,0.0%,2023
151,Godwin Igwebuike (FA) ,3,4,1.3,4,0,0,1,1,3,3.0,0,0,5,0.7,0.1,0.0%,2023
152,Devine Ozigbo (FA) ,3,4,1.3,4,0,0,1,1,3,3.0,0,0,3,0.7,0.2,0.0%,2023
153,Kylin Hill (FA) ,1,7,7.0,7,0,0,0,0,0,0,0,0,1,0.7,0.7,0.0%,2023
154,Ty'Son Williams (ARI) ,0,0,0,0,0,0,1,1,5,5.0,0,0,1,0.5,0.5,0.1%,2023
155,Demetric Felton Jr. (CLE) ,1,-4,-4.0,0,0,0,2,4,8,4.0,0,0,6,0.4,0.1,0.0%,2023
156,Duke Johnson Jr. (FA) ,2,4,2.0,4,0,0,0,0,0,0,0,0,1,0.4,0.4,0.0%,2023
157,Damien Williams (FA) ,2,2,1.0,2,0,0,0,0,0,0,0,0,1,0.2,0.2,0.1%,2023
158,Jordan Howard (FA) ,1,1,1.0,1,0,0,0,0,0,0,0,0,1,0.1,0.1,0.0%,2023
159,Austin Walter (LV) ,0,0,0,0,0,0,0,0,0,0,0,0,0,0,0,0.0%,2023
160,Khari Blasingame (CHI) ,0,0,0,0,0,0,0,1,0,0,0,0,5,0.0,0.0,0.0%,2023
161,John Lovett (MIA) ,0,0,0,0,0,0,0,0,0,0,0,0,0,0,0,0.0%,2023
162,La'Mical Perine (KC) ,0,0,0,0,0,0,0,0,0,0,0,0,1,0.0,0.0,0.3%,2023
163,Chris Myarick (NYG) ,0,0,0,0,0,0,7,8,65,9.3,1,0,10,0.0,0.0,0.0%,2023
164,Andrew Beck (HOU) ,2,0,0.0,1,0,0,5,11,69,13.8,0,0,9,0.0,0.0,0.0%,2023
165,Cullen Gillaspia (FA) ,0,0,0,0,0,0,0,0,0,0,0,0,4,0.0,0.0,0.0%,2023
166,Patrick Laird (TB) ,0,0,0,0,0,0,0,0,0,0,0,0,0,0,0,0.1%,2023
167,Qadree Ollison (JAC) ,0,0,0,0,0,0,0,0,0,0,0,0,3,0.0,0.0,0.0%,2023
168,Mike Weber (NYG) ,0,0,0,0,0,0,0,0,0,0,0,0,0,0,0,0.0%,2023
169,Jermar Jefferson (DET) ,0,0,0,0,0,0,0,0,0,0,0,0,1,0.0,0.0,0.2%,2023
170,Mohamed Ibrahim (DET) ,0,0,0,0,0,0,0,0,0,0,0,0,0,0,0,0.0%,2023
171,Kennedy Brooks (PHI) ,0,0,0,0,0,0,0,0,0,0,0,0,0,0,0,0.0%,2023
172,Sandro Platzgummer (FA) ,0,0,0,0,0,0,0,0,0,0,0,0,1,0.0,0.0,0.0%,2023
173,Jake Bargas (NO) ,0,0,0,0,0,0,0,0,0,0,0,0,0,0,0,0.0%,2023
174,Jason Huntley (PIT) ,0,0,0,0,0,0,0,0,0,0,0,0,0,0,0,0.1%,2023
175,Rico Dowdle (DAL) ,0,0,0,0,0,0,0,0,0,0,0,0,2,0.0,0.0,0.1%,2023
176,Kendre Miller (NO) ,0,0,0,0,0,0,0,0,0,0,0,0,0,0,0,28.4%,2023
177,Israel Abanikanda (NYJ) ,0,0,0,0,0,0,0,0,0,0,0,0,0,0,0,2.0%,2023
178,Bryant Koback (SEA) ,0,0,0,0,0,0,0,0,0,0,0,0,2,0.0,0.0,0.0%,2023
179,Greg Bell (DET) ,0,0,0,0,0,0,0,0,0,0,0,0,0,0,0,0.0%,2023
180,John Lovett (FA) ,0,0,0,0,0,0,0,0,0,0,0,0,1,0.0,0.0,0.0%,2023
181,Brittain Brown (LV) ,0,0,0,0,0,0,0,0,0,0,0,0,1,0.0,0.0,0.0%,2023
182,Nate McCrary (CLE) ,0,0,0,0,0,0,0,0,0,0,0,0,0,0,0,0.1%,2023
183,Ben Mason (BAL) ,0,0,0,0,0,0,0,0,0,0,0,0,1,0.0,0.0,0.0%,2023
184,Gerrid Doaks (HOU) ,0,0,0,0,0,0,0,0,0,0,0,0,0,0,0,0.0%,2023
185,Jake Funk (IND) ,0,0,0,0,0,0,0,0,0,0,0,0,1,0.0,0.0,0.0%,2023
186,Clint Ratkovich (ATL) ,0,0,0,0,0,0,0,0,0,0,0,0,0,0,0,0.0%,2023
187,Sean Tucker (TB) ,0,0,0,0,0,0,0,0,0,0,0,0,0,0,0,0.8%,2023
188,Khalan Laborn (SF) ,0,0,0,0,0,0,0,0,0,0,0,0,0,0,0,0.0%,2023
189,Jack Colletto (SF) ,0,0,0,0,0,0,0,0,0,0,0,0,0,0,0,0.0%,2023
190,Chuck McClelland (TEN) ,0,0,0,0,0,0,0,0,0,0,0,0,0,0,0,0.0%,2023
191,Tyler Hoosman (LAC) ,0,0,0,0,0,0,0,0,0,0,0,0,0,0,0,0.0%,2023
192,Elijah Dotson (LAC) ,0,0,0,0,0,0,0,0,0,0,0,0,0,0,0,0.0%,2023
193,Jordan Byrd (PIT) ,0,0,0,0,0,0,0,0,0,0,0,0,0,0,0,0.0%,2023
194,Monte Pottebaum (PIT) ,0,0,0,0,0,0,0,0,0,0,0,0,0,0,0,0.0%,2023
195,Derek Parish (JAC) ,0,0,0,0,0,0,0,0,0,0,0,0,0,0,0,0.1%,2023
196,Carlos Washington Jr. (ATL) ,0,0,0,0,0,0,0,0,0,0,0,0,0,0,0,0.0%,2023
197,Lew Nichols III (GB) ,0,0,0,0,0,0,0,0,0,0,0,0,0,0,0,0.1%,2023
198,Ronald Awatt (SF) ,0,0,0,0,0,0,0,0,0,0,0,0,0,0,0,0.0%,2023
199,Emari Demercado (ARI) ,0,0,0,0,0,0,0,0,0,0,0,0,0,0,0,0.0%,2023
200,Chris Brooks (MIA) ,0,0,0,0,0,0,0,0,0,0,0,0,0,0,0,0.0%,2023
201,Hunter Luepke (DAL) ,0,0,0,0,0,0,0,0,0,0,0,0,0,0,0,0.0%,2023
202,Zach Ojile (MIN) ,0,0,0,0,0,0,0,0,0,0,0,0,0,0,0,0.0%,2023
203,Ellis Merriweather (NO) ,0,0,0,0,0,0,0,0,0,0,0,0,0,0,0,0.0%,2023
204,Alfonzo Graham (PIT) ,0,0,0,0,0,0,0,0,0,0,0,0,0,0,0,0.0%,2023
205,Emanuel Wilson (GB) ,0,0,0,0,0,0,0,0,0,0,0,0,0,0,0,0.0%,2023
206,Jaleel McLaughlin (DEN) ,0,0,0,0,0,0,0,0,0,0,0,0,0,0,0,0.0%,2023
207,Ronnie Brown (TB) ,0,0,0,0,0,0,0,0,0,0,0,0,0,0,0,0.0%,2023
208,Owen Wright (BAL) ,0,0,0,0,0,0,0,0,0,0,0,0,0,0,0,0.0%,2023
209,Jordan Mims (BUF) ,0,0,0,0,0,0,0,0,0,0,0,0,0,0,0,0.0%,2023
210,Henry Pearson (GB) ,0,0,0,0,0,0,0,0,0,0,0,0,0,0,0,0.0%,2023
211,Deneric Prince (KC) ,0,0,0,0,0,0,0,0,0,0,0,0,0,0,0,0.0%,2023
212,Travis Dye (NYJ) ,0,0,0,0,0,0,0,0,0,0,0,0,0,0,0,0.0%,2023
213,Darius Hagans (PIT) ,0,0,0,0,0,0,0,0,0,0,0,0,0,0,0,0.0%,2023
214,Robert Burns (CHI) ,0,0,0,0,0,0,0,0,0,0,0,0,0,0,0,0.0%,2023
215,Hassan Hall (CLE) ,0,0,0,0,0,0,0,0,0,0,0,0,0,0,0,0.0%,2023
216,Jacob Saylors (CIN) ,0,0,0,0,0,0,0,0,0,0,0,0,0,0,0,0.0%,2023
217,Calvin Tyler Jr. (CIN) ,0,0,0,0,0,0,0,0,0,0,0,0,0,0,0,0.0%,2023
218,DeWayne McBride (MIN) ,0,0,0,0,0,0,0,0,0,0,0,0,0,0,0,2.6%,2023
219,Troy Hairston II (HOU) ,0,0,0,0,0,0,5,8,19,3.8,0,0,12,0.0,0.0,0.1%,2023
220,Roschon Johnson (CHI) ,0,0,0,0,0,0,0,0,0,0,0,0,0,0,0,17.3%,2023
221,Tyjae Spears (TEN) ,0,0,0,0,0,0,0,0,0,0,0,0,0,0,0,3.7%,2023
222,Keaton Mitchell (BAL) ,0,0,0,0,0,0,0,0,0,0,0,0,0,0,0,0.0%,2023
223,Xazavian Valladay (HOU) ,0,0,0,0,0,0,0,0,0,0,0,0,0,0,0,0.0%,2023
224,Camerun Peoples (CAR) ,0,0,0,0,0,0,0,0,0,0,0,0,0,0,0,0.0%,2023
225,Kenny McIntosh (SEA) ,0,0,0,0,0,0,0,0,0,0,0,0,0,0,0,0.3%,2023
226,Tiyon Evans (CAR) ,0,0,0,0,0,0,0,0,0,0,0,0,0,0,0,0.0%,2023
227,Evan Hull (IND) ,0,0,0,0,0,0,0,0,0,0,0,0,0,0,0,0.8%,2023
228,Chase Brown (CIN) ,0,0,0,0,0,0,0,0,0,0,0,0,0,0,0,4.0%,2023
229,Eric Gray (NYG) ,0,0,0,0,0,0,0,0,0,0,0,0,0,0,0,1.4%,2023
230,Jerrion Ealy (KC) ,0,0,0,0,0,0,0,0,0,0,0,0,0,0,0,0.0%,2023
231,Sincere McCormick (LV) ,0,0,0,0,0,0,0,0,0,0,0,0,0,0,0,0.0%,2023
232,Zach Charbonnet (SEA) ,0,0,0,0,0,0,0,0,0,0,0,0,0,0,0,62.4%,2023
233,Devon Achane (MIA) ,0,0,0,0,0,0,0,0,0,0,0,0,0,0,0,33.5%,2023
234,Bijan Robinson (ATL) ,0,0,0,0,0,0,0,0,0,0,0,0,0,0,0,96.8%,2023
235,Zach Evans (LAR) ,0,0,0,0,0,0,0,0,0,0,0,0,0,0,0,2.5%,2023
236,Javian Hawkins (TEN) ,0,0,0,0,0,0,0,0,0,0,0,0,0,0,0,0.0%,2023
237,Tank Bigsby (JAC) ,0,0,0,0,0,0,0,0,0,0,0,0,0,0,0,13.8%,2023
238,Chris Rodriguez Jr. (WAS) ,0,0,0,0,0,0,0,0,0,0,0,0,0,0,0,0.7%,2023
239,Deuce Vaughn (DAL) ,0,0,0,0,0,0,0,0,0,0,0,0,0,0,0,4.7%,2023
240,Tyler Goodson (GB) ,0,0,0,0,0,0,0,0,0,0,0,0,0,0,0,0.0%,2023
241,Jahmyr Gibbs (DET) ,0,0,0,0,0,0,0,0,0,0,0,0,0,0,0,92.0%,2023
242,Jashaun Corbin (NYG) ,0,0,0,0,0,0,0,0,0,0,0,0,2,0.0,0.0,0.0%,2023
243,Nick Bellore (SEA) ,1,3,3.0,3,0,0,0,0,0,0,0,0,12,0.0,0.0,21.1%,2023
244,Chad Spann (HOU) ,0,0,0,0,0,0,0,0,0,0,0,0,0,0,0,0.0%,2023
245,Jay Finley (CIN) ,0,0,0,0,0,0,0,0,0,0,0,0,0,0,0,0.0%,2023
246,Shane Bannon (KC) ,0,0,0,0,0,0,0,0,0,0,0,0,0,0,0,0.0%,2023
247,Garrett Mills (NE) ,0,0,0,0,0,0,0,0,0,0,0,0,0,0,0,0.0%,2023
248,Kenjon Barner (FA) ,0,0,0,0,0,0,0,0,0,0,0,0,1,0.0,0.0,0.0%,2023
249,Kenny Irons (CIN) ,0,0,0,0,0,0,0,0,0,0,0,0,0,0,0,0.0%,2023
250,Anthony Alridge (WAS) ,0,0,0,0,0,0,0,0,0,0,0,0,0,0,0,0.0%,2023
251,Dantrell Savage (CAR) ,0,0,0,0,0,0,0,0,0,0,0,0,0,0,0,0.0%,2023
252,Chad Simpson (WAS) ,0,0,0,0,0,0,0,0,0,0,0,0,0,0,0,0.0%,2023
253,Samkon Gado (TEN) ,0,0,0,0,0,0,0,0,0,0,0,0,0,0,0,0.0%,2023
254,Xavier Omon (SF) ,0,0,0,0,0,0,0,0,0,0,0,0,0,0,0,0.0%,2023
255,Madison Hedgecock (NYG) ,0,0,0,0,0,0,0,0,0,0,0,0,0,0,0,0.0%,2023
256,Brandin Bryant (FA) ,0,0,0,0,0,0,0,0,0,0,0,0,2,0.0,0.0,0.7%,2023
257,Alex Armah Jr. (WAS) ,0,0,0,0,0,0,0,0,0,0,0,0,0,0,0,0.0%,2023
258,J.P. Holtz (FA) ,0,0,0,0,0,0,0,0,0,0,0,0,1,0.0,0.0,0.0%,2023
259,Nick Bawden (NYJ) ,0,0,0,0,0,0,0,0,0,0,0,0,0,0,0,0.0%,2023
260,Trenton Cannon (FA) ,0,0,0,0,0,0,0,0,0,0,0,0,2,0.0,0.0,0.0%,2023
261,Taquan Mizzell (NYG) ,0,0,0,0,0,0,0,0,0,0,0,0,0,0,0,0.0%,2023
262,Jason Cabinda (DET) ,1,4,4.0,4,0,0,1,4,5,5.0,0,0,7,0.0,0.0,0.1%,2023
263,John Kelly Jr. (CLE) ,0,0,0,0,0,0,0,0,0,0,0,0,0,0,0,0.2%,2023
264,Tim Flanders (NO) ,0,0,0,0,0,0,0,0,0,0,0,0,0,0,0,0.0%,2023
265,Willie Carter (CHI) ,0,0,0,0,0,0,0,0,0,0,0,0,0,0,0,0.0%,2023
266,Brennan Clay (DEN) ,0,0,0,0,0,0,0,0,0,0,0,0,0,0,0,0.0%,2023
267,Taiwan Jones (FA) ,0,0,0,0,0,0,0,0,0,0,0,1,7,-2.0,-0.3,0.0%,2023
