RANK,PLAYER,REC,TGT,YDS,Y/R,LG,20+,TD,ATT,YDS,TD,FL,G,FPTS,FPTS/G,OWN,Year
1,Travis Kelce (KC) ,103,150,"1,336",13.0,43,26,10,0,0,0,1,16,191.6,12.0,100.0%,2018
2,George Kittle (SF) ,88,136,"1,377",15.6,85,40,5,1,10,0,0,16,170.7,10.7,98.9%,2018
3,Zach Ertz (ARI) ,116,156,"1,163",10.0,34,14,8,0,0,0,0,16,164.3,10.3,37.8%,2018
4,Eric Ebron (FA) ,66,110,750,11.4,53,10,13,3,-8,1,1,16,156.2,9.8,0.0%,2018
5,Jared Cook (FA) ,68,101,896,13.2,45,21,6,0,0,0,0,16,125.6,7.9,0.0%,2018
6,Trey Burton (FA) ,54,76,569,10.5,47,10,6,1,2,0,1,16,93.1,5.8,0.0%,2018
7,Austin Hooper (LV) ,71,88,660,9.3,36,10,4,0,0,0,0,16,92.0,5.8,2.3%,2018
8,David Njoku (CLE) ,56,88,639,11.4,66,14,4,0,0,0,0,16,87.9,5.5,92.3%,2018
9,Kyle Rudolph (FA) ,64,82,634,9.9,44,8,4,0,0,0,0,16,87.4,5.5,0.0%,2018
10,O.J. Howard (LV) ,34,48,565,16.6,75,16,5,0,0,0,0,10,86.5,8.7,0.6%,2018
11,Rob Gronkowski (FA) ,47,72,682,14.5,42,13,3,0,0,0,1,13,84.2,6.5,1.2%,2018
12,Vance McDonald (FA) ,50,72,610,12.2,75,12,4,0,0,0,1,15,83.0,5.5,0.0%,2018
13,Evan Engram (JAC) ,45,64,577,12.8,54,18,3,3,36,0,0,11,81.3,7.4,94.5%,2018
14,Jimmy Graham (FA) ,55,89,636,11.6,54,11,2,0,0,0,0,16,75.6,4.7,0.0%,2018
15,Chris Herndon IV (FA) ,39,56,502,12.9,32,10,4,0,0,0,0,16,74.2,4.6,0.0%,2018
16,Mark Andrews (BAL) ,34,50,552,16.2,74,15,3,0,0,0,0,16,73.2,4.6,99.9%,2018
17,Jordan Reed (FA) ,54,84,558,10.3,34,8,2,0,0,0,1,13,65.8,5.1,19.0%,2018
18,Cameron Brate (FA) ,30,49,289,9.6,21,2,6,0,0,0,1,16,62.9,3.9,1.1%,2018
19,C.J. Uzomah (NYJ) ,43,64,439,10.2,29,6,3,0,0,0,0,16,61.9,3.9,0.7%,2018
20,Dallas Goedert (PHI) ,33,44,334,10.1,32,6,4,0,0,0,0,16,57.4,3.6,96.8%,2018
21,Jesse James (NO) ,30,39,423,14.1,51,15,2,0,0,0,0,16,54.3,3.4,0.0%,2018
22,Gerald Everett (LAC) ,33,50,320,9.7,40,6,3,2,16,0,0,16,53.6,3.4,56.9%,2018
23,Greg Olsen (FA) ,27,38,291,10.8,23,2,4,0,0,0,0,9,53.1,5.9,7.0%,2018
24,Benjamin Watson (FA) ,35,46,400,11.4,32,7,2,0,0,0,0,16,52.0,3.3,2.8%,2018
25,Vernon Davis (FA) ,25,36,367,14.7,53,14,2,0,0,0,0,14,50.7,3.6,1.6%,2018
26,Blake Jarwin (FA) ,27,36,307,11.4,39,5,3,0,0,0,0,16,48.7,3.0,4.0%,2018
27,Antonio Gates (FA) ,28,45,333,11.9,27,5,2,0,0,0,1,16,47.3,3.0,0.2%,2018
28,Jordan Thomas (CAR) ,20,27,215,10.8,39,3,4,0,0,0,0,16,45.5,2.8,0.0%,2018
29,Ian Thomas (CAR) ,36,49,333,9.3,31,5,2,0,0,0,0,16,45.3,2.8,0.1%,2018
30,Nick Vannett (FA) ,29,43,269,9.3,32,2,3,0,0,0,0,15,44.9,3.0,0.0%,2018
31,Jonnu Smith (ATL) ,20,30,258,12.9,61,6,3,0,0,0,0,13,43.8,3.4,0.8%,2018
32,Tyler Higbee (LAR) ,24,34,292,12.2,36,5,2,0,0,0,0,16,41.2,2.6,72.6%,2018
33,Ricky Seals-Jones (FA) ,34,69,343,10.1,40,9,1,0,0,0,0,15,40.3,2.7,0.0%,2018
34,Jeff Heuerman (FA) ,31,48,281,9.1,36,3,2,0,0,0,0,11,40.1,3.6,0.0%,2018
35,Rhett Ellison (FA) ,25,34,272,10.9,29,2,1,0,0,0,0,14,35.2,2.5,0.0%,2018
36,Jack Doyle (FA) ,26,33,245,9.4,20,1,2,0,0,0,1,6,34.5,5.8,2.0%,2018
37,Demetrius Harris (FA) ,12,25,164,13.7,35,3,3,0,0,0,0,15,34.4,2.3,0.0%,2018
38,Ed Dickson (FA) ,12,13,143,11.9,42,4,3,1,9,0,0,10,33.2,3.3,0.0%,2018
39,Levine Toilolo (FA) ,21,24,263,12.5,39,3,1,0,0,0,0,16,32.3,2.0,0.0%,2018
40,Matt LaCosse (FA) ,24,37,250,10.4,44,3,1,0,0,0,0,15,31.0,2.1,0.0%,2018
41,Ryan Griffin (FA) ,24,43,305,12.7,47,6,0,0,0,0,0,14,30.5,2.2,0.0%,2018
42,Geoff Swaim (FA) ,26,32,242,9.3,43,6,1,0,0,0,0,9,30.2,3.4,0.0%,2018
43,Darren Fells (FA) ,11,12,117,10.6,49,3,3,0,0,0,0,16,29.7,1.9,0.0%,2018
44,Anthony Firkser (NE) ,19,20,225,11.8,28,3,1,0,0,0,0,12,28.5,2.4,0.0%,2018
45,Luke Stocker (FA) ,15,21,165,11.0,31,3,2,1,0,0,0,16,28.5,1.8,0.0%,2018
46,Michael Roberts (FA) ,9,20,100,11.1,29,1,3,0,0,0,0,8,28.0,3.5,0.0%,2018
47,Jason Croom (FA) ,22,35,259,11.8,26,5,1,0,0,0,2,15,27.9,1.9,0.0%,2018
48,Will Dissly (SEA) ,8,14,156,19.5,66,7,2,0,0,0,0,4,27.6,6.9,1.3%,2018
49,Virgil Green (FA) ,19,27,210,11.1,26,5,1,0,0,0,0,16,27.0,1.7,0.0%,2018
50,Erik Swoope (FA) ,8,10,87,10.9,26,1,3,0,0,0,0,7,26.7,3.8,0.0%,2018
51,Lee Smith (FA) ,10,11,73,7.3,30,2,3,0,0,0,0,16,25.3,1.6,0.0%,2018
52,Mo Alie-Cox (IND) ,7,14,133,19.0,34,5,2,0,0,0,0,9,25.3,2.8,0.7%,2018
53,Josh Hill (FA) ,16,24,185,11.6,23,4,1,0,0,0,0,16,24.5,1.5,0.0%,2018
54,Tyler Eifert (FA) ,15,19,179,11.9,29,2,1,0,0,0,0,4,23.9,6.0,0.0%,2018
55,Lance Kendricks (FA) ,19,25,170,8.9,22,2,1,0,0,0,0,16,23.0,1.4,0.0%,2018
56,Jordan Akins (CLE) ,17,25,225,13.2,28,3,0,0,0,0,0,16,22.5,1.4,0.6%,2018
57,Hayden Hurst (CAR) ,13,23,163,12.5,32,4,1,1,0,0,0,12,22.3,1.9,10.7%,2018
58,James O'Shaughnessy (FA) ,24,38,214,8.9,17,0,0,0,0,0,0,14,21.4,1.5,0.0%,2018
59,Nick Boyle (FA) ,23,37,213,9.3,25,1,0,0,0,0,0,16,21.3,1.3,0.0%,2018
60,Maxx Williams (FA) ,16,17,143,8.9,25,3,1,3,8,0,0,13,21.1,1.6,0.0%,2018
61,Garrett Celek (FA) ,5,8,90,18.0,41,4,2,0,0,0,0,15,21.0,1.4,0.0%,2018
62,Dan Arnold (PHI) ,12,19,150,12.5,25,4,1,0,0,0,0,10,21.0,2.1,0.1%,2018
63,Mike Gesicki (NE) ,22,32,202,9.2,27,1,0,0,0,0,1,16,18.2,1.1,39.1%,2018
64,Jordan Leggett (FA) ,14,25,114,8.1,16,0,1,0,0,0,0,15,17.4,1.2,0.0%,2018
65,Charles Clay (FA) ,21,36,184,8.8,21,2,0,0,0,0,1,13,16.4,1.3,0.0%,2018
66,MyCole Pruitt (FA) ,9,11,102,11.3,27,1,1,0,0,0,0,15,16.2,1.1,0.0%,2018
67,Logan Paulsen (FA) ,9,9,91,10.1,19,0,1,0,0,0,0,15,15.1,1.0,0.0%,2018
68,Austin Seferian-Jenkins (FA) ,11,19,90,8.2,21,1,1,0,0,0,0,5,15.0,3.0,0.0%,2018
69,Scott Simonson (FA) ,9,14,86,9.6,24,1,1,0,0,0,0,16,14.6,0.9,0.0%,2018
70,Nick O'Leary (FA) ,8,10,86,10.8,19,0,1,0,0,0,0,12,14.6,1.2,0.0%,2018
71,Robert Tonyan (CHI) ,4,6,77,19.3,54,4,1,0,0,0,0,16,13.7,0.9,1.8%,2018
72,Seth DeValve (FA) ,5,7,74,14.8,26,2,1,0,0,0,0,13,13.4,1.0,0.0%,2018
73,Adam Shaheen (FA) ,5,6,48,9.6,23,1,1,0,0,0,0,6,12.8,2.1,0.0%,2018
74,Derek Carrier (FA) ,7,12,67,9.6,23,1,1,0,0,0,0,16,12.7,0.8,0.0%,2018
75,Dalton Schultz (HOU) ,12,17,116,9.7,17,0,0,0,0,0,0,11,11.6,1.1,88.7%,2018
76,Chris Manhertz (DEN) ,2,5,52,26.0,50,4,1,0,0,0,0,16,11.2,0.7,0.1%,2018
77,A.J. Derby (FA) ,3,5,48,16.0,19,0,1,0,0,0,0,4,10.8,2.7,0.0%,2018
78,Jeremy Sprinkle (FA) ,5,9,41,8.2,15,0,1,0,0,0,0,16,10.1,0.6,0.0%,2018
79,Darren Waller (NYG) ,6,6,75,12.5,44,3,0,1,21,0,0,4,9.6,2.4,97.8%,2018
80,Niles Paul (FA) ,10,13,98,9.8,22,1,0,1,-3,0,0,6,9.5,1.6,0.0%,2018
81,Luke Willson (FA) ,13,19,87,6.7,13,0,0,0,0,0,0,14,8.7,0.6,0.0%,2018
82,Jake Butt (FA) ,8,13,85,10.6,22,2,0,0,0,0,0,3,8.5,2.8,0.1%,2018
83,Logan Thomas (WAS) ,12,17,77,6.4,24,1,0,0,0,0,0,12,8.3,0.7,3.0%,2018
84,Matt Lengel (FA) ,3,8,17,5.7,9,0,1,0,0,0,0,11,7.7,0.7,0.0%,2018
85,Tyler Conklin (NYJ) ,5,7,77,15.4,33,3,0,0,0,0,0,16,7.7,0.5,10.3%,2018
86,Jermaine Gresham (FA) ,9,12,94,10.4,26,1,0,0,0,0,1,13,7.4,0.6,0.0%,2018
87,Eric Tomlinson (FA) ,8,14,72,9.0,24,1,0,0,0,0,0,15,7.2,0.5,0.0%,2018
88,Joshua Perkins (FA) ,5,11,67,13.4,30,2,0,0,0,0,0,9,6.7,0.7,0.0%,2018
89,Blake Bell (KC) ,8,11,67,8.4,16,0,0,0,0,0,0,10,6.7,0.7,0.1%,2018
90,Xavier Grimble (FA) ,6,8,86,14.3,23,2,0,0,0,0,1,16,6.6,0.4,0.0%,2018
91,David Grinnage (FA) ,6,8,61,10.2,24,1,0,0,0,0,0,4,6.1,1.5,0.0%,2018
92,Jacob Hollister (FA) ,4,5,52,13.0,23,1,0,0,0,0,0,8,5.2,0.7,0.0%,2018
93,Delanie Walker (FA) ,4,7,52,13.0,16,0,0,0,0,0,0,1,5.2,5.2,0.1%,2018
94,Durham Smythe (MIA) ,6,11,50,8.3,21,1,0,0,0,0,0,15,5.0,0.3,0.3%,2018
95,Antony Auclair (FA) ,7,8,48,6.9,12,0,0,0,0,0,0,16,4.8,0.3,0.0%,2018
96,Eric Saubert (MIA) ,5,9,48,9.6,17,0,0,0,0,0,0,16,4.8,0.3,0.2%,2018
97,Neal Sterling (FA) ,6,8,47,7.8,12,0,0,0,0,0,0,5,4.7,0.9,0.0%,2018
98,Rico Gathers (FA) ,3,7,45,15.0,32,2,0,0,0,0,0,15,4.5,0.3,0.0%,2018
99,Ben Braunecker (FA) ,3,5,42,14.0,20,1,0,0,0,0,0,15,4.2,0.3,0.0%,2018
100,Marcedes Lewis (FA) ,3,4,39,13.0,30,2,0,0,0,0,0,16,3.9,0.2,0.0%,2018
101,John Phillips (FA) ,3,3,38,12.7,24,1,0,0,0,0,0,8,3.8,0.5,0.0%,2018
102,Jordan Franks (FA) ,2,3,37,18.5,32,2,0,0,0,0,0,6,3.7,0.6,0.0%,2018
103,David Morgan II (FA) ,5,6,36,7.2,13,0,0,0,0,0,0,11,3.6,0.3,0.0%,2018
104,Tyler Kroft (MIA) ,4,6,36,9.0,16,0,0,0,0,0,0,5,3.6,0.7,0.0%,2018
105,Brian Parker (FA) ,5,10,33,6.6,11,0,0,0,0,0,0,13,3.3,0.3,0.0%,2018
106,Dwayne Allen (FA) ,3,4,27,9.0,21,1,0,0,0,0,0,13,2.7,0.2,0.0%,2018
107,Sean Culkin (FA) ,1,1,24,24.0,24,1,0,0,0,0,0,13,2.4,0.2,0.0%,2018
108,Tyrone Swoopes (FA) ,1,1,23,23.0,23,1,0,0,0,0,0,1,2.3,2.3,0.0%,2018
109,Orson Charles (FA) ,3,5,23,7.7,9,0,0,0,0,0,0,13,2.3,0.2,0.0%,2018
110,Matt Flanagan (FA) ,1,2,14,14.0,14,0,0,0,0,0,0,3,1.4,0.5,0.0%,2018
111,Ross Dwelley (SF) ,2,2,14,7.0,8,0,0,0,0,0,0,11,1.4,0.1,0.1%,2018
112,Hakeem Valles (FA) ,2,3,11,5.5,6,0,0,0,0,0,0,3,1.1,0.4,0.0%,2018
113,Dion Sims (FA) ,2,4,9,4.5,9,0,0,0,0,0,0,8,0.9,0.1,0.0%,2018
114,Alan Cross (FA) ,2,5,9,4.5,6,0,0,0,0,0,0,14,0.9,0.1,0.0%,2018
115,Richard Rodgers (FA) ,1,1,7,7.0,7,0,0,0,0,0,0,7,0.7,0.1,0.0%,2018
116,Johnny Mundt (MIN) ,1,1,5,5.0,5,0,0,0,0,0,0,10,0.5,0.1,0.1%,2018
117,Khari Lee (FA) ,1,1,5,5.0,5,0,0,0,0,0,0,2,0.5,0.3,0.0%,2018
118,Kelvin Benjamin (FA) ,25,67,380,15.2,40,11,1,0,0,0,0,15,0.0,0.0,0.1%,2018
119,Jordan Matthews (FA) ,20,28,300,15.0,56,8,2,0,0,0,0,14,0.0,0.0,0.0%,2018
120,Clark Harris (FA) ,0,0,0,0,0,0,0,0,0,0,0,16,0.0,0.0,0.0%,2018
121,Darrell Daniels (FA) ,0,2,0,0,0,0,0,0,0,0,0,11,0.0,0.0,0.0%,2018
122,Taysom Hill (NO) ,3,7,4,1.3,5,0,0,37,196,2,1,16,0.0,0.0,24.2%,2018
123,Shane Smith (FA) ,0,0,0,0,0,0,0,0,0,0,0,2,0.0,0.0,0.1%,2018
124,Alex Ellis (FA) ,0,0,0,0,0,0,0,0,0,0,0,2,0.0,0.0,0.0%,2018
125,Zach Wood (NO) ,0,0,0,0,0,0,0,0,0,0,0,16,0.0,0.0,0.0%,2018
126,Cole Wick (FA) ,0,1,0,0,0,0,0,0,0,0,0,5,0.0,0.0,0.0%,2018
127,Mason Schreck (HOU) ,0,0,0,0,0,0,0,0,0,0,0,6,0.0,0.0,0.0%,2018
128,Mitchell Loewen (FA) ,0,0,0,0,0,0,0,0,0,0,0,1,0.0,0.0,0.0%,2018
129,Deon Yelder (FA) ,0,0,0,0,0,0,0,0,0,0,0,3,0.0,0.0,0.0%,2018
130,Garrett Dickerson (FA) ,0,0,0,0,0,0,0,0,0,0,0,4,0.0,0.0,0.0%,2018
131,Donnie Ernsberger (FA) ,0,0,0,0,0,0,0,0,0,0,0,2,0.0,0.0,0.0%,2018
132,James Looney (FA) ,0,0,0,0,0,0,0,0,0,0,0,3,0.0,0.0,0.0%,2018
133,Jerome Cunningham (FA) ,0,1,0,0,0,0,0,0,0,0,0,3,0.0,0.0,0.0%,2018
134,Kyle Nelson (FA) ,0,0,0,0,0,0,0,0,0,0,0,12,0.0,0.0,0.0%,2018
135,Devin Funchess (FA) ,44,79,549,12.5,27,8,4,0,0,0,0,14,0.0,0.0,0.0%,2018
136,Clive Walford (FA) ,0,0,0,0,0,0,0,0,0,0,0,1,0.0,0.0,0.0%,2018
137,Ben Koyack (FA) ,0,0,0,0,0,0,0,0,0,0,0,7,0.0,0.0,0.0%,2018
138,Jake Fisher (FA) ,0,0,0,0,0,0,0,0,0,0,0,11,0.0,0.0,0.0%,2018
139,Ryan Hewitt (FA) ,1,2,1,1.0,1,0,1,0,0,0,0,12,0.0,0.0,0.0%,2018
140,Beau Brinkley (FA) ,0,0,0,0,0,0,0,0,0,0,0,16,0.0,0.0,0.2%,2018
141,James Winchester (KC) ,0,0,0,0,0,0,0,0,0,0,0,16,0.0,0.0,0.0%,2018
142,Tyler Ott (FA) ,0,0,0,0,0,0,0,0,0,0,0,16,0.0,0.0,0.0%,2018
143,Patrick Scales (CHI) ,0,0,0,0,0,0,0,0,0,0,0,16,0.0,0.0,0.0%,2018
144,Kevin McDermott (FA) ,0,0,0,0,0,0,0,0,0,0,0,16,0.0,0.0,0.0%,2018
145,Andrew DePaola (MIN) ,0,0,0,0,0,0,0,0,0,0,0,1,0.0,0.0,0.0%,2018
146,Bronson Kaufusi (FA) ,0,0,0,0,0,0,0,0,0,0,0,3,0.0,0.0,0.0%,2018
147,Temarrick Hemingway (FA) ,0,0,0,0,0,0,0,0,0,0,0,5,0.0,0.0,0.0%,2018
148,Gabe Holmes (FA) ,0,0,0,0,0,0,0,0,0,0,0,8,0.0,0.0,0.0%,2018
149,Daniel Brown (FA) ,0,0,0,0,0,0,0,0,0,0,0,14,0.0,0.0,0.0%,2018
1,Travis Kelce (KC) ,97,136,"1,229",12.7,47,21,5,1,4,1,1,16,157.3,9.8,100.0%,2019
2,Mark Andrews (BAL) ,64,98,852,13.3,51,25,10,0,0,0,1,15,143.2,9.5,99.9%,2019
3,George Kittle (SF) ,85,107,"1,053",12.4,61,25,5,5,22,0,0,14,137.5,9.8,98.9%,2019
4,Darren Waller (NYG) ,90,117,"1,145",12.7,75,23,3,2,5,0,1,16,131.0,8.2,97.8%,2019
5,Zach Ertz (ARI) ,88,135,916,10.4,30,13,6,0,0,0,1,15,127.6,8.5,37.8%,2019
6,Jared Cook (FA) ,43,65,705,16.4,61,23,9,0,0,0,0,14,124.5,8.9,0.0%,2019
7,Austin Hooper (LV) ,75,97,787,10.5,35,11,6,0,0,0,0,13,116.7,9.0,2.3%,2019
8,Hunter Henry (NE) ,55,76,652,11.9,30,9,5,0,0,0,1,12,95.2,7.9,5.9%,2019
9,Tyler Higbee (LAR) ,69,89,734,10.6,33,13,3,0,0,0,0,15,91.4,6.1,72.6%,2019
10,Dallas Goedert (PHI) ,58,87,607,10.5,28,8,5,0,0,0,2,15,86.7,5.8,96.8%,2019
11,Mike Gesicki (NE) ,51,89,570,11.2,34,10,5,0,0,0,1,16,85.0,5.3,39.1%,2019
12,Jason Witten (FA) ,63,83,529,8.4,33,3,4,0,0,0,1,16,76.9,4.8,0.0%,2019
13,Darren Fells (FA) ,34,48,341,10.0,24,2,7,0,0,0,0,16,76.1,4.8,0.0%,2019
14,Kyle Rudolph (FA) ,39,48,367,9.4,32,4,6,0,0,0,0,16,74.7,4.7,0.0%,2019
15,Greg Olsen (FA) ,52,82,597,11.5,41,9,2,0,0,0,0,14,71.7,5.1,7.0%,2019
16,Noah Fant (SEA) ,40,66,562,14.1,75,18,3,3,-12,0,1,16,71.0,4.4,8.4%,2019
17,Jonnu Smith (ATL) ,35,44,439,12.5,57,14,3,4,78,0,0,16,69.7,4.4,0.8%,2019
18,Jack Doyle (FA) ,43,72,448,10.4,23,4,4,0,0,0,0,16,68.8,4.3,2.0%,2019
19,Evan Engram (JAC) ,44,68,467,10.6,75,9,3,3,7,0,0,8,65.4,8.2,94.5%,2019
20,Ryan Griffin (FA) ,34,41,320,9.4,45,6,5,0,0,0,0,13,64.0,4.9,0.0%,2019
21,Tyler Eifert (FA) ,43,63,436,10.1,27,4,3,0,0,0,0,16,63.6,4.0,0.0%,2019
22,Jimmy Graham (FA) ,38,60,447,11.8,48,9,3,0,0,0,0,16,62.7,3.9,0.0%,2019
23,Eric Ebron (FA) ,31,52,375,12.1,48,8,3,0,0,0,0,11,55.5,5.0,0.0%,2019
24,Cameron Brate (FA) ,36,55,311,8.6,37,2,4,0,0,0,0,16,55.1,3.4,1.1%,2019
25,Blake Jarwin (FA) ,31,41,365,11.8,42,11,3,0,0,0,0,16,54.5,3.4,4.0%,2019
26,Jordan Akins (CLE) ,36,55,418,11.6,53,7,2,0,0,0,0,16,53.8,3.4,0.6%,2019
27,Jacob Hollister (FA) ,41,59,349,8.5,22,3,3,0,0,0,0,11,52.9,4.8,0.0%,2019
28,Gerald Everett (LAC) ,37,60,408,11.0,33,9,2,1,0,0,0,13,52.8,4.1,56.9%,2019
29,Dawson Knox (BUF) ,28,50,388,13.9,49,11,2,1,9,0,0,15,51.7,3.4,53.7%,2019
30,Will Dissly (SEA) ,23,27,262,11.4,38,4,4,1,7,0,0,6,50.9,8.5,1.3%,2019
31,O.J. Howard (LV) ,34,53,459,13.5,33,11,1,0,0,0,1,14,49.9,3.6,0.6%,2019
32,T.J. Hockenson (MIN) ,32,59,367,11.5,39,7,2,0,0,0,0,12,48.7,4.1,99.8%,2019
33,Foster Moreau (NO) ,21,25,174,8.3,23,1,5,0,0,0,0,13,47.4,3.6,0.7%,2019
34,Hayden Hurst (CAR) ,30,39,349,11.6,61,7,2,0,0,0,0,16,46.9,2.9,10.7%,2019
35,Vance McDonald (FA) ,38,55,273,7.2,22,2,3,1,2,0,0,14,45.5,3.3,0.0%,2019
36,Ricky Seals-Jones (FA) ,14,22,229,16.4,59,9,4,0,0,0,1,14,44.9,3.2,0.0%,2019
37,Kaden Smith (IND) ,31,42,268,8.6,32,4,3,0,0,0,0,9,44.8,5.0,0.0%,2019
38,Nick Boyle (FA) ,31,43,321,10.4,35,5,2,0,0,0,0,16,44.1,2.8,0.0%,2019
39,Irv Smith Jr. (CIN) ,36,47,311,8.6,29,5,2,0,0,0,0,16,43.1,2.7,22.2%,2019
40,Josh Hill (FA) ,25,35,226,9.0,29,4,3,0,0,0,0,16,40.6,2.5,0.0%,2019
41,C.J. Uzomah (NYJ) ,27,40,242,9.0,36,3,2,0,0,0,0,16,36.2,2.3,0.7%,2019
42,Demetrius Harris (FA) ,15,27,149,9.9,23,2,3,0,0,0,0,15,34.9,2.3,0.0%,2019
43,Delanie Walker (FA) ,21,31,215,10.2,29,1,2,0,0,0,0,7,33.5,4.8,0.1%,2019
44,Jeremy Sprinkle (FA) ,26,40,241,9.3,23,2,1,0,0,0,0,16,30.1,1.9,0.0%,2019
45,Charles Clay (FA) ,18,24,237,13.2,47,6,1,0,0,0,0,15,29.7,2.0,0.0%,2019
46,James O'Shaughnessy (FA) ,14,20,153,10.9,35,2,2,0,0,0,0,5,27.3,5.5,0.0%,2019
47,Anthony Firkser (NE) ,14,24,204,14.6,39,6,1,0,0,0,0,15,26.4,1.8,0.0%,2019
48,Maxx Williams (FA) ,15,19,202,13.5,28,5,1,0,0,0,0,16,26.2,1.6,0.0%,2019
49,Dan Arnold (PHI) ,8,14,127,15.9,37,4,2,0,0,0,0,6,24.7,4.1,0.1%,2019
50,Logan Thomas (WAS) ,16,28,173,10.8,17,0,1,0,0,0,0,16,23.3,1.5,3.0%,2019
51,Rhett Ellison (FA) ,18,28,167,9.3,31,4,1,0,0,0,0,10,22.7,2.3,0.0%,2019
52,Marcedes Lewis (FA) ,15,19,156,10.4,25,2,1,0,0,0,0,16,21.6,1.4,0.0%,2019
53,Ross Dwelley (SF) ,15,22,91,6.1,25,1,2,0,0,0,0,16,21.1,1.3,0.1%,2019
54,Jaeden Graham (FA) ,9,10,149,16.6,53,6,1,0,0,0,0,16,20.9,1.3,0.0%,2019
55,Ian Thomas (CAR) ,16,30,136,8.5,19,0,1,0,0,0,0,16,19.6,1.2,0.1%,2019
56,Derek Carrier (FA) ,13,19,108,8.3,25,2,1,1,27,0,0,16,19.5,1.2,0.0%,2019
57,Matt LaCosse (FA) ,13,19,131,10.1,24,3,1,0,0,0,0,12,19.1,1.6,0.0%,2019
58,Vernon Davis (FA) ,10,19,123,12.3,48,3,1,0,0,0,0,4,18.3,4.6,1.6%,2019
59,Jeff Heuerman (FA) ,14,20,114,8.1,26,1,1,0,0,0,0,14,17.4,1.2,0.0%,2019
60,Ryan Izzo (FA) ,6,9,114,19.0,41,5,1,0,0,0,0,6,17.4,2.9,0.0%,2019
61,Benjamin Watson (FA) ,17,24,173,10.2,26,3,0,0,0,0,0,10,17.3,1.7,2.8%,2019
62,Nick O'Leary (FA) ,13,18,109,8.4,19,0,1,0,0,0,0,12,16.9,1.4,0.0%,2019
63,Nick Vannett (FA) ,17,22,166,9.8,18,0,0,0,0,0,0,16,16.6,1.0,0.0%,2019
64,Hale Hentges (FA) ,8,14,103,12.9,24,2,1,0,0,0,0,11,16.3,1.5,0.0%,2019
65,Robert Tonyan (CHI) ,10,15,100,10.0,28,2,1,0,0,0,0,11,16.0,1.5,1.8%,2019
66,Andrew Beck (HOU) ,9,12,90,10.0,29,1,1,1,3,0,0,16,15.5,1.0,0.0%,2019
67,MyCole Pruitt (FA) ,6,8,90,15.0,42,4,1,0,0,0,0,16,15.0,0.9,0.0%,2019
68,Joshua Perkins (FA) ,9,13,87,9.7,24,1,1,0,0,0,0,5,14.7,2.9,0.0%,2019
69,Jesse James (NO) ,16,27,142,8.9,23,1,0,0,0,0,0,16,14.2,0.9,0.0%,2019
70,Seth DeValve (FA) ,12,18,140,11.7,20,1,0,0,0,0,0,12,14.0,1.2,0.0%,2019
71,Virgil Green (FA) ,9,13,78,8.7,15,0,1,0,0,0,0,15,13.8,0.9,0.0%,2019
72,Daniel Brown (FA) ,7,11,72,10.3,24,2,1,0,0,0,0,16,13.2,0.8,0.0%,2019
73,Tyler Kroft (MIA) ,6,14,71,11.8,20,1,1,0,0,0,0,12,13.1,1.1,0.0%,2019
74,Jesper Horsted (LV) ,8,10,87,10.9,20,1,1,0,0,0,1,6,12.7,2.1,0.0%,2019
75,Ben Braunecker (FA) ,6,11,59,9.8,18,0,1,0,0,0,0,11,11.9,1.1,0.0%,2019
76,Tommy Sweeney (NYG) ,8,13,114,14.3,29,3,0,0,0,0,0,6,11.4,1.9,0.0%,2019
77,Stephen Carlson (CHI) ,5,7,51,10.2,21,1,1,0,0,0,0,9,11.1,1.2,0.0%,2019
78,David Njoku (CLE) ,5,10,41,8.2,18,0,1,0,0,0,0,4,10.1,2.5,92.3%,2019
79,Troy Fumagalli (SF) ,6,9,38,6.3,9,0,1,0,0,0,0,11,9.8,0.9,0.0%,2019
80,Mo Alie-Cox (IND) ,8,11,93,11.6,21,1,0,0,0,0,0,16,9.3,0.6,0.7%,2019
81,Lee Smith (FA) ,4,5,31,7.8,9,0,1,0,0,0,0,16,9.1,0.6,0.0%,2019
82,J.P. Holtz (FA) ,7,8,91,13.0,30,2,0,0,0,0,0,15,9.1,0.6,0.0%,2019
83,Trey Burton (FA) ,14,24,84,6.0,16,0,0,0,0,0,0,9,8.4,0.9,0.0%,2019
84,Luke Willson (FA) ,8,10,79,9.9,17,0,0,0,0,0,0,9,7.9,0.9,0.0%,2019
85,Adam Shaheen (FA) ,9,13,74,8.2,18,0,0,0,0,0,1,8,7.4,0.9,0.0%,2019
86,Cethan Carter (FA) ,2,3,13,6.5,8,0,1,0,0,0,0,15,7.3,0.5,0.0%,2019
87,Blake Bell (KC) ,8,15,67,8.4,30,2,0,0,0,0,0,15,6.7,0.4,0.1%,2019
88,Geoff Swaim (FA) ,13,17,65,5.0,9,0,0,0,0,0,0,6,6.5,1.1,0.0%,2019
89,Durham Smythe (MIA) ,7,14,65,9.3,24,1,0,0,0,0,0,16,6.5,0.4,0.3%,2019
90,Clive Walford (FA) ,4,8,57,14.3,19,0,0,0,4,0,0,8,6.1,0.8,0.0%,2019
91,Tyler Conklin (NYJ) ,8,10,58,7.3,20,1,0,0,0,0,0,16,5.8,0.4,10.3%,2019
92,Luke Stocker (FA) ,8,14,53,6.6,18,0,0,0,0,0,0,15,5.3,0.4,0.0%,2019
93,Lance Kendricks (FA) ,3,7,50,16.7,24,1,0,0,0,0,0,12,5.0,0.4,0.0%,2019
94,Deon Yelder (FA) ,3,4,50,16.7,24,1,0,0,0,0,0,10,5.0,0.5,0.0%,2019
95,Trevon Wesco (TEN) ,2,3,47,23.5,32,2,0,1,2,0,0,16,4.9,0.3,0.1%,2019
96,Ross Travis (FA) ,4,6,51,12.8,25,1,0,0,0,0,1,3,3.1,1.0,0.0%,2019
97,Codey McElroy (FA) ,1,1,30,30.0,30,2,0,0,0,0,0,1,3.0,3.0,0.0%,2019
98,Drew Sample (CIN) ,5,6,30,6.0,21,1,0,0,0,0,0,9,3.0,0.3,0.1%,2019
99,Pharaoh Brown (IND) ,2,3,27,13.5,18,0,0,0,0,0,0,9,2.7,0.3,0.0%,2019
100,Tanner Hudson (CIN) ,2,5,26,13.0,14,0,0,0,0,0,0,9,2.6,0.3,0.1%,2019
101,Johnny Mundt (MIN) ,4,7,26,6.5,9,0,0,0,0,0,0,14,2.6,0.2,0.1%,2019
102,Eric Saubert (MIA) ,2,3,21,10.5,11,0,0,0,0,0,0,2,2.1,1.1,0.2%,2019
103,Josh Oliver (MIN) ,3,6,15,5.0,6,0,0,0,0,0,0,4,1.5,0.4,0.2%,2019
104,Isaac Nauta (FA) ,2,3,13,6.5,10,0,0,0,0,0,0,6,1.3,0.2,0.0%,2019
105,Sean Culkin (FA) ,1,2,12,12.0,12,0,0,0,0,0,0,4,1.2,0.3,0.0%,2019
106,Scott Simonson (FA) ,2,2,11,5.5,10,0,0,0,0,0,0,6,1.1,0.2,0.0%,2019
107,Chris Manhertz (DEN) ,1,1,11,11.0,11,0,0,0,0,0,0,15,1.1,0.1,0.1%,2019
108,Antony Auclair (FA) ,1,3,11,11.0,11,0,0,0,0,0,0,8,1.1,0.1,0.0%,2019
109,Levine Toilolo (FA) ,2,2,10,5.0,8,0,0,0,0,0,0,13,1.0,0.1,0.0%,2019
110,Ben Koyack (FA) ,1,3,9,9.0,9,0,0,0,0,0,0,12,0.9,0.1,0.0%,2019
111,Jordan Thomas (CAR) ,1,3,8,8.0,8,0,0,0,0,0,0,6,0.8,0.1,0.0%,2019
112,Chris Herndon IV (FA) ,1,2,7,7.0,7,0,0,0,0,0,0,2,0.7,0.4,0.0%,2019
113,Dalton Schultz (HOU) ,1,2,6,6.0,6,0,0,0,0,0,0,16,0.6,0.0,88.7%,2019
114,Charles Jones (FA) ,1,1,5,5.0,5,0,0,0,0,0,0,4,0.5,0.1,0.0%,2019
115,Tyrone Swoopes (FA) ,1,1,5,5.0,5,0,0,0,0,0,0,6,0.5,0.1,0.0%,2019
116,Darrell Daniels (FA) ,1,3,4,4.0,4,0,0,0,0,0,0,11,0.4,0.0,0.0%,2019
117,Zach Gentry (PIT) ,1,1,4,4.0,4,0,0,0,0,0,0,4,0.4,0.1,0.1%,2019
118,Xavier Grimble (FA) ,1,3,3,3.0,3,0,0,0,0,0,0,3,0.3,0.1,0.0%,2019
119,Eric Tomlinson (FA) ,1,1,1,1.0,1,0,0,0,0,0,0,8,0.1,0.0,0.0%,2019
120,Carson Meier (FA) ,0,0,0,0,0,0,0,0,0,0,0,1,0.0,0.0,0.0%,2019
121,Brandon Dillon (WAS) ,0,0,0,0,0,0,0,0,0,0,0,1,0.0,0.0,0.0%,2019
122,Kendall Blanton (KC) ,0,0,0,0,0,0,0,0,0,0,0,1,0.0,0.0,0.0%,2019
123,Jace Sternberger (FA) ,0,1,0,0,0,0,0,0,0,0,0,6,0.0,0.0,0.0%,2019
124,Matthew Orzech (GB) ,0,0,0,0,0,0,0,0,0,0,0,16,0.0,0.0,0.0%,2019
125,J.J. Arcega-Whiteside (ATL) ,10,22,169,16.9,30,5,1,0,0,0,0,16,0.0,0.0,0.0%,2019
126,Logan Paulsen (FA) ,0,0,0,0,0,0,0,0,0,0,0,1,0.0,0.0,0.0%,2019
127,Kelvin Benjamin (FA) ,0,0,0,0,0,0,0,0,0,0,0,1,0.0,0.0,0.1%,2019
128,Jordan Matthews (FA) ,4,12,33,8.3,10,0,0,0,0,0,0,3,0.0,0.0,0.0%,2019
129,Richard Rodgers (FA) ,0,0,0,0,0,0,0,0,0,0,0,2,0.0,0.0,0.0%,2019
130,Erik Swoope (FA) ,0,0,0,0,0,0,0,0,0,0,0,1,0.0,0.0,0.0%,2019
131,Garrett Celek (FA) ,0,0,0,0,0,0,0,0,0,0,0,6,0.0,0.0,0.0%,2019
132,Jordan Reed (FA) ,0,0,0,0,0,0,0,0,0,0,0,1,0.0,0.0,19.0%,2019
133,Dion Sims (FA) ,0,0,0,0,0,0,0,0,0,0,0,1,0.0,0.0,0.0%,2019
134,Antonio Gates (FA) ,0,0,0,0,0,0,0,0,0,0,0,1,0.0,0.0,0.2%,2019
135,Clark Harris (FA) ,0,0,0,0,0,0,0,0,0,0,0,16,0.0,0.0,0.0%,2019
136,Jermaine Gresham (FA) ,0,0,0,0,0,0,0,0,0,0,0,1,0.0,0.0,0.0%,2019
137,Ed Dickson (FA) ,0,0,0,0,0,0,0,0,0,0,0,1,0.0,0.0,0.0%,2019
138,Rob Gronkowski (FA) ,0,0,0,0,0,0,0,0,0,0,0,1,0.0,0.0,1.2%,2019
139,Mason Schreck (HOU) ,0,0,0,0,0,0,0,0,0,0,0,3,0.0,0.0,0.0%,2019
140,Jason Vander Laan (FA) ,0,1,0,0,0,0,0,0,0,0,0,2,0.0,0.0,0.0%,2019
141,Jake Butt (FA) ,0,0,0,0,0,0,0,0,0,0,0,1,0.0,0.0,0.1%,2019
142,Mitchell Loewen (FA) ,0,0,0,0,0,0,0,0,0,0,0,1,0.0,0.0,0.0%,2019
143,Jason Croom (FA) ,0,0,0,0,0,0,0,0,0,0,0,1,0.0,0.0,0.0%,2019
144,Evan Baylis (FA) ,0,0,0,0,0,0,0,0,0,0,0,5,0.0,0.0,0.0%,2019
145,David Morgan II (FA) ,0,0,0,0,0,0,0,0,0,0,0,1,0.0,0.0,0.0%,2019
146,Alex Ellis (FA) ,0,0,0,0,0,0,0,0,0,0,0,3,0.0,0.0,0.0%,2019
147,Zach Wood (NO) ,0,0,0,0,0,0,0,0,0,0,0,16,0.0,0.0,0.0%,2019
148,Cole Wick (FA) ,0,0,0,0,0,0,0,0,0,0,0,1,0.0,0.0,0.0%,2019
149,Alan Cross (FA) ,0,0,0,0,0,0,0,0,0,0,0,1,0.0,0.0,0.0%,2019
150,Jerell Adams (FA) ,0,0,0,0,0,0,0,0,0,0,0,1,0.0,0.0,0.0%,2019
151,Jordan Franks (FA) ,0,0,0,0,0,0,0,0,0,0,0,1,0.0,0.0,0.0%,2019
152,Donnie Ernsberger (FA) ,0,0,0,0,0,0,0,0,0,0,0,1,0.0,0.0,0.0%,2019
153,Garrett Dickerson (FA) ,0,0,0,0,0,0,0,0,0,0,0,5,0.0,0.0,0.0%,2019
154,James Looney (FA) ,0,0,0,0,0,0,0,0,0,0,0,1,0.0,0.0,0.0%,2019
155,Taysom Hill (NO) ,19,22,234,12.3,45,8,6,27,156,1,0,16,0.0,0.0,24.2%,2019
156,David Grinnage (FA) ,0,0,0,0,0,0,0,0,0,0,0,1,0.0,0.0,0.0%,2019
157,Jerome Cunningham (FA) ,0,0,0,0,0,0,0,0,0,0,0,3,0.0,0.0,0.0%,2019
158,Kyle Nelson (FA) ,0,0,0,0,0,0,0,0,0,0,0,11,0.0,0.0,0.0%,2019
159,Devin Funchess (FA) ,3,5,32,10.7,16,0,0,0,0,0,0,1,0.0,0.0,0.0%,2019
160,Beau Brinkley (FA) ,0,0,0,0,0,0,0,0,0,0,0,16,0.0,0.0,0.2%,2019
161,James Winchester (KC) ,0,0,0,0,0,0,0,0,0,0,0,16,0.0,0.0,0.0%,2019
162,Tyler Ott (FA) ,0,0,0,0,0,0,0,0,0,0,0,16,0.0,0.0,0.0%,2019
163,Patrick Scales (CHI) ,0,0,0,0,0,0,0,0,0,0,0,16,0.0,0.0,0.0%,2019
164,Kevin McDermott (FA) ,0,0,0,0,0,0,0,0,0,0,0,1,0.0,0.0,0.0%,2019
165,Andrew DePaola (MIN) ,0,0,0,0,0,0,0,0,0,0,0,1,0.0,0.0,0.0%,2019
166,Bronson Kaufusi (FA) ,0,0,0,0,0,0,0,0,0,0,0,3,0.0,0.0,0.0%,2019
167,Stephen Anderson (FA) ,0,0,0,0,0,0,0,0,0,0,0,1,0.0,0.0,0.0%,2019
168,Matt Lengel (FA) ,0,0,0,0,0,0,0,0,0,0,0,2,0.0,0.0,0.0%,2019
169,Neal Sterling (FA) ,0,0,0,0,0,0,0,0,0,0,0,1,0.0,0.0,0.0%,2019
170,Khari Lee (FA) ,0,0,0,0,0,0,0,0,0,0,0,1,0.0,0.0,0.0%,2019
171,Brian Parker (FA) ,0,0,0,0,0,0,0,0,0,0,0,1,0.0,0.0,0.0%,2019
1,Travis Kelce (KC) ,105,145,"1,416",13.5,45,29,11,0,0,0,1,15,207.8,13.9,100.0%,2020
2,Darren Waller (NYG) ,107,145,"1,196",11.2,38,19,9,0,0,0,2,16,171.6,10.7,97.8%,2020
3,Robert Tonyan (CHI) ,52,59,586,11.3,45,13,11,0,0,0,0,16,124.6,7.8,1.8%,2020
4,Mark Andrews (BAL) ,58,88,701,12.1,39,13,7,0,0,0,0,14,112.1,8.0,99.9%,2020
5,T.J. Hockenson (MIN) ,67,101,723,10.8,51,10,6,1,0,0,1,16,108.3,6.8,99.8%,2020
6,Mike Gesicki (NE) ,53,85,703,13.3,70,14,6,0,0,0,0,15,106.3,7.1,39.1%,2020
7,Logan Thomas (WAS) ,72,110,670,9.3,30,6,6,3,5,0,0,16,104.6,6.5,3.0%,2020
8,Rob Gronkowski (FA) ,45,77,623,13.8,48,16,7,0,0,0,0,16,104.3,6.5,1.2%,2020
9,Jonnu Smith (ATL) ,41,65,448,10.9,63,8,8,2,4,1,0,15,99.2,6.6,0.8%,2020
10,Jimmy Graham (FA) ,50,76,456,9.1,30,5,8,0,0,0,0,16,93.6,5.9,0.0%,2020
11,Hayden Hurst (CAR) ,56,88,571,10.2,42,8,6,0,0,0,0,16,93.1,5.8,10.7%,2020
12,Jared Cook (FA) ,37,60,504,13.6,46,12,7,0,0,0,1,15,90.4,6.0,0.0%,2020
13,Noah Fant (SEA) ,62,93,673,10.9,37,11,3,0,0,0,0,15,87.3,5.8,8.4%,2020
14,Eric Ebron (FA) ,56,91,558,10.0,27,6,5,0,0,0,1,15,85.8,5.7,0.0%,2020
15,Hunter Henry (NE) ,60,93,613,10.2,33,6,4,0,0,0,0,14,85.3,6.1,5.9%,2020
16,Tyler Higbee (LAR) ,44,60,521,11.8,44,14,5,1,1,0,0,15,84.2,5.6,72.6%,2020
17,Dalton Schultz (HOU) ,63,89,615,9.8,28,3,4,0,0,0,1,16,83.5,5.2,88.7%,2020
18,Evan Engram (JAC) ,63,109,654,10.4,53,12,1,6,26,1,1,16,78.0,4.9,94.5%,2020
19,George Kittle (SF) ,48,63,634,13.2,44,13,2,2,17,0,0,8,77.1,9.6,98.9%,2020
20,Dallas Goedert (PHI) ,46,65,524,11.4,41,11,3,0,0,0,0,11,70.4,6.4,96.8%,2020
21,Irv Smith Jr. (CIN) ,30,43,365,12.2,36,7,5,0,0,0,0,13,68.5,5.3,22.2%,2020
22,Austin Hooper (LV) ,46,70,435,9.5,36,4,4,0,0,0,0,13,67.5,5.2,2.3%,2020
23,Dan Arnold (PHI) ,31,45,438,14.1,59,13,4,0,0,0,1,16,65.8,4.1,0.1%,2020
24,Trey Burton (FA) ,28,47,250,8.9,20,1,3,2,3,2,0,13,55.3,4.3,0.0%,2020
25,Darren Fells (FA) ,21,28,312,14.9,44,6,4,0,0,0,0,16,55.2,3.5,0.0%,2020
26,Gerald Everett (LAC) ,41,62,417,10.2,40,5,1,1,2,1,1,16,51.9,3.2,56.9%,2020
27,Mo Alie-Cox (IND) ,31,39,394,12.7,45,9,2,0,0,0,1,15,49.4,3.3,0.7%,2020
28,Jordan Reed (FA) ,26,46,231,8.9,26,1,4,0,0,0,0,10,47.1,4.7,19.0%,2020
29,Tyler Eifert (FA) ,36,60,349,9.7,28,1,2,0,0,0,0,15,46.9,3.1,0.0%,2020
30,Jordan Akins (CLE) ,37,49,403,10.9,26,7,1,1,4,0,0,13,46.7,3.6,0.6%,2020
31,Richard Rodgers (FA) ,24,31,345,14.4,33,7,2,0,0,0,0,14,46.5,3.3,0.0%,2020
32,Anthony Firkser (NE) ,39,53,387,9.9,45,6,1,0,0,0,0,16,44.7,2.8,0.0%,2020
33,Dawson Knox (BUF) ,24,44,288,12.0,36,4,3,0,0,0,2,12,42.8,3.6,53.7%,2020
34,Chris Herndon IV (FA) ,31,46,287,9.3,26,3,3,0,0,0,2,16,42.7,2.7,0.0%,2020
35,Zach Ertz (ARI) ,36,72,335,9.3,42,7,1,0,0,0,0,11,41.5,3.8,37.8%,2020
36,Jack Doyle (FA) ,23,33,251,10.9,28,2,3,0,0,0,1,14,41.1,2.9,2.0%,2020
37,Jacob Hollister (FA) ,25,40,209,8.4,20,1,3,0,0,0,0,16,40.9,2.6,0.0%,2020
38,Cameron Brate (FA) ,28,34,282,10.1,25,2,2,0,0,0,0,16,40.2,2.5,1.1%,2020
39,Drew Sample (CIN) ,40,53,349,8.7,23,1,1,0,0,0,1,16,38.9,2.4,0.1%,2020
40,Harrison Bryant (CLE) ,24,38,238,9.9,35,2,3,0,0,0,2,15,37.8,2.5,0.7%,2020
41,Kyle Rudolph (FA) ,28,37,334,11.9,25,5,1,0,0,0,1,12,37.4,3.1,0.0%,2020
42,Will Dissly (SEA) ,24,29,251,10.5,28,3,2,0,0,0,0,16,37.1,2.3,1.3%,2020
43,Cole Kmet (CHI) ,28,44,243,8.7,38,2,2,1,-3,0,1,16,34.0,2.1,86.7%,2020
44,Donald Parham Jr. (LAC) ,10,20,159,15.9,26,4,3,0,0,0,0,13,33.9,2.6,0.3%,2020
45,David Njoku (CLE) ,19,29,213,11.2,28,4,2,0,0,0,0,13,33.3,2.6,92.3%,2020
46,Adam Shaheen (FA) ,12,22,150,12.5,43,4,3,0,0,0,0,16,33.0,2.1,0.0%,2020
47,Durham Smythe (MIA) ,26,29,208,8.0,19,0,2,0,0,0,0,15,32.8,2.2,0.3%,2020
48,Ross Dwelley (SF) ,19,24,245,12.9,36,4,1,0,0,0,0,16,30.5,1.9,0.1%,2020
49,Tyler Kroft (MIA) ,12,16,119,9.9,38,2,3,0,0,0,0,10,29.9,3.0,0.0%,2020
50,Greg Olsen (FA) ,24,37,239,10.0,22,3,1,0,0,0,0,11,29.9,2.7,7.0%,2020
51,Marcedes Lewis (FA) ,10,17,107,10.7,36,2,3,0,0,0,0,15,28.7,1.9,0.0%,2020
52,Pharaoh Brown (IND) ,14,16,163,11.6,29,2,2,0,0,0,0,13,28.3,2.2,0.0%,2020
53,O.J. Howard (LV) ,11,19,146,13.3,33,3,2,0,0,0,0,4,26.6,6.7,0.6%,2020
54,James O'Shaughnessy (FA) ,28,38,262,9.4,26,3,0,0,0,0,0,15,26.2,1.7,0.0%,2020
55,Foster Moreau (NO) ,7,9,140,20.0,47,7,2,0,0,0,0,16,26.0,1.6,0.7%,2020
56,Tyler Conklin (NYJ) ,19,26,194,10.2,30,3,1,0,0,0,0,16,25.4,1.6,10.3%,2020
57,Jesse James (NO) ,14,22,129,9.2,31,3,2,0,0,0,0,16,24.9,1.6,0.0%,2020
58,Nick Boyle (FA) ,14,17,113,8.1,21,1,2,0,0,0,0,9,23.3,2.6,0.0%,2020
59,Adam Trautman (DEN) ,15,16,171,11.4,41,4,1,0,0,0,0,15,23.1,1.5,0.6%,2020
60,Ian Thomas (CAR) ,20,31,145,7.3,21,1,1,0,0,0,0,16,20.5,1.3,0.1%,2020
61,Jason Witten (FA) ,13,17,69,5.3,15,0,2,0,0,0,0,16,18.9,1.2,0.0%,2020
62,Albert Okwuegbunam (DEN) ,11,15,121,11.0,27,1,1,0,0,0,0,4,18.1,4.5,0.7%,2020
63,Ryan Izzo (FA) ,13,20,199,15.3,50,6,0,0,0,0,1,12,17.9,1.5,0.0%,2020
64,Jace Sternberger (FA) ,12,15,114,9.5,27,2,1,0,0,0,0,12,17.4,1.5,0.0%,2020
65,MyCole Pruitt (FA) ,5,8,49,9.8,22,1,2,0,0,0,0,11,16.9,1.5,0.0%,2020
66,Maxx Williams (FA) ,8,10,102,12.8,42,4,1,0,0,0,0,9,16.2,1.8,0.0%,2020
67,Lee Smith (FA) ,4,6,35,8.8,27,1,2,0,0,0,0,10,15.5,1.6,0.0%,2020
68,Nick Vannett (FA) ,14,21,95,6.8,19,0,1,0,0,0,0,15,15.5,1.0,0.0%,2020
69,Darrell Daniels (FA) ,8,11,92,11.5,31,3,1,0,0,0,0,12,15.2,1.3,0.0%,2020
70,C.J. Uzomah (NYJ) ,8,11,87,10.9,23,1,1,0,0,0,0,2,14.7,7.4,0.7%,2020
71,Geoff Swaim (FA) ,9,12,83,9.2,16,0,1,0,0,0,0,10,14.3,1.4,0.0%,2020
72,Troy Fumagalli (SF) ,8,15,80,10.0,29,1,1,0,0,0,0,8,14.0,1.8,0.0%,2020
73,Blake Bell (KC) ,11,15,110,10.0,24,1,0,1,2,0,0,16,11.2,0.7,0.1%,2020
74,Kaden Smith (IND) ,18,21,112,6.2,16,0,0,0,0,0,0,15,11.2,0.7,0.0%,2020
75,Virgil Green (FA) ,3,6,50,16.7,26,1,1,0,0,0,0,6,11.0,1.8,0.0%,2020
76,Stephen Anderson (FA) ,8,11,106,13.3,23,1,0,0,0,0,0,16,10.6,0.7,0.0%,2020
77,Josh Hill (FA) ,8,10,46,5.8,16,0,1,0,0,0,0,14,10.6,0.8,0.0%,2020
78,Vance McDonald (FA) ,15,20,99,6.6,15,0,0,0,0,0,0,14,9.9,0.7,0.0%,2020
79,Devin Asiasi (CIN) ,2,7,39,19.5,26,1,1,0,0,0,0,8,9.9,1.2,0.1%,2020
80,Ryan Griffin (FA) ,9,12,86,9.6,23,1,0,0,0,0,0,15,8.6,0.6,0.0%,2020
81,Dominique Dafney (TB) ,2,2,26,13.0,13,0,1,0,0,0,0,5,8.6,1.7,0.0%,2020
82,Colin Thompson (FA) ,1,2,7,7.0,7,0,1,0,0,0,0,15,6.7,0.4,0.0%,2020
83,Jason Croom (FA) ,1,1,3,3.0,3,0,1,0,0,0,0,4,6.3,1.6,0.0%,2020
84,Luke Stocker (FA) ,7,11,63,9.0,25,1,0,0,0,0,0,16,6.3,0.4,0.0%,2020
85,Jordan Thomas (CAR) ,1,2,3,3.0,3,0,1,0,0,0,0,6,6.3,1.1,0.0%,2020
86,Cethan Carter (FA) ,5,7,53,10.6,24,2,0,0,0,0,0,15,5.3,0.4,0.0%,2020
87,Johnny Mundt (MIN) ,4,4,53,13.3,34,2,0,0,0,0,0,16,5.3,0.3,0.1%,2020
88,Chris Manhertz (DEN) ,6,8,52,8.7,17,0,0,0,0,0,0,16,5.2,0.3,0.1%,2020
89,Levine Toilolo (FA) ,5,6,46,9.2,14,0,0,0,0,0,0,16,4.6,0.3,0.0%,2020
90,Demetrius Harris (FA) ,7,14,45,6.4,9,0,0,0,0,0,0,15,4.5,0.3,0.0%,2020
91,Hunter Bryant (FA) ,1,3,44,44.0,44,3,0,0,0,0,0,5,4.4,0.9,0.0%,2020
92,Nick Keizer (FA) ,6,10,63,10.5,22,1,0,0,0,0,1,16,4.3,0.3,0.0%,2020
93,Tanner Hudson (CIN) ,3,7,41,13.7,20,1,0,0,0,0,0,11,4.1,0.4,0.1%,2020
94,Juwan Johnson (NO) ,4,10,39,9.8,19,0,0,0,0,0,0,7,3.9,0.6,39.1%,2020
95,Deon Yelder (FA) ,7,11,36,5.1,12,0,0,0,0,0,0,14,3.6,0.3,0.0%,2020
96,Charlie Woerner (SF) ,3,4,36,12.0,18,0,0,0,0,0,0,14,3.6,0.3,0.0%,2020
97,Kahale Warring (FA) ,3,7,35,11.7,23,1,0,0,0,0,0,7,3.5,0.5,0.0%,2020
98,Daniel Brown (FA) ,2,2,31,15.5,18,0,0,0,0,0,0,16,3.1,0.2,0.0%,2020
99,Stephen Carlson (CHI) ,1,2,11,11.0,11,0,0,0,0,0,0,16,3.1,0.2,0.0%,2020
100,Ben Ellefson (FA) ,1,4,10,10.0,10,0,0,0,0,0,0,7,3.0,0.4,0.0%,2020
101,Jaeden Graham (FA) ,3,5,25,8.3,11,0,0,0,0,0,0,16,2.5,0.2,0.0%,2020
102,Colby Parkinson (SEA) ,2,2,16,8.0,10,0,0,0,0,0,0,6,1.6,0.3,0.1%,2020
103,Dalton Keene (PHI) ,3,5,16,5.3,8,0,0,0,0,0,0,6,1.6,0.3,0.0%,2020
104,Eric Saubert (MIA) ,3,4,16,5.3,9,0,0,0,0,0,0,8,1.6,0.2,0.2%,2020
105,Derek Carrier (FA) ,1,1,14,14.0,14,0,0,0,0,0,0,16,1.4,0.1,0.0%,2020
106,Blake Jarwin (FA) ,1,1,12,12.0,12,0,0,0,0,0,0,1,1.2,1.2,4.0%,2020
107,Josiah Deguara (GB) ,1,2,12,12.0,12,0,0,0,0,0,0,2,1.2,0.6,0.2%,2020
108,Luke Willson (FA) ,1,3,12,12.0,12,0,0,0,0,0,0,8,1.2,0.2,0.0%,2020
109,Temarrick Hemingway (FA) ,1,2,10,10.0,10,0,0,0,0,0,0,8,1.0,0.1,0.0%,2020
110,Brandon Dillon (WAS) ,1,1,6,6.0,6,0,0,0,0,0,0,3,0.6,0.2,0.0%,2020
111,Jeremy Sprinkle (FA) ,1,3,6,6.0,6,0,0,0,0,0,0,16,0.6,0.0,0.0%,2020
112,Trevon Wesco (TEN) ,1,2,5,5.0,5,0,0,1,0,0,0,12,0.5,0.0,0.1%,2020
113,Jake Butt (FA) ,2,4,5,2.5,5,0,0,0,0,0,0,5,0.5,0.1,0.1%,2020
114,Isaac Nauta (FA) ,1,2,3,3.0,3,0,0,0,0,0,0,7,0.3,0.0,0.0%,2020
115,Bruce Miller (FA) ,1,2,2,2.0,2,0,0,0,0,0,0,8,0.2,0.0,0.0%,2020
116,Marcus Baugh (FA) ,1,1,2,2.0,2,0,0,0,0,0,0,8,0.2,0.0,0.0%,2020
117,Matt Sokol (NE) ,0,0,0,0,0,0,0,0,0,0,0,2,0.0,0.0,0.1%,2020
118,Chris Myarick (NYG) ,0,0,0,0,0,0,0,0,0,0,0,3,0.0,0.0,0.0%,2020
119,Brycen Hopkins (LAR) ,0,0,0,0,0,0,0,0,0,0,0,4,0.0,0.0,0.1%,2020
120,Antonio Gandy-Golden (FA) ,1,7,3,3.0,3,0,0,1,22,0,0,6,0.0,0.0,0.0%,2020
121,Hakeem Butler (PIT) ,0,1,0,0,0,0,0,0,0,0,0,2,0.0,0.0,0.0%,2020
122,J.J. Arcega-Whiteside (ATL) ,4,8,85,21.3,37,4,0,0,0,0,0,8,0.0,0.0,0.0%,2020
123,Daniel Helm (FA) ,0,0,0,0,0,0,0,0,0,0,0,5,0.0,0.0,0.0%,2020
124,Nate Becker (FA) ,0,0,0,0,0,0,0,0,0,0,0,1,0.0,0.0,0.0%,2020
125,Caleb Wilson (FA) ,0,0,0,0,0,0,0,0,0,0,0,5,0.0,0.0,0.0%,2020
126,Zach Gentry (PIT) ,0,0,0,0,0,0,0,0,0,0,0,2,0.0,0.0,0.1%,2020
127,Andrew Beck (HOU) ,0,0,0,0,0,0,0,0,0,0,0,10,0.0,0.0,0.0%,2020
128,Hale Hentges (FA) ,0,0,0,0,0,0,0,0,0,0,0,1,0.0,0.0,0.0%,2020
129,Farrod Green (FA) ,0,0,0,0,0,0,0,0,0,0,0,1,0.0,0.0,0.0%,2020
130,Jake Bargas (NO) ,0,0,0,0,0,0,0,0,0,0,0,1,0.0,0.0,0.0%,2020
131,Noah Togiai (ARI) ,0,1,0,0,0,0,0,0,0,0,0,4,0.0,0.0,0.0%,2020
132,Stephen Sullivan (CAR) ,0,0,0,0,0,0,0,0,0,0,0,1,0.0,0.0,0.0%,2020
133,Lawrence Cager (NYG) ,2,6,35,17.5,19,0,0,0,0,0,0,2,0.0,0.0,0.1%,2020
134,Sean McKeon (DAL) ,0,0,0,0,0,0,0,0,0,0,0,14,0.0,0.0,0.0%,2020
135,Tyler Davis (GB) ,0,2,0,0,0,0,0,0,0,0,0,8,0.0,0.0,0.1%,2020
136,Tommy Stevens (FA) ,0,0,0,0,0,0,0,4,24,0,0,1,0.0,0.0,0.0%,2020
137,Reggie Gilliam (BUF) ,2,2,16,8.0,15,0,1,0,0,0,0,14,0.0,0.0,0.1%,2020
138,Rashod Berry (IND) ,0,0,0,0,0,0,0,0,0,0,0,3,0.0,0.0,1.0%,2020
139,Jordan Matthews (FA) ,0,0,0,0,0,0,0,0,0,0,0,2,0.0,0.0,0.0%,2020
140,Clark Harris (FA) ,0,0,0,0,0,0,0,0,0,0,0,16,0.0,0.0,0.0%,2020
141,Garrett Griffin (FA) ,0,0,0,0,0,0,0,0,0,0,0,4,0.0,0.0,0.0%,2020
142,Antony Auclair (FA) ,0,1,0,0,0,0,0,0,0,0,0,8,0.0,0.0,0.0%,2020
143,Mason Schreck (HOU) ,0,1,0,0,0,0,0,0,0,0,0,14,0.0,0.0,0.0%,2020
144,Ricky Seals-Jones (FA) ,0,1,0,0,0,0,0,0,0,0,0,2,0.0,0.0,0.0%,2020
145,J.P. Holtz (FA) ,0,1,0,0,0,0,0,0,0,0,0,16,0.0,0.0,0.0%,2020
146,Zach Wood (NO) ,0,0,0,0,0,0,0,0,0,0,0,16,0.0,0.0,0.0%,2020
147,Kevin Rader (TEN) ,0,1,0,0,0,0,0,0,0,0,0,1,0.0,0.0,0.1%,2020
148,Evan Baylis (FA) ,0,0,0,0,0,0,0,0,0,0,0,5,0.0,0.0,0.0%,2020
149,Sean Culkin (FA) ,0,0,0,0,0,0,0,0,0,0,0,1,0.0,0.0,0.0%,2020
150,Taysom Hill (NO) ,8,13,98,12.3,21,2,1,87,457,8,5,16,0.0,0.0,24.2%,2020
151,Kyle Nelson (FA) ,0,0,0,0,0,0,0,0,0,0,0,3,0.0,0.0,0.0%,2020
152,Eric Tomlinson (FA) ,0,1,0,0,0,0,0,0,0,0,0,7,0.0,0.0,0.0%,2020
153,Ross Travis (FA) ,0,0,0,0,0,0,0,0,0,0,0,1,0.0,0.0,0.0%,2020
154,Beau Brinkley (FA) ,0,0,0,0,0,0,0,0,0,0,0,7,0.0,0.0,0.2%,2020
155,James Winchester (KC) ,0,0,0,0,0,0,0,0,0,0,0,15,0.0,0.0,0.0%,2020
156,Tyler Ott (FA) ,0,0,0,0,0,0,0,0,0,0,0,16,0.0,0.0,0.0%,2020
157,Patrick Scales (CHI) ,0,0,0,0,0,0,0,0,0,0,0,15,0.0,0.0,0.0%,2020
158,Andrew DePaola (MIN) ,0,0,0,0,0,0,0,0,0,0,0,7,0.0,0.0,0.0%,2020
159,Seth DeValve (FA) ,0,1,0,0,0,0,0,0,0,0,0,4,0.0,0.0,0.0%,2020
1,Mark Andrews (BAL) ,107,153,"1,361",12.7,43,27,9,1,0,0,0,17,194.1,11.4,99.9%,2021
2,Travis Kelce (KC) ,92,134,"1,125",12.2,69,20,9,2,3,1,1,16,170.8,10.7,100.0%,2021
3,Dalton Schultz (HOU) ,78,104,808,10.4,32,8,8,0,0,0,0,17,130.8,7.7,88.7%,2021
4,George Kittle (SF) ,71,94,910,12.8,48,17,6,3,20,0,1,14,127.0,9.1,98.9%,2021
5,Rob Gronkowski (FA) ,55,88,802,14.6,42,20,6,0,0,0,0,12,116.2,9.7,1.2%,2021
6,Dawson Knox (BUF) ,49,71,587,12.0,53,14,9,0,4,0,0,15,115.1,7.7,53.7%,2021
7,Hunter Henry (NE) ,50,75,603,12.1,35,12,9,0,0,0,0,16,114.3,7.1,5.9%,2021
8,Dallas Goedert (PHI) ,56,76,830,14.8,45,18,4,0,0,0,0,15,109.0,7.3,96.8%,2021
9,Kyle Pitts (ATL) ,68,110,"1,026",15.1,61,25,1,0,0,0,0,17,108.6,6.4,96.1%,2021
10,Zach Ertz (ARI) ,74,112,763,10.3,47,9,5,1,4,0,0,17,106.7,6.3,37.8%,2021
11,Mike Gesicki (NE) ,73,112,780,10.7,40,15,2,0,0,0,0,17,92.0,5.4,39.1%,2021
12,Pat Freiermuth (PIT) ,60,79,497,8.3,24,2,7,0,0,0,1,16,91.7,5.7,92.9%,2021
13,Noah Fant (SEA) ,68,90,670,9.9,35,9,4,0,0,0,0,16,91.0,5.7,8.4%,2021
14,Tyler Higbee (LAR) ,61,85,560,9.2,37,4,5,0,0,0,0,15,86.0,5.7,72.6%,2021
15,Jared Cook (FA) ,48,83,564,11.8,42,9,4,0,0,0,0,16,84.4,5.3,0.0%,2021
16,T.J. Hockenson (MIN) ,61,84,583,9.6,33,9,4,0,0,0,0,12,84.3,7.0,99.8%,2021
17,C.J. Uzomah (NYJ) ,49,63,493,10.1,55,13,5,0,0,0,0,16,79.3,5.0,0.7%,2021
18,Darren Waller (NYG) ,55,93,665,12.1,33,15,2,0,0,0,0,11,78.5,7.1,97.8%,2021
19,Tyler Conklin (NYJ) ,61,87,593,9.7,40,7,3,0,0,0,0,17,77.3,4.5,10.3%,2021
20,David Njoku (CLE) ,36,53,475,13.2,71,15,4,1,1,0,0,15,71.6,4.8,92.3%,2021
21,Gerald Everett (LAC) ,48,63,478,10.0,41,8,4,3,20,0,2,15,69.8,4.7,56.9%,2021
22,Cole Kmet (CHI) ,60,93,612,10.2,25,7,0,1,0,0,0,17,61.2,3.6,86.7%,2021
23,Evan Engram (JAC) ,46,73,408,8.9,30,3,3,1,-3,0,1,15,56.5,3.8,94.5%,2021
24,Mo Alie-Cox (IND) ,24,45,316,13.2,37,6,4,0,0,0,0,17,55.6,3.3,0.7%,2021
25,Foster Moreau (NO) ,30,44,373,12.4,44,9,3,0,0,0,0,15,55.3,3.7,0.7%,2021
26,Austin Hooper (LV) ,38,61,345,9.1,34,5,3,0,0,0,0,15,54.5,3.6,2.3%,2021
27,Jack Doyle (FA) ,29,43,302,10.4,34,4,3,0,0,0,0,15,50.2,3.3,2.0%,2021
28,Cameron Brate (FA) ,30,57,245,8.2,18,0,4,0,0,0,0,16,48.5,3.0,1.1%,2021
29,Albert Okwuegbunam (DEN) ,33,40,330,10.0,64,6,2,0,0,0,1,14,43.0,3.1,0.7%,2021
30,Harrison Bryant (CLE) ,21,28,233,11.1,41,6,3,0,0,0,0,15,41.3,2.8,0.7%,2021
31,Dan Arnold (PHI) ,35,52,408,11.7,28,2,0,0,0,0,1,11,40.8,3.7,0.1%,2021
32,Juwan Johnson (NO) ,13,22,159,12.2,27,3,4,0,0,0,0,13,39.9,3.1,39.1%,2021
33,Jonnu Smith (ATL) ,28,45,294,10.5,28,5,1,9,40,0,0,16,39.4,2.5,0.8%,2021
34,Anthony Firkser (NE) ,34,43,291,8.6,24,1,2,0,0,0,1,15,39.1,2.6,0.0%,2021
35,Ricky Seals-Jones (FA) ,30,49,271,9.0,39,2,2,0,0,0,0,11,39.1,3.6,0.0%,2021
36,Geoff Swaim (FA) ,31,40,210,6.8,26,2,3,0,0,0,0,16,39.0,2.4,0.0%,2021
37,Donald Parham Jr. (LAC) ,20,27,190,9.5,22,1,3,0,0,0,0,14,39.0,2.8,0.3%,2021
38,Ryan Griffin (FA) ,27,42,261,9.7,29,4,2,0,0,0,0,14,38.1,2.7,0.0%,2021
39,Hayden Hurst (CAR) ,26,31,221,8.5,33,2,3,0,0,0,1,12,38.1,3.2,10.7%,2021
40,Jimmy Graham (FA) ,14,23,167,11.9,28,2,3,0,0,0,0,11,36.7,3.3,0.0%,2021
41,Josiah Deguara (GB) ,25,33,245,9.8,62,6,2,0,0,0,0,14,36.5,2.6,0.2%,2021
42,Adam Trautman (DEN) ,27,43,263,9.7,32,3,2,0,0,0,1,11,36.3,3.3,0.6%,2021
43,Durham Smythe (MIA) ,34,41,357,10.5,25,5,0,2,3,0,0,16,36.0,2.3,0.3%,2021
44,Brevin Jordan (HOU) ,20,28,178,8.9,27,2,3,0,0,0,0,8,35.8,4.5,0.6%,2021
45,Logan Thomas (WAS) ,18,25,196,10.9,35,3,3,0,0,0,1,5,35.6,7.1,3.0%,2021
46,MyCole Pruitt (FA) ,14,19,145,10.4,22,2,3,0,0,0,0,13,34.5,2.7,0.0%,2021
47,Kyle Rudolph (FA) ,26,39,257,9.9,60,6,1,0,0,0,0,15,33.7,2.2,0.0%,2021
48,Tommy Tremble (CAR) ,20,35,180,9.0,30,2,1,3,11,1,0,15,33.1,2.2,0.2%,2021
49,Robert Tonyan (CHI) ,18,29,204,11.3,33,5,2,0,0,0,0,8,32.4,4.1,1.8%,2021
50,John Bates (WAS) ,20,25,249,12.5,32,5,1,0,0,0,0,13,30.9,2.4,0.1%,2021
51,Will Dissly (SEA) ,21,26,231,11.0,39,6,1,0,0,0,0,13,29.1,2.2,1.3%,2021
52,James O'Shaughnessy (FA) ,24,34,244,10.2,30,6,0,0,0,0,0,7,26.4,3.8,0.0%,2021
53,Maxx Williams (FA) ,16,17,193,12.1,34,4,1,0,0,0,0,5,25.3,5.1,0.0%,2021
54,Brock Wright (DET) ,12,17,117,9.8,36,3,2,0,0,0,0,8,23.7,3.0,0.7%,2021
55,Tyler Kroft (MIA) ,16,25,173,10.8,26,3,1,0,0,0,0,9,23.3,2.6,0.0%,2021
56,Stephen Anderson (FA) ,16,19,165,10.3,34,4,1,0,0,0,0,14,22.5,1.6,0.0%,2021
57,Blake Jarwin (FA) ,11,17,96,8.7,20,1,2,0,0,0,0,8,21.6,2.7,4.0%,2021
58,Marcedes Lewis (FA) ,23,28,214,9.3,23,3,0,0,0,0,0,13,21.4,1.6,0.0%,2021
59,Eric Ebron (FA) ,12,18,84,7.0,19,0,1,1,1,1,0,8,20.5,2.6,0.0%,2021
60,O.J. Howard (LV) ,14,21,135,9.6,21,1,1,0,0,0,0,11,19.5,1.8,0.6%,2021
61,Nick Vannett (FA) ,9,15,133,14.8,30,3,1,0,0,0,0,7,19.3,2.8,0.0%,2021
62,Ian Thomas (CAR) ,18,30,188,10.4,41,5,0,0,0,0,0,14,18.8,1.3,0.1%,2021
63,Jordan Akins (CLE) ,24,33,214,8.9,31,2,0,1,3,0,2,12,17.7,1.5,0.6%,2021
64,Zach Gentry (PIT) ,19,25,167,8.8,25,2,0,0,0,0,0,10,16.7,1.7,0.1%,2021
65,Pharaoh Brown (IND) ,23,34,171,7.4,29,2,0,0,0,0,1,13,15.1,1.2,0.0%,2021
66,Jesper Horsted (LV) ,2,3,21,10.5,19,0,2,0,0,0,0,4,14.1,3.5,0.0%,2021
67,Chris Manhertz (DEN) ,6,9,71,11.8,22,1,1,0,0,0,0,10,13.1,1.3,0.1%,2021
68,Lee Smith (FA) ,9,11,65,7.2,22,1,1,0,0,0,0,10,12.5,1.3,0.0%,2021
69,Jesse James (NO) ,7,8,62,8.9,19,0,1,0,0,0,0,5,12.2,2.4,0.0%,2021
70,Jacob Hollister (FA) ,9,14,55,6.1,11,0,1,0,0,0,0,7,11.5,1.6,0.0%,2021
71,Ross Dwelley (SF) ,4,5,51,12.8,21,1,1,0,0,0,0,4,11.1,2.8,0.1%,2021
72,Adam Shaheen (FA) ,12,16,110,9.2,21,1,0,0,0,0,0,9,11.0,1.2,0.0%,2021
73,Eric Saubert (MIA) ,8,12,47,5.9,11,0,1,0,0,0,0,10,10.7,1.1,0.2%,2021
74,Antony Auclair (FA) ,5,5,47,9.4,15,0,1,0,0,0,0,4,10.7,2.7,0.0%,2021
75,Kylen Granson (IND) ,11,15,106,9.6,27,1,0,0,0,0,0,10,10.6,1.1,0.6%,2021
76,Tommy Sweeney (NYG) ,9,12,44,4.9,13,0,1,0,0,0,0,7,10.4,1.5,0.0%,2021
77,Chris Herndon IV (FA) ,4,7,40,10.0,17,0,1,0,0,0,0,6,10.0,1.7,0.0%,2021
78,Blake Bell (KC) ,9,13,87,9.7,24,2,0,4,10,0,0,12,9.7,0.8,0.1%,2021
79,Noah Gray (KC) ,7,10,36,5.1,8,0,1,0,0,0,0,7,9.6,1.4,0.8%,2021
80,Sean McKeon (DAL) ,4,6,27,6.8,12,0,1,0,0,0,0,5,8.7,1.7,0.0%,2021
81,Tyree Jackson (PHI) ,3,7,22,7.3,13,0,1,0,0,0,0,3,8.2,2.7,0.1%,2021
82,Drew Sample (CIN) ,11,15,81,7.4,19,0,0,0,0,0,0,10,8.1,0.8,0.1%,2021
83,Chris Myarick (NYG) ,3,6,17,5.7,10,0,1,0,0,0,0,5,7.7,1.5,0.0%,2021
84,Josh Oliver (MIN) ,9,15,66,7.3,19,0,0,0,0,0,0,11,6.6,0.6,0.2%,2021
85,Luke Farrell (JAC) ,7,11,56,8.0,21,1,0,0,0,0,0,9,5.6,0.6,0.1%,2021
86,Charlie Woerner (SF) ,5,6,52,10.4,27,1,0,0,0,0,0,8,5.2,0.7,0.0%,2021
87,Tre' McKitty (LAC) ,6,8,45,7.5,12,0,0,0,0,0,0,6,4.5,0.8,0.1%,2021
88,Parker Hesse (ATL) ,5,6,43,8.6,17,0,0,0,0,0,0,4,4.3,1.1,0.1%,2021
89,Darren Fells (FA) ,4,5,43,10.8,24,1,0,0,0,0,0,3,4.3,1.4,0.0%,2021
90,Garrett Griffin (FA) ,4,4,39,9.8,14,0,0,0,0,0,0,5,3.9,0.8,0.0%,2021
91,Kendall Blanton (KC) ,4,7,37,9.3,23,1,0,0,0,0,0,4,3.7,0.9,0.0%,2021
92,Kenny Yeboah (NYJ) ,2,3,36,18.0,24,1,0,0,0,0,0,3,3.6,1.2,0.0%,2021
93,Trevon Wesco (TEN) ,3,5,35,11.7,19,0,0,0,0,0,0,8,3.5,0.4,0.1%,2021
94,Tyler Davis (GB) ,4,5,35,8.8,22,1,0,0,0,0,0,8,3.5,0.4,0.1%,2021
95,Dominique Dafney (TB) ,2,4,34,17.0,26,1,0,0,0,0,0,6,3.4,0.6,0.0%,2021
96,Shane Zylstra (DET) ,3,7,34,11.3,16,0,0,0,0,0,0,3,3.4,1.1,0.1%,2021
97,Kaden Smith (IND) ,3,3,33,11.0,21,1,0,0,0,0,0,4,3.3,0.8,0.0%,2021
98,Colby Parkinson (SEA) ,5,8,33,6.6,12,0,0,0,0,0,0,6,3.3,0.6,0.1%,2021
99,Tommy Hudson (DEN) ,3,6,31,10.3,14,0,0,0,0,0,0,4,3.1,0.8,0.0%,2021
100,Jeremy Sprinkle (FA) ,3,3,31,10.3,11,0,0,0,0,0,0,6,3.1,0.5,0.0%,2021
101,Daniel Brown (FA) ,2,2,29,14.5,24,1,0,0,0,0,0,3,2.9,1.0,0.0%,2021
102,Jack Stoll (PHI) ,4,5,22,5.5,9,0,0,0,0,0,0,6,2.2,0.4,0.1%,2021
103,Cethan Carter (FA) ,2,2,16,8.0,8,0,0,0,0,0,0,8,1.6,0.2,0.0%,2021
104,Mitchell Wilcox (FA) ,3,5,16,5.3,8,0,0,0,0,0,0,4,1.6,0.4,0.0%,2021
105,Derek Carrier (FA) ,2,2,13,6.5,9,0,0,0,0,0,0,2,1.3,0.7,0.0%,2021
106,Luke Stocker (FA) ,2,2,12,6.0,7,0,0,0,0,0,0,6,1.2,0.2,0.0%,2021
107,Richard Rodgers (FA) ,2,2,11,5.5,9,0,0,0,0,0,0,1,1.1,1.1,0.0%,2021
108,Demetrius Harris (FA) ,3,6,10,3.3,7,0,0,0,0,0,0,10,1.0,0.1,0.0%,2021
109,Johnny Mundt (MIN) ,1,1,9,9.0,9,0,0,0,0,0,0,3,0.9,0.3,0.1%,2021
110,Brycen Hopkins (LAR) ,1,1,9,9.0,9,0,0,0,0,0,0,1,0.9,0.9,0.1%,2021
111,Hunter Long (LAR) ,1,3,8,8.0,8,0,0,0,0,0,0,3,0.8,0.3,0.1%,2021
112,Ethan Wolf (FA) ,2,2,8,4.0,4,0,0,0,0,0,0,1,0.8,0.8,0.0%,2021
113,Kevin Rader (TEN) ,2,3,8,4.0,7,0,0,0,0,0,0,3,0.8,0.3,0.1%,2021
114,Eric Tomlinson (FA) ,1,2,7,7.0,7,0,0,0,0,0,0,7,0.7,0.1,0.0%,2021
115,Nick Boyle (FA) ,1,2,2,2.0,2,0,0,0,0,0,0,2,0.2,0.1,0.0%,2021
116,Rashod Berry (IND) ,0,0,0,0,0,0,0,0,0,0,0,4,0.0,0.0,1.0%,2021
117,Jody Fortson (KC) ,5,5,47,9.4,27,1,2,0,0,0,0,4,0.0,0.0,0.2%,2021
118,Matthew Orzech (GB) ,0,0,0,0,0,0,0,0,0,0,0,2,0.0,0.0,0.0%,2021
119,Andrew Beck (HOU) ,0,0,0,0,0,0,0,0,0,0,0,1,0.0,0.0,0.0%,2021
120,J.J. Arcega-Whiteside (ATL) ,2,5,36,18.0,23,1,0,0,0,0,0,7,0.0,0.0,0.0%,2021
121,Farrod Green (FA) ,0,0,0,0,0,0,0,0,0,0,0,1,0.0,0.0,0.0%,2021
122,Feleipe Franks (ATL) ,0,0,0,0,0,0,0,3,6,0,0,6,0.0,0.0,0.0%,2021
123,Jared Pinkney (FA) ,0,0,0,0,0,0,0,0,0,0,0,1,0.0,0.0,0.0%,2021
124,Antonio Gandy-Golden (FA) ,0,0,0,0,0,0,0,0,0,0,0,1,0.0,0.0,0.0%,2021
125,Reggie Gilliam (BUF) ,3,5,23,7.7,8,0,0,3,3,0,0,8,0.0,0.0,0.1%,2021
126,Stephen Sullivan (CAR) ,0,1,0,0,0,0,0,0,0,0,0,1,0.0,0.0,0.0%,2021
127,Noah Togiai (ARI) ,0,0,0,0,0,0,0,0,0,0,0,1,0.0,0.0,0.0%,2021
128,Ben Ellefson (FA) ,0,1,0,0,0,0,0,0,0,0,0,3,0.0,0.0,0.0%,2021
129,Giovanni Ricci (CAR) ,0,2,0,0,0,0,0,0,0,0,0,9,0.0,0.0,0.0%,2021
130,Miller Forristall (NO) ,0,0,0,0,0,0,0,0,0,0,0,1,0.0,0.0,0.0%,2021
131,Sammis Reyes (JAC) ,0,0,0,0,0,0,0,0,0,0,0,3,0.0,0.0,0.0%,2021
132,Jacob Harris (JAC) ,0,0,0,0,0,0,0,0,0,0,0,1,0.0,0.0,0.0%,2021
133,Briley Moore (FA) ,0,0,0,0,0,0,0,0,0,0,0,2,0.0,0.0,0.0%,2021
134,Nick Ralston (FA) ,0,0,0,0,0,0,0,0,0,0,0,1,0.0,0.0,0.0%,2021
135,Jake Hausmann (FA) ,0,0,0,0,0,0,0,0,0,0,0,1,0.0,0.0,0.0%,2021
136,Codey McElroy (FA) ,0,1,0,0,0,0,0,0,0,0,0,2,0.0,0.0,0.0%,2021
137,Clark Harris (FA) ,0,0,0,0,0,0,0,0,0,0,0,1,0.0,0.0,0.0%,2021
138,Darrell Daniels (FA) ,1,4,0,0.0,0,0,0,0,0,0,0,10,0.0,0.0,0.0%,2021
139,J.P. Holtz (FA) ,0,0,0,0,0,0,0,0,0,0,0,5,0.0,0.0,0.0%,2021
140,Deon Yelder (FA) ,1,1,0,0.0,0,0,0,0,0,0,0,2,0.0,0.0,0.0%,2021
141,Taysom Hill (NO) ,4,6,52,13.0,15,0,0,70,374,5,0,12,0.0,0.0,24.2%,2021
142,Colin Thompson (FA) ,0,1,0,0,0,0,0,0,0,0,0,3,0.0,0.0,0.0%,2021
143,James Winchester (KC) ,0,0,0,0,0,0,0,0,0,0,0,1,0.0,0.0,0.0%,2021
144,Patrick Scales (CHI) ,0,0,0,0,0,0,0,0,0,0,0,5,0.0,0.0,0.0%,2021
145,Andrew DePaola (MIN) ,0,0,0,0,0,0,0,0,0,0,0,5,0.0,0.0,0.0%,2021
146,Daniel Helm (FA) ,1,2,-1,-1.0,0,0,0,0,0,0,0,3,-0.1,-0.0,0.0%,2021
1,Travis Kelce (KC) ,110,152,"1,338",12.2,52,29,12,2,5,0,1,17,206.3,12.1,100.0%,2022
2,George Kittle (SF) ,60,86,765,12.8,54,20,11,0,0,0,1,15,140.5,9.4,98.9%,2022
3,Taysom Hill (NO) ,9,13,77,8.6,30,2,2,96,575,7,0,16,136.8,8.6,24.2%,2022
4,T.J. Hockenson (MIN) ,86,129,914,10.6,81,12,6,0,0,0,1,17,129.4,7.6,99.8%,2022
5,Mark Andrews (BAL) ,73,113,847,11.6,36,8,5,3,8,0,0,15,117.5,7.8,99.9%,2022
6,Evan Engram (JAC) ,73,98,766,10.5,36,11,4,2,13,0,0,17,103.9,6.1,94.5%,2022
7,Cole Kmet (CHI) ,50,69,544,10.9,50,9,7,2,9,0,0,17,97.3,5.7,86.7%,2022
8,Juwan Johnson (NO) ,42,65,508,12.1,41,10,7,0,0,0,0,16,92.8,5.8,39.1%,2022
9,Dawson Knox (BUF) ,48,65,517,10.8,45,10,6,0,0,0,0,15,87.7,5.8,53.7%,2022
10,Dallas Goedert (PHI) ,55,69,702,12.8,31,12,3,0,0,0,1,12,86.2,7.2,96.8%,2022
11,Dalton Schultz (HOU) ,57,89,577,10.1,30,6,5,0,0,0,1,15,85.7,5.7,88.7%,2022
12,Pat Freiermuth (PIT) ,63,98,732,11.6,57,13,2,0,0,0,0,15,85.2,5.7,92.9%,2022
13,David Njoku (CLE) ,58,80,628,10.8,38,10,4,2,-8,0,1,14,84.0,6.0,92.3%,2022
14,Gerald Everett (LAC) ,58,87,555,9.6,26,4,4,1,0,0,0,15,81.5,5.4,56.9%,2022
15,Tyler Higbee (LAR) ,72,108,620,8.6,26,4,3,0,0,0,0,16,80.0,5.0,72.6%,2022
16,Jordan Akins (CLE) ,37,54,495,13.4,46,13,5,0,0,0,1,15,79.5,5.3,0.6%,2022
17,Tyler Conklin (NYJ) ,58,87,552,9.5,30,7,3,2,3,0,0,17,73.5,4.3,10.3%,2022
18,Noah Fant (SEA) ,50,63,486,9.7,51,8,4,0,0,0,0,17,72.6,4.3,8.4%,2022
19,Zach Ertz (ARI) ,47,69,406,8.6,32,3,4,0,0,0,0,10,68.6,6.9,37.8%,2022
20,Mike Gesicki (NE) ,32,52,362,11.3,32,7,5,0,0,0,0,17,66.2,3.9,39.1%,2022
21,Chigoziem Okonkwo (TEN) ,32,46,450,14.1,48,14,3,3,2,0,0,16,65.2,4.1,55.1%,2022
22,Hunter Henry (NE) ,41,59,509,12.4,39,15,2,0,0,0,0,16,62.9,3.9,5.9%,2022
23,Robert Tonyan (CHI) ,53,67,470,8.9,24,5,2,0,0,0,0,17,59.0,3.5,1.8%,2022
24,Darren Waller (NYG) ,28,43,388,13.9,34,11,3,0,0,0,0,9,56.8,6.3,97.8%,2022
25,Austin Hooper (LV) ,41,60,444,10.8,24,2,2,0,0,0,0,17,56.4,3.3,2.3%,2022
26,Hayden Hurst (CAR) ,54,70,439,8.1,29,5,2,0,0,0,0,14,55.9,4.0,10.7%,2022
27,Isaiah Likely (BAL) ,36,60,373,10.4,34,5,3,0,0,0,0,14,55.3,4.0,6.7%,2022
28,Greg Dulcich (DEN) ,33,55,411,12.5,39,9,2,0,0,0,0,10,53.1,5.3,54.0%,2022
29,Will Dissly (SEA) ,34,38,349,10.3,38,2,3,0,0,0,0,15,52.9,3.5,1.3%,2022
30,Foster Moreau (NO) ,33,54,420,12.7,33,10,2,0,2,0,1,14,52.2,3.7,0.7%,2022
31,Cade Otton (TB) ,42,65,391,9.3,35,5,2,0,0,0,0,16,51.1,3.2,2.7%,2022
32,Jelani Woods (IND) ,25,40,312,12.5,36,6,3,0,0,0,0,12,49.2,4.1,4.5%,2022
33,Kyle Pitts (ATL) ,28,59,356,12.7,33,6,2,0,0,0,0,10,47.6,4.8,96.1%,2022
34,Brock Wright (DET) ,18,24,216,12.0,51,6,4,0,0,0,0,14,45.6,3.3,0.7%,2022
35,Daniel Bellinger (NYG) ,30,35,268,8.9,24,2,2,1,2,1,1,11,45.0,4.1,1.8%,2022
36,Colby Parkinson (SEA) ,25,34,322,12.9,39,8,2,0,0,0,0,14,44.2,3.2,0.1%,2022
37,Noah Gray (KC) ,28,34,299,10.7,27,3,1,1,1,1,0,17,42.0,2.5,0.8%,2022
38,MyCole Pruitt (FA) ,16,21,150,9.4,29,2,4,0,0,0,0,10,39.0,3.9,0.0%,2022
39,Logan Thomas (WAS) ,39,61,323,8.3,27,2,1,0,0,0,0,13,38.3,2.9,3.0%,2022
40,C.J. Uzomah (NYJ) ,21,27,232,11.0,40,8,2,0,0,0,0,14,35.2,2.5,0.7%,2022
41,Mo Alie-Cox (IND) ,19,28,189,9.9,34,2,3,0,0,0,1,14,34.9,2.5,0.7%,2022
42,Tommy Tremble (CAR) ,19,32,174,9.2,29,1,3,0,0,0,1,15,33.4,2.2,0.2%,2022
43,Trey McBride (ARI) ,29,39,265,9.1,29,3,1,0,0,0,0,12,32.5,2.7,12.3%,2022
44,Harrison Bryant (CLE) ,31,42,239,7.7,30,2,1,1,8,0,0,14,30.7,2.2,0.7%,2022
45,Irv Smith Jr. (CIN) ,25,36,182,7.3,17,0,2,0,0,0,0,8,30.2,3.8,22.2%,2022
46,Kylen Granson (IND) ,31,40,302,9.7,32,4,0,1,0,0,0,13,30.2,2.3,0.6%,2022
47,Shane Zylstra (DET) ,11,15,60,5.5,14,0,4,0,0,0,0,9,30.0,3.3,0.1%,2022
48,Jake Ferguson (DAL) ,19,22,174,9.2,30,4,2,0,0,0,0,11,29.4,2.7,3.3%,2022
49,Peyton Hendershot (DAL) ,11,16,103,9.4,29,2,2,1,2,1,0,12,28.5,2.4,0.2%,2022
50,Josh Oliver (MIN) ,14,25,149,10.6,40,3,2,0,0,0,0,12,26.9,2.2,0.2%,2022
51,Adam Trautman (DEN) ,18,22,207,11.5,22,2,1,0,0,0,0,13,26.7,2.1,0.6%,2022
52,O.J. Howard (LV) ,10,23,145,14.5,26,4,2,0,0,0,0,11,26.5,2.4,0.6%,2022
53,Jonnu Smith (ATL) ,27,38,245,9.1,53,6,0,1,5,0,0,12,25.0,2.1,0.8%,2022
54,Durham Smythe (MIA) ,15,20,129,8.6,26,1,1,2,1,1,0,13,25.0,1.9,0.3%,2022
55,Connor Heyward (PIT) ,12,17,151,12.6,45,4,1,2,27,0,0,15,23.8,1.6,0.2%,2022
56,Teagan Quitoriano (HOU) ,7,14,113,16.1,52,5,2,0,0,0,0,7,23.3,3.3,0.2%,2022
57,Jody Fortson (KC) ,9,13,108,12.0,40,4,2,0,0,0,1,10,20.8,2.1,0.2%,2022
58,Eric Saubert (MIA) ,15,24,148,9.9,25,3,1,0,0,0,0,14,20.8,1.5,0.2%,2022
59,Marcedes Lewis (FA) ,6,7,66,11.0,31,2,2,0,0,0,0,6,20.6,3.4,0.0%,2022
60,Johnny Mundt (MIN) ,19,21,140,7.4,17,0,1,0,0,0,0,13,20.0,1.5,0.1%,2022
61,Eric Tomlinson (FA) ,9,13,79,8.8,18,0,2,0,0,0,0,9,19.9,2.2,0.0%,2022
62,Mitchell Wilcox (FA) ,17,18,139,8.2,19,0,1,0,0,0,0,9,19.9,2.2,0.0%,2022
63,Ian Thomas (CAR) ,21,30,197,9.4,50,4,0,0,0,0,0,14,19.7,1.4,0.1%,2022
64,Donald Parham Jr. (LAC) ,10,12,130,13.0,24,2,1,0,0,0,0,6,19.0,3.2,0.3%,2022
65,Cameron Brate (FA) ,20,38,174,8.7,21,1,0,0,0,0,0,9,17.4,1.9,1.1%,2022
66,James Mitchell (DET) ,11,11,113,10.3,22,2,1,0,0,0,0,8,17.3,2.2,0.1%,2022
67,John Bates (WAS) ,14,22,108,7.7,20,1,1,0,0,0,0,10,16.8,1.7,0.1%,2022
68,Ross Dwelley (SF) ,3,5,105,35.0,56,6,1,0,0,0,0,5,16.5,3.3,0.1%,2022
69,Albert Okwuegbunam (DEN) ,10,18,95,9.5,25,1,1,0,0,0,0,6,15.5,2.6,0.7%,2022
70,Ko Kieft (TB) ,7,10,80,11.4,19,0,1,0,0,0,0,14,14.0,1.0,0.1%,2022
71,Dan Arnold (PHI) ,9,13,135,15.0,26,3,0,0,0,0,0,11,13.5,1.2,0.1%,2022
72,Zach Gentry (PIT) ,19,23,132,6.9,32,3,0,0,0,0,0,14,13.2,0.9,0.1%,2022
73,Tanner Hudson (CIN) ,10,15,132,13.2,27,1,0,0,0,0,0,6,13.2,2.2,0.1%,2022
74,Brevin Jordan (HOU) ,14,28,128,9.1,20,2,0,0,0,0,0,9,12.8,1.4,0.6%,2022
75,Chris Myarick (NYG) ,7,8,65,9.3,23,1,1,0,0,0,0,10,12.5,1.3,0.0%,2022
76,Quintin Morris (BUF) ,8,11,84,10.5,26,1,1,0,0,0,1,9,12.4,1.4,0.1%,2022
77,Jack Stoll (PHI) ,11,14,123,11.2,26,2,0,0,0,0,0,10,12.3,1.2,0.1%,2022
78,Geoff Swaim (FA) ,12,16,58,4.8,13,0,1,0,0,0,0,12,11.8,1.0,0.0%,2022
79,Pharaoh Brown (IND) ,12,20,117,9.8,30,2,0,0,0,0,0,9,11.7,1.3,0.0%,2022
80,Josiah Deguara (GB) ,13,15,114,8.8,25,1,0,0,0,0,0,9,11.4,1.3,0.2%,2022
81,Brycen Hopkins (LAR) ,7,11,109,15.6,22,2,0,0,0,0,0,7,10.9,1.6,0.1%,2022
82,Giovanni Ricci (CAR) ,8,9,100,12.5,32,2,0,0,0,0,0,11,10.0,0.9,0.0%,2022
83,Anthony Firkser (NE) ,9,13,100,11.1,22,1,0,0,0,0,0,8,10.0,1.3,0.0%,2022
84,Armani Rogers (WAS) ,5,6,64,12.8,23,1,0,2,26,0,0,9,9.0,1.0,0.1%,2022
85,Parker Hesse (ATL) ,9,11,89,9.9,22,1,0,0,0,0,0,12,8.9,0.7,0.1%,2022
86,Kyle Rudolph (FA) ,3,5,28,9.3,12,0,1,0,0,0,0,5,8.8,1.8,0.0%,2022
87,Grant Calcaterra (PHI) ,5,9,81,16.2,40,3,0,0,0,0,0,6,8.1,1.4,0.1%,2022
88,Blake Bell (KC) ,2,2,20,10.0,17,0,1,0,0,0,0,2,8.0,4.0,0.1%,2022
89,Tre' McKitty (LAC) ,10,18,72,7.2,12,0,0,0,0,0,0,13,7.2,0.6,0.1%,2022
90,Andrew Beck (HOU) ,5,11,69,13.8,27,2,0,2,0,0,0,9,6.9,0.8,0.0%,2022
91,Tyler Mabry (SEA) ,1,1,7,7.0,7,0,1,0,0,0,0,1,6.7,6.7,0.0%,2022
92,Tyler Kroft (MIA) ,4,5,57,14.3,28,1,0,0,0,0,0,6,5.7,1.0,0.0%,2022
93,Nick Vannett (FA) ,6,9,55,9.2,15,0,0,0,0,0,0,7,5.5,0.8,0.0%,2022
94,Charlie Kolar (BAL) ,4,6,49,12.3,15,0,0,0,0,0,0,1,4.9,4.9,0.1%,2022
95,Trevon Wesco (TEN) ,2,4,26,13.0,23,1,0,0,0,0,0,6,4.6,0.8,0.1%,2022
96,Stephen Sullivan (CAR) ,2,6,46,23.0,33,2,0,0,0,0,0,8,4.6,0.6,0.0%,2022
97,Chris Manhertz (DEN) ,6,8,42,7.0,21,1,0,0,0,0,0,8,4.2,0.5,0.1%,2022
98,Luke Farrell (JAC) ,4,4,40,10.0,15,0,0,0,0,0,0,4,4.0,1.0,0.1%,2022
99,Kendall Blanton (KC) ,2,2,35,17.5,28,1,0,0,0,0,0,2,3.5,1.8,0.0%,2022
100,Ryan Griffin (FA) ,4,8,26,6.5,18,0,0,0,0,0,0,10,2.6,0.3,0.0%,2022
101,Tyler Davis (GB) ,4,7,26,6.5,23,1,0,0,0,0,0,11,2.6,0.2,0.1%,2022
102,Ben Ellefson (FA) ,3,3,26,8.7,12,0,0,0,0,0,0,2,2.6,1.3,0.0%,2022
103,Cole Turner (WAS) ,2,9,23,11.5,18,0,0,0,0,0,0,7,2.3,0.3,0.1%,2022
104,Jesper Horsted (LV) ,3,4,19,6.3,9,0,0,0,0,0,0,5,1.9,0.4,0.0%,2022
105,Maxx Williams (FA) ,3,3,18,6.0,7,0,0,0,0,0,0,3,1.8,0.6,0.0%,2022
106,Stone Smartt (LAC) ,4,5,17,4.3,8,0,0,0,0,0,0,3,1.7,0.6,0.0%,2022
107,Sean McKeon (DAL) ,2,3,11,5.5,10,0,0,0,0,0,0,3,1.1,0.4,0.0%,2022
108,Stephen Anderson (FA) ,3,7,9,3.0,6,0,0,0,0,0,0,9,0.9,0.1,0.0%,2022
109,Jeremy Ruckert (NYJ) ,1,2,8,8.0,8,0,0,0,0,0,0,2,0.8,0.4,0.2%,2022
110,Tommy Sweeney (NYG) ,1,1,7,7.0,7,0,0,0,0,0,0,2,0.7,0.4,0.0%,2022
111,Mason Schreck (HOU) ,2,2,6,3.0,6,0,0,0,0,0,0,2,0.6,0.3,0.0%,2022
112,Jacob Harris (JAC) ,1,1,6,6.0,6,0,0,0,0,0,0,3,0.6,0.2,0.0%,2022
113,Devin Asiasi (CIN) ,2,4,5,2.5,6,0,0,0,0,0,0,5,0.5,0.1,0.1%,2022
114,Richard Rodgers (FA) ,1,4,4,4.0,4,0,0,0,0,0,0,3,0.4,0.1,0.0%,2022
115,Tyree Jackson (PHI) ,0,0,0,0,0,0,0,0,0,0,0,2,0.0,0.0,0.1%,2022
116,Alize Mack (TEN) ,0,0,0,0,0,0,0,0,0,0,0,0,0,0,0.0%,2022
117,Stephen Carlson (CHI) ,0,0,0,0,0,0,0,0,0,0,0,0,0,0,0.0%,2022
118,Mitchell Fraboni (DEN) ,0,0,0,0,0,0,0,0,0,0,0,3,0.0,0.0,0.0%,2022
119,Brandon Dillon (WAS) ,0,0,0,0,0,0,0,0,0,0,0,0,0,0,0.0%,2022
120,Kaden Smith (IND) ,0,0,0,0,0,0,0,0,0,0,0,0,0,0,0.0%,2022
121,Hakeem Butler (PIT) ,0,0,0,0,0,0,0,0,0,0,0,0,0,0,0.0%,2022
122,J.J. Arcega-Whiteside (ATL) ,0,0,0,0,0,0,0,0,0,0,0,0,0,0,0.0%,2022
123,Feleipe Franks (ATL) ,0,2,0,0,0,0,0,1,0,0,0,5,0.0,0.0,0.0%,2022
124,Tommy Hudson (DEN) ,0,0,0,0,0,0,0,0,0,0,0,0,0,0,0.0%,2022
125,Noah Togiai (ARI) ,0,1,0,0,0,0,0,0,0,0,0,1,0.0,0.0,0.0%,2022
126,Lawrence Cager (NYG) ,13,19,118,9.1,20,1,1,0,0,0,0,6,0.0,0.0,0.1%,2022
127,Reggie Gilliam (BUF) ,9,11,76,8.4,14,0,1,0,0,0,0,8,0.0,0.0,0.1%,2022
128,Rashod Berry (IND) ,0,0,0,0,0,0,0,0,0,0,0,0,0,0,1.0%,2022
129,Scotty Washington (NE) ,0,0,0,0,0,0,0,0,0,0,0,0,0,0,0.0%,2022
130,Nick Bowers (CIN) ,0,0,0,0,0,0,0,0,0,0,0,0,0,0,0.0%,2022
131,Jake Bargas (NO) ,0,0,0,0,0,0,0,0,0,0,0,0,0,0,0.0%,2022
132,Charlie Woerner (SF) ,0,2,0,0,0,0,0,0,0,0,0,5,0.0,0.0,0.0%,2022
133,Matt Sokol (NE) ,0,0,0,0,0,0,0,0,0,0,0,0,0,0,0.1%,2022
134,Matthew Orzech (GB) ,0,0,0,0,0,0,0,0,0,0,0,2,0.0,0.0,0.0%,2022
135,Jared Pinkney (FA) ,0,0,0,0,0,0,0,0,0,0,0,2,0.0,0.0,0.0%,2022
136,Chase Allen (CHI) ,0,0,0,0,0,0,0,0,0,0,0,0,0,0,0.1%,2022
137,Dalton Keene (PHI) ,0,0,0,0,0,0,0,0,0,0,0,0,0,0,0.0%,2022
138,Curtis Hodges (WAS) ,0,0,0,0,0,0,0,0,0,0,0,0,0,0,0.0%,2022
139,Andrew Ogletree (IND) ,0,0,0,0,0,0,0,0,0,0,0,0,0,0,0.0%,2022
140,Seth Green (DAL) ,0,0,0,0,0,0,0,0,0,0,0,0,0,0,0.0%,2022
141,Chris Pierce Jr. (ARI) ,0,0,0,0,0,0,0,0,0,0,0,1,0.0,0.0,0.0%,2022
142,Leroy Watson (SF) ,0,0,0,0,0,0,0,0,0,0,0,0,0,0,0.0%,2022
143,Jake Tonges (CHI) ,0,1,0,0,0,0,0,0,0,0,0,1,0.0,0.0,0.0%,2022
144,Rodney Williams (PIT) ,0,0,0,0,0,0,0,0,0,0,0,0,0,0,0.0%,2022
145,Davis Allen (LAR) ,0,0,0,0,0,0,0,0,0,0,0,0,0,0,0.0%,2022
146,Austin Allen (GB) ,0,0,0,0,0,0,0,0,0,0,0,2,0.0,0.0,0.0%,2022
147,Will Mallory (IND) ,0,0,0,0,0,0,0,0,0,0,0,0,0,0,0.1%,2022
148,Derrick Deese Jr. (DET) ,0,0,0,0,0,0,0,0,0,0,0,0,0,0,0.0%,2022
149,Noah Gindorff (SEA) ,0,0,0,0,0,0,0,0,0,0,0,0,0,0,0.0%,2022
150,Nikola Kalinic (FA) ,0,0,0,0,0,0,0,0,0,0,0,1,0.0,0.0,0.0%,2022
151,John FitzPatrick (ATL) ,0,0,0,0,0,0,0,0,0,0,0,0,0,0,0.0%,2022
152,Tanner Conner (MIA) ,0,3,0,0,0,0,0,0,0,0,0,2,0.0,0.0,0.0%,2022
153,Gerrit Prince (JAC) ,0,0,0,0,0,0,0,0,0,0,0,0,0,0,0.0%,2022
154,Nick Muse (MIN) ,0,0,0,0,0,0,0,0,0,0,0,0,0,0,0.0%,2022
155,Lucas Krull (NO) ,0,0,0,0,0,0,0,0,0,0,0,0,0,0,0.0%,2022
156,Cameron Latu (SF) ,0,0,0,0,0,0,0,0,0,0,0,0,0,0,0.2%,2022
157,Dre Miller (NYG) ,0,0,0,0,0,0,0,0,0,0,0,0,0,0,0.0%,2022
158,Brayden Willis (SF) ,0,0,0,0,0,0,0,0,0,0,0,0,0,0,0.0%,2022
159,Joel Wilson (BUF) ,0,0,0,0,0,0,0,0,0,0,0,0,0,0,0.0%,2022
160,Michael Ezeike (LAC) ,0,0,0,0,0,0,0,0,0,0,0,0,0,0,0.0%,2022
161,Christian Sims (LAR) ,0,0,0,0,0,0,0,0,0,0,0,0,0,0,0.0%,2022
162,Joel Honigford (ARI) ,0,0,0,0,0,0,0,0,0,0,0,0,0,0,0.0%,2022
163,Blake Whiteheart (ARI) ,0,0,0,0,0,0,0,0,0,0,0,0,0,0,0.0%,2022
164,Henry Pearson (GB) ,0,0,0,0,0,0,0,0,0,0,0,0,0,0,0.0%,2022
165,Camren McDonald (GB) ,0,0,0,0,0,0,0,0,0,0,0,0,0,0,0.0%,2022
166,Griffin Hebert (SEA) ,0,0,0,0,0,0,0,0,0,0,0,0,0,0,0.0%,2022
167,Christian Trahan (CIN) ,0,0,0,0,0,0,0,0,0,0,0,0,0,0,0.0%,2022
168,Patrick Murtagh (DET) ,0,0,0,0,0,0,0,0,0,0,0,0,0,0,0.0%,2022
169,Brady Russell (PHI) ,0,0,0,0,0,0,0,0,0,0,0,0,0,0,0.0%,2022
170,E.J. Jenkins (NYJ) ,0,0,0,0,0,0,0,0,0,0,0,0,0,0,0.0%,2022
171,Thomas Greaney (CLE) ,0,0,0,0,0,0,0,0,0,0,0,0,0,0,0.0%,2022
172,Travis Vokolek (BAL) ,0,0,0,0,0,0,0,0,0,0,0,0,0,0,0.0%,2022
173,Julian Hill (MIA) ,0,0,0,0,0,0,0,0,0,0,0,0,0,0,0.0%,2022
174,Johnny Lumpkin (NE) ,0,0,0,0,0,0,0,0,0,0,0,0,0,0,0.0%,2022
175,Ryan Miller (TB) ,0,0,0,0,0,0,0,0,0,0,0,0,0,0,0.0%,2022
176,Tanner Taula (TB) ,0,0,0,0,0,0,0,0,0,0,0,0,0,0,0.0%,2022
177,Nate Adkins (DEN) ,0,0,0,0,0,0,0,0,0,0,0,0,0,0,0.0%,2022
178,John Samuel Shenker (LV) ,0,0,0,0,0,0,0,0,0,0,0,0,0,0,0.0%,2022
179,Jordan Murray (HOU) ,0,0,0,0,0,0,0,0,0,0,0,0,0,0,0.0%,2022
180,Princeton Fant (DAL) ,0,0,0,0,0,0,0,0,0,0,0,0,0,0,0.0%,2022
181,Izaiah Gathings (NYJ) ,0,0,0,0,0,0,0,0,0,0,0,0,0,0,0.0%,2022
182,Justin Rigg (TEN) ,0,0,0,0,0,0,0,0,0,0,0,0,0,0,0.0%,2022
183,Zaire Mitchell-Paden (CLE) ,0,0,0,0,0,0,0,0,0,0,0,0,0,0,0.0%,2022
184,Cole Fotheringham (LV) ,0,0,0,0,0,0,0,0,0,0,0,0,0,0,0.0%,2022
185,Tucker Fisk (ATL) ,0,0,0,0,0,0,0,0,0,0,0,0,0,0,0.0%,2022
186,Leonard Taylor (JAC) ,0,0,0,0,0,0,0,0,0,0,0,0,0,0,0.0%,2022
187,Thomas Odukoya (TEN) ,0,0,0,0,0,0,0,0,0,0,0,0,0,0,0.0%,2022
188,Dalton Kincaid (BUF) ,0,0,0,0,0,0,0,0,0,0,0,0,0,0,57.3%,2022
189,Luke Schoonmaker (DAL) ,0,0,0,0,0,0,0,0,0,0,0,0,0,0,1.8%,2022
190,Luke Musgrave (GB) ,0,0,0,0,0,0,0,0,0,0,0,0,0,0,5.5%,2022
191,Tucker Kraft (GB) ,0,0,0,0,0,0,0,0,0,0,0,0,0,0,0.8%,2022
192,Brenton Strange (JAC) ,0,0,0,0,0,0,0,0,0,0,0,0,0,0,0.3%,2022
193,Payne Durham (TB) ,0,0,0,0,0,0,0,0,0,0,0,0,0,0,0.1%,2022
194,Zack Kuntz (NYJ) ,0,0,0,0,0,0,0,0,0,0,0,0,0,0,0.2%,2022
195,Ben Sims (MIN) ,0,0,0,0,0,0,0,0,0,0,0,0,0,0,0.0%,2022
196,Ryan Jones (NYG) ,0,0,0,0,0,0,0,0,0,0,0,0,0,0,0.0%,2022
197,Kevin Rader (TEN) ,0,0,0,0,0,0,0,0,0,0,0,6,0.0,0.0,0.1%,2022
198,Dominique Dafney (TB) ,0,0,0,0,0,0,0,0,0,0,0,0,0,0,0.0%,2022
199,Elijah Higgins (MIA) ,0,0,0,0,0,0,0,0,0,0,0,0,0,0,0.1%,2022
200,Sammis Reyes (JAC) ,0,0,0,0,0,0,0,0,0,0,0,0,0,0,0.0%,2022
201,Ben Mason (BAL) ,0,0,0,0,0,0,0,0,0,0,0,1,0.0,0.0,0.0%,2022
202,Hunter Kampmoyer (LAC) ,0,0,0,0,0,0,0,0,0,0,0,0,0,0,0.0%,2022
203,Zach Davidson (BUF) ,0,0,0,0,0,0,0,0,0,0,0,0,0,0,0.0%,2022
204,Bernhard Seikovits (ARI) ,0,0,0,0,0,0,0,0,0,0,0,0,0,0,0.0%,2022
205,Nick Guggemos (BUF) ,0,0,0,0,0,0,0,0,0,0,0,0,0,0,0.0%,2022
206,Hunter Thedford (CLE) ,0,0,0,0,0,0,0,0,0,0,0,0,0,0,0.0%,2022
207,Hunter Long (LAR) ,0,0,0,0,0,0,0,0,0,0,0,3,0.0,0.0,0.1%,2022
208,Kenny Yeboah (NYJ) ,0,0,0,0,0,0,0,0,0,0,0,3,0.0,0.0,0.0%,2022
209,Miller Forristall (NO) ,0,1,0,0,0,0,0,0,0,0,0,1,0.0,0.0,0.0%,2022
210,Matt Bushman (KC) ,0,0,0,0,0,0,0,0,0,0,0,0,0,0,0.0%,2022
211,Josh Whyle (TEN) ,0,0,0,0,0,0,0,0,0,0,0,0,0,0,0.1%,2022
212,Darnell Washington (PIT) ,0,0,0,0,0,0,0,0,0,0,0,0,0,0,1.8%,2022
213,Sam LaPorta (DET) ,0,0,0,0,0,0,0,0,0,0,0,0,0,0,36.5%,2022
214,Michael Mayer (LV) ,0,0,0,0,0,0,0,0,0,0,0,0,0,0,15.6%,2022
215,Jordan Thomas (CAR) ,0,0,0,0,0,0,0,0,0,0,0,0,0,0,0.0%,2022
216,Dominique Curry (DET) ,0,0,0,0,0,0,0,0,0,0,0,0,0,0,0.0%,2022
217,James Dearth (NYJ) ,0,0,0,0,0,0,0,0,0,0,0,0,0,0,0.0%,2022
218,Drake Dunsmore (TB) ,0,0,0,0,0,0,0,0,0,0,0,0,0,0,0.0%,2022
219,Darnell Dinkins (NO) ,0,0,0,0,0,0,0,0,0,0,0,0,0,0,0.0%,2022
220,Derek Fine (HOU) ,0,0,0,0,0,0,0,0,0,0,0,0,0,0,0.0%,2022
221,J.P. Foschi (CIN) ,0,0,0,0,0,0,0,0,0,0,0,0,0,0,0.0%,2022
222,Brad Cottam (KC) ,0,0,0,0,0,0,0,0,0,0,0,0,0,0,0.0%,2022
223,Marquez Branson (ATL) ,0,0,0,0,0,0,0,0,0,0,0,0,0,0,0.0%,2022
224,Joey Haynos (MIA) ,0,0,0,0,0,0,0,0,0,0,0,0,0,0,0.0%,2022
225,Justin Snow (IND) ,0,0,0,0,0,0,0,0,0,0,0,0,0,0,0.0%,2022
226,Keith Zinger (ATL) ,0,0,0,0,0,0,0,0,0,0,0,0,0,0,0.0%,2022
227,Zach Wood (NO) ,0,0,0,0,0,0,0,0,0,0,0,3,0.0,0.0,0.0%,2022
228,Andrew DePaola (MIN) ,0,0,0,0,0,0,0,0,0,0,0,3,0.0,0.0,0.0%,2022
229,J.P. Holtz (FA) ,0,0,0,0,0,0,0,0,0,0,0,1,0.0,0.0,0.0%,2022
230,Patrick Scales (CHI) ,0,0,0,0,0,0,0,0,0,0,0,5,0.0,0.0,0.0%,2022
231,David Wells (TB) ,0,0,0,0,0,0,0,0,0,0,0,0,0,0,0.0%,2022
232,Troy Fumagalli (SF) ,0,0,0,0,0,0,0,0,0,0,0,0,0,0,0.0%,2022
233,James Winchester (KC) ,0,0,0,0,0,0,0,0,0,0,0,3,0.0,0.0,0.0%,2022
234,Beau Brinkley (FA) ,0,0,0,0,0,0,0,0,0,0,0,2,0.0,0.0,0.2%,2022
235,Jesse James (NO) ,0,0,0,0,0,0,0,0,0,0,0,0,0,0,0.0%,2022
236,Nick Boyle (FA) ,0,0,0,0,0,0,0,0,0,0,0,3,0.0,0.0,0.0%,2022
237,Drew Sample (CIN) ,2,2,-2,-1.0,2,0,0,0,0,0,0,2,-0.2,-0.1,0.1%,2022
1,Travis Kelce (KC) ,110,152,"1,338",12.2,52,29,12,2,5,0,1,17,206.3,12.1,100.0%,2023
2,George Kittle (SF) ,60,86,765,12.8,54,20,11,0,0,0,1,15,140.5,9.4,98.9%,2023
3,Taysom Hill (NO) ,9,13,77,8.6,30,2,2,96,575,7,0,16,136.8,8.6,24.2%,2023
4,T.J. Hockenson (MIN) ,86,129,914,10.6,81,12,6,0,0,0,1,17,129.4,7.6,99.8%,2023
5,Mark Andrews (BAL) ,73,113,847,11.6,36,8,5,3,8,0,0,15,117.5,7.8,99.9%,2023
6,Evan Engram (JAC) ,73,98,766,10.5,36,11,4,2,13,0,0,17,103.9,6.1,94.5%,2023
7,Cole Kmet (CHI) ,50,69,544,10.9,50,9,7,2,9,0,0,17,97.3,5.7,86.7%,2023
8,Juwan Johnson (NO) ,42,65,508,12.1,41,10,7,0,0,0,0,16,92.8,5.8,39.1%,2023
9,Dawson Knox (BUF) ,48,65,517,10.8,45,10,6,0,0,0,0,15,87.7,5.8,53.7%,2023
10,Dallas Goedert (PHI) ,55,69,702,12.8,31,12,3,0,0,0,1,12,86.2,7.2,96.8%,2023
11,Dalton Schultz (HOU) ,57,89,577,10.1,30,6,5,0,0,0,1,15,85.7,5.7,88.7%,2023
12,Pat Freiermuth (PIT) ,63,98,732,11.6,57,13,2,0,0,0,0,15,85.2,5.7,92.9%,2023
13,David Njoku (CLE) ,58,80,628,10.8,38,10,4,2,-8,0,1,14,84.0,6.0,92.3%,2023
14,Gerald Everett (LAC) ,58,87,555,9.6,26,4,4,1,0,0,0,15,81.5,5.4,56.9%,2023
15,Tyler Higbee (LAR) ,72,108,620,8.6,26,4,3,0,0,0,0,16,80.0,5.0,72.6%,2023
16,Jordan Akins (CLE) ,37,54,495,13.4,46,13,5,0,0,0,1,15,79.5,5.3,0.6%,2023
17,Tyler Conklin (NYJ) ,58,87,552,9.5,30,7,3,2,3,0,0,17,73.5,4.3,10.3%,2023
18,Noah Fant (SEA) ,50,63,486,9.7,51,8,4,0,0,0,0,17,72.6,4.3,8.4%,2023
19,Zach Ertz (ARI) ,47,69,406,8.6,32,3,4,0,0,0,0,10,68.6,6.9,37.8%,2023
20,Mike Gesicki (NE) ,32,52,362,11.3,32,7,5,0,0,0,0,17,66.2,3.9,39.1%,2023
21,Chigoziem Okonkwo (TEN) ,32,46,450,14.1,48,14,3,3,2,0,0,16,65.2,4.1,55.1%,2023
22,Hunter Henry (NE) ,41,59,509,12.4,39,15,2,0,0,0,0,16,62.9,3.9,5.9%,2023
23,Robert Tonyan (CHI) ,53,67,470,8.9,24,5,2,0,0,0,0,17,59.0,3.5,1.8%,2023
24,Darren Waller (NYG) ,28,43,388,13.9,34,11,3,0,0,0,0,9,56.8,6.3,97.8%,2023
25,Austin Hooper (LV) ,41,60,444,10.8,24,2,2,0,0,0,0,17,56.4,3.3,2.3%,2023
26,Hayden Hurst (CAR) ,54,70,439,8.1,29,5,2,0,0,0,0,14,55.9,4.0,10.7%,2023
27,Isaiah Likely (BAL) ,36,60,373,10.4,34,5,3,0,0,0,0,14,55.3,4.0,6.7%,2023
28,Greg Dulcich (DEN) ,33,55,411,12.5,39,9,2,0,0,0,0,10,53.1,5.3,54.0%,2023
29,Will Dissly (SEA) ,34,38,349,10.3,38,2,3,0,0,0,0,15,52.9,3.5,1.3%,2023
30,Foster Moreau (NO) ,33,54,420,12.7,33,10,2,0,2,0,1,14,52.2,3.7,0.7%,2023
31,Cade Otton (TB) ,42,65,391,9.3,35,5,2,0,0,0,0,16,51.1,3.2,2.7%,2023
32,Jelani Woods (IND) ,25,40,312,12.5,36,6,3,0,0,0,0,12,49.2,4.1,4.5%,2023
33,Kyle Pitts (ATL) ,28,59,356,12.7,33,6,2,0,0,0,0,10,47.6,4.8,96.1%,2023
34,Brock Wright (DET) ,18,24,216,12.0,51,6,4,0,0,0,0,14,45.6,3.3,0.7%,2023
35,Daniel Bellinger (NYG) ,30,35,268,8.9,24,2,2,1,2,1,1,11,45.0,4.1,1.8%,2023
36,Colby Parkinson (SEA) ,25,34,322,12.9,39,8,2,0,0,0,0,14,44.2,3.2,0.1%,2023
37,Noah Gray (KC) ,28,34,299,10.7,27,3,1,1,1,1,0,17,42.0,2.5,0.8%,2023
38,MyCole Pruitt (FA) ,16,21,150,9.4,29,2,4,0,0,0,0,10,39.0,3.9,0.0%,2023
39,Logan Thomas (WAS) ,39,61,323,8.3,27,2,1,0,0,0,0,13,38.3,2.9,3.0%,2023
40,C.J. Uzomah (NYJ) ,21,27,232,11.0,40,8,2,0,0,0,0,14,35.2,2.5,0.7%,2023
41,Mo Alie-Cox (IND) ,19,28,189,9.9,34,2,3,0,0,0,1,14,34.9,2.5,0.7%,2023
42,Tommy Tremble (CAR) ,19,32,174,9.2,29,1,3,0,0,0,1,15,33.4,2.2,0.2%,2023
43,Trey McBride (ARI) ,29,39,265,9.1,29,3,1,0,0,0,0,12,32.5,2.7,12.3%,2023
44,Harrison Bryant (CLE) ,31,42,239,7.7,30,2,1,1,8,0,0,14,30.7,2.2,0.7%,2023
45,Irv Smith Jr. (CIN) ,25,36,182,7.3,17,0,2,0,0,0,0,8,30.2,3.8,22.2%,2023
46,Kylen Granson (IND) ,31,40,302,9.7,32,4,0,1,0,0,0,13,30.2,2.3,0.6%,2023
47,Shane Zylstra (DET) ,11,15,60,5.5,14,0,4,0,0,0,0,9,30.0,3.3,0.1%,2023
48,Jake Ferguson (DAL) ,19,22,174,9.2,30,4,2,0,0,0,0,11,29.4,2.7,3.3%,2023
49,Peyton Hendershot (DAL) ,11,16,103,9.4,29,2,2,1,2,1,0,12,28.5,2.4,0.2%,2023
50,Josh Oliver (MIN) ,14,25,149,10.6,40,3,2,0,0,0,0,12,26.9,2.2,0.2%,2023
51,Adam Trautman (DEN) ,18,22,207,11.5,22,2,1,0,0,0,0,13,26.7,2.1,0.6%,2023
52,O.J. Howard (LV) ,10,23,145,14.5,26,4,2,0,0,0,0,11,26.5,2.4,0.6%,2023
53,Jonnu Smith (ATL) ,27,38,245,9.1,53,6,0,1,5,0,0,12,25.0,2.1,0.8%,2023
54,Durham Smythe (MIA) ,15,20,129,8.6,26,1,1,2,1,1,0,13,25.0,1.9,0.3%,2023
55,Connor Heyward (PIT) ,12,17,151,12.6,45,4,1,2,27,0,0,15,23.8,1.6,0.2%,2023
56,Teagan Quitoriano (HOU) ,7,14,113,16.1,52,5,2,0,0,0,0,7,23.3,3.3,0.2%,2023
57,Jody Fortson (KC) ,9,13,108,12.0,40,4,2,0,0,0,1,10,20.8,2.1,0.2%,2023
58,Eric Saubert (MIA) ,15,24,148,9.9,25,3,1,0,0,0,0,14,20.8,1.5,0.2%,2023
59,Marcedes Lewis (FA) ,6,7,66,11.0,31,2,2,0,0,0,0,6,20.6,3.4,0.0%,2023
60,Johnny Mundt (MIN) ,19,21,140,7.4,17,0,1,0,0,0,0,13,20.0,1.5,0.1%,2023
61,Eric Tomlinson (FA) ,9,13,79,8.8,18,0,2,0,0,0,0,9,19.9,2.2,0.0%,2023
62,Mitchell Wilcox (FA) ,17,18,139,8.2,19,0,1,0,0,0,0,9,19.9,2.2,0.0%,2023
63,Ian Thomas (CAR) ,21,30,197,9.4,50,4,0,0,0,0,0,14,19.7,1.4,0.1%,2023
64,Donald Parham Jr. (LAC) ,10,12,130,13.0,24,2,1,0,0,0,0,6,19.0,3.2,0.3%,2023
65,Cameron Brate (FA) ,20,38,174,8.7,21,1,0,0,0,0,0,9,17.4,1.9,1.1%,2023
66,James Mitchell (DET) ,11,11,113,10.3,22,2,1,0,0,0,0,8,17.3,2.2,0.1%,2023
67,John Bates (WAS) ,14,22,108,7.7,20,1,1,0,0,0,0,10,16.8,1.7,0.1%,2023
68,Ross Dwelley (SF) ,3,5,105,35.0,56,6,1,0,0,0,0,5,16.5,3.3,0.1%,2023
69,Albert Okwuegbunam (DEN) ,10,18,95,9.5,25,1,1,0,0,0,0,6,15.5,2.6,0.7%,2023
70,Ko Kieft (TB) ,7,10,80,11.4,19,0,1,0,0,0,0,14,14.0,1.0,0.1%,2023
71,Dan Arnold (PHI) ,9,13,135,15.0,26,3,0,0,0,0,0,11,13.5,1.2,0.1%,2023
72,Zach Gentry (PIT) ,19,23,132,6.9,32,3,0,0,0,0,0,14,13.2,0.9,0.1%,2023
73,Tanner Hudson (CIN) ,10,15,132,13.2,27,1,0,0,0,0,0,6,13.2,2.2,0.1%,2023
74,Brevin Jordan (HOU) ,14,28,128,9.1,20,2,0,0,0,0,0,9,12.8,1.4,0.6%,2023
75,Chris Myarick (NYG) ,7,8,65,9.3,23,1,1,0,0,0,0,10,12.5,1.3,0.0%,2023
76,Quintin Morris (BUF) ,8,11,84,10.5,26,1,1,0,0,0,1,9,12.4,1.4,0.1%,2023
77,Jack Stoll (PHI) ,11,14,123,11.2,26,2,0,0,0,0,0,10,12.3,1.2,0.1%,2023
78,Geoff Swaim (FA) ,12,16,58,4.8,13,0,1,0,0,0,0,12,11.8,1.0,0.0%,2023
79,Pharaoh Brown (IND) ,12,20,117,9.8,30,2,0,0,0,0,0,9,11.7,1.3,0.0%,2023
80,Josiah Deguara (GB) ,13,15,114,8.8,25,1,0,0,0,0,0,9,11.4,1.3,0.2%,2023
81,Brycen Hopkins (LAR) ,7,11,109,15.6,22,2,0,0,0,0,0,7,10.9,1.6,0.1%,2023
82,Giovanni Ricci (CAR) ,8,9,100,12.5,32,2,0,0,0,0,0,11,10.0,0.9,0.0%,2023
83,Anthony Firkser (NE) ,9,13,100,11.1,22,1,0,0,0,0,0,8,10.0,1.3,0.0%,2023
84,Armani Rogers (WAS) ,5,6,64,12.8,23,1,0,2,26,0,0,9,9.0,1.0,0.1%,2023
85,Parker Hesse (ATL) ,9,11,89,9.9,22,1,0,0,0,0,0,12,8.9,0.7,0.1%,2023
86,Kyle Rudolph (FA) ,3,5,28,9.3,12,0,1,0,0,0,0,5,8.8,1.8,0.0%,2023
87,Grant Calcaterra (PHI) ,5,9,81,16.2,40,3,0,0,0,0,0,6,8.1,1.4,0.1%,2023
88,Blake Bell (KC) ,2,2,20,10.0,17,0,1,0,0,0,0,2,8.0,4.0,0.1%,2023
89,Tre' McKitty (LAC) ,10,18,72,7.2,12,0,0,0,0,0,0,13,7.2,0.6,0.1%,2023
90,Andrew Beck (HOU) ,5,11,69,13.8,27,2,0,2,0,0,0,9,6.9,0.8,0.0%,2023
91,Tyler Mabry (SEA) ,1,1,7,7.0,7,0,1,0,0,0,0,1,6.7,6.7,0.0%,2023
92,Tyler Kroft (MIA) ,4,5,57,14.3,28,1,0,0,0,0,0,6,5.7,1.0,0.0%,2023
93,Nick Vannett (FA) ,6,9,55,9.2,15,0,0,0,0,0,0,7,5.5,0.8,0.0%,2023
94,Charlie Kolar (BAL) ,4,6,49,12.3,15,0,0,0,0,0,0,1,4.9,4.9,0.1%,2023
95,Trevon Wesco (TEN) ,2,4,26,13.0,23,1,0,0,0,0,0,6,4.6,0.8,0.1%,2023
96,Stephen Sullivan (CAR) ,2,6,46,23.0,33,2,0,0,0,0,0,8,4.6,0.6,0.0%,2023
97,Chris Manhertz (DEN) ,6,8,42,7.0,21,1,0,0,0,0,0,8,4.2,0.5,0.1%,2023
98,Luke Farrell (JAC) ,4,4,40,10.0,15,0,0,0,0,0,0,4,4.0,1.0,0.1%,2023
99,Kendall Blanton (KC) ,2,2,35,17.5,28,1,0,0,0,0,0,2,3.5,1.8,0.0%,2023
100,Ryan Griffin (FA) ,4,8,26,6.5,18,0,0,0,0,0,0,10,2.6,0.3,0.0%,2023
101,Tyler Davis (GB) ,4,7,26,6.5,23,1,0,0,0,0,0,11,2.6,0.2,0.1%,2023
102,Ben Ellefson (FA) ,3,3,26,8.7,12,0,0,0,0,0,0,2,2.6,1.3,0.0%,2023
103,Cole Turner (WAS) ,2,9,23,11.5,18,0,0,0,0,0,0,7,2.3,0.3,0.1%,2023
104,Jesper Horsted (LV) ,3,4,19,6.3,9,0,0,0,0,0,0,5,1.9,0.4,0.0%,2023
105,Maxx Williams (FA) ,3,3,18,6.0,7,0,0,0,0,0,0,3,1.8,0.6,0.0%,2023
106,Stone Smartt (LAC) ,4,5,17,4.3,8,0,0,0,0,0,0,3,1.7,0.6,0.0%,2023
107,Sean McKeon (DAL) ,2,3,11,5.5,10,0,0,0,0,0,0,3,1.1,0.4,0.0%,2023
108,Stephen Anderson (FA) ,3,7,9,3.0,6,0,0,0,0,0,0,9,0.9,0.1,0.0%,2023
109,Jeremy Ruckert (NYJ) ,1,2,8,8.0,8,0,0,0,0,0,0,2,0.8,0.4,0.2%,2023
110,Tommy Sweeney (NYG) ,1,1,7,7.0,7,0,0,0,0,0,0,2,0.7,0.4,0.0%,2023
111,Mason Schreck (HOU) ,2,2,6,3.0,6,0,0,0,0,0,0,2,0.6,0.3,0.0%,2023
112,Jacob Harris (JAC) ,1,1,6,6.0,6,0,0,0,0,0,0,3,0.6,0.2,0.0%,2023
113,Devin Asiasi (CIN) ,2,4,5,2.5,6,0,0,0,0,0,0,5,0.5,0.1,0.1%,2023
114,Richard Rodgers (FA) ,1,4,4,4.0,4,0,0,0,0,0,0,3,0.4,0.1,0.0%,2023
115,Tyree Jackson (PHI) ,0,0,0,0,0,0,0,0,0,0,0,2,0.0,0.0,0.1%,2023
116,Alize Mack (TEN) ,0,0,0,0,0,0,0,0,0,0,0,0,0,0,0.0%,2023
117,Stephen Carlson (CHI) ,0,0,0,0,0,0,0,0,0,0,0,0,0,0,0.0%,2023
118,Mitchell Fraboni (DEN) ,0,0,0,0,0,0,0,0,0,0,0,3,0.0,0.0,0.0%,2023
119,Brandon Dillon (WAS) ,0,0,0,0,0,0,0,0,0,0,0,0,0,0,0.0%,2023
120,Kaden Smith (IND) ,0,0,0,0,0,0,0,0,0,0,0,0,0,0,0.0%,2023
121,Hakeem Butler (PIT) ,0,0,0,0,0,0,0,0,0,0,0,0,0,0,0.0%,2023
122,J.J. Arcega-Whiteside (ATL) ,0,0,0,0,0,0,0,0,0,0,0,0,0,0,0.0%,2023
123,Feleipe Franks (ATL) ,0,2,0,0,0,0,0,1,0,0,0,5,0.0,0.0,0.0%,2023
124,Tommy Hudson (DEN) ,0,0,0,0,0,0,0,0,0,0,0,0,0,0,0.0%,2023
125,Noah Togiai (ARI) ,0,1,0,0,0,0,0,0,0,0,0,1,0.0,0.0,0.0%,2023
126,Lawrence Cager (NYG) ,13,19,118,9.1,20,1,1,0,0,0,0,6,0.0,0.0,0.1%,2023
127,Reggie Gilliam (BUF) ,9,11,76,8.4,14,0,1,0,0,0,0,8,0.0,0.0,0.1%,2023
128,Rashod Berry (IND) ,0,0,0,0,0,0,0,0,0,0,0,0,0,0,1.0%,2023
129,Scotty Washington (NE) ,0,0,0,0,0,0,0,0,0,0,0,0,0,0,0.0%,2023
130,Nick Bowers (CIN) ,0,0,0,0,0,0,0,0,0,0,0,0,0,0,0.0%,2023
131,Jake Bargas (NO) ,0,0,0,0,0,0,0,0,0,0,0,0,0,0,0.0%,2023
132,Charlie Woerner (SF) ,0,2,0,0,0,0,0,0,0,0,0,5,0.0,0.0,0.0%,2023
133,Matt Sokol (NE) ,0,0,0,0,0,0,0,0,0,0,0,0,0,0,0.1%,2023
134,Matthew Orzech (GB) ,0,0,0,0,0,0,0,0,0,0,0,2,0.0,0.0,0.0%,2023
135,Jared Pinkney (FA) ,0,0,0,0,0,0,0,0,0,0,0,2,0.0,0.0,0.0%,2023
136,Chase Allen (CHI) ,0,0,0,0,0,0,0,0,0,0,0,0,0,0,0.1%,2023
137,Dalton Keene (PHI) ,0,0,0,0,0,0,0,0,0,0,0,0,0,0,0.0%,2023
138,Curtis Hodges (WAS) ,0,0,0,0,0,0,0,0,0,0,0,0,0,0,0.0%,2023
139,Andrew Ogletree (IND) ,0,0,0,0,0,0,0,0,0,0,0,0,0,0,0.0%,2023
140,Seth Green (DAL) ,0,0,0,0,0,0,0,0,0,0,0,0,0,0,0.0%,2023
141,Chris Pierce Jr. (ARI) ,0,0,0,0,0,0,0,0,0,0,0,1,0.0,0.0,0.0%,2023
142,Leroy Watson (SF) ,0,0,0,0,0,0,0,0,0,0,0,0,0,0,0.0%,2023
143,Jake Tonges (CHI) ,0,1,0,0,0,0,0,0,0,0,0,1,0.0,0.0,0.0%,2023
144,Rodney Williams (PIT) ,0,0,0,0,0,0,0,0,0,0,0,0,0,0,0.0%,2023
145,Davis Allen (LAR) ,0,0,0,0,0,0,0,0,0,0,0,0,0,0,0.0%,2023
146,Austin Allen (GB) ,0,0,0,0,0,0,0,0,0,0,0,2,0.0,0.0,0.0%,2023
147,Will Mallory (IND) ,0,0,0,0,0,0,0,0,0,0,0,0,0,0,0.1%,2023
148,Derrick Deese Jr. (DET) ,0,0,0,0,0,0,0,0,0,0,0,0,0,0,0.0%,2023
149,Noah Gindorff (SEA) ,0,0,0,0,0,0,0,0,0,0,0,0,0,0,0.0%,2023
150,Nikola Kalinic (FA) ,0,0,0,0,0,0,0,0,0,0,0,1,0.0,0.0,0.0%,2023
151,John FitzPatrick (ATL) ,0,0,0,0,0,0,0,0,0,0,0,0,0,0,0.0%,2023
152,Tanner Conner (MIA) ,0,3,0,0,0,0,0,0,0,0,0,2,0.0,0.0,0.0%,2023
153,Gerrit Prince (JAC) ,0,0,0,0,0,0,0,0,0,0,0,0,0,0,0.0%,2023
154,Nick Muse (MIN) ,0,0,0,0,0,0,0,0,0,0,0,0,0,0,0.0%,2023
155,Lucas Krull (NO) ,0,0,0,0,0,0,0,0,0,0,0,0,0,0,0.0%,2023
156,Cameron Latu (SF) ,0,0,0,0,0,0,0,0,0,0,0,0,0,0,0.2%,2023
157,Dre Miller (NYG) ,0,0,0,0,0,0,0,0,0,0,0,0,0,0,0.0%,2023
158,Brayden Willis (SF) ,0,0,0,0,0,0,0,0,0,0,0,0,0,0,0.0%,2023
159,Joel Wilson (BUF) ,0,0,0,0,0,0,0,0,0,0,0,0,0,0,0.0%,2023
160,Michael Ezeike (LAC) ,0,0,0,0,0,0,0,0,0,0,0,0,0,0,0.0%,2023
161,Christian Sims (LAR) ,0,0,0,0,0,0,0,0,0,0,0,0,0,0,0.0%,2023
162,Joel Honigford (ARI) ,0,0,0,0,0,0,0,0,0,0,0,0,0,0,0.0%,2023
163,Blake Whiteheart (ARI) ,0,0,0,0,0,0,0,0,0,0,0,0,0,0,0.0%,2023
164,Henry Pearson (GB) ,0,0,0,0,0,0,0,0,0,0,0,0,0,0,0.0%,2023
165,Camren McDonald (GB) ,0,0,0,0,0,0,0,0,0,0,0,0,0,0,0.0%,2023
166,Griffin Hebert (SEA) ,0,0,0,0,0,0,0,0,0,0,0,0,0,0,0.0%,2023
167,Christian Trahan (CIN) ,0,0,0,0,0,0,0,0,0,0,0,0,0,0,0.0%,2023
168,Patrick Murtagh (DET) ,0,0,0,0,0,0,0,0,0,0,0,0,0,0,0.0%,2023
169,Brady Russell (PHI) ,0,0,0,0,0,0,0,0,0,0,0,0,0,0,0.0%,2023
170,E.J. Jenkins (NYJ) ,0,0,0,0,0,0,0,0,0,0,0,0,0,0,0.0%,2023
171,Thomas Greaney (CLE) ,0,0,0,0,0,0,0,0,0,0,0,0,0,0,0.0%,2023
172,Travis Vokolek (BAL) ,0,0,0,0,0,0,0,0,0,0,0,0,0,0,0.0%,2023
173,Julian Hill (MIA) ,0,0,0,0,0,0,0,0,0,0,0,0,0,0,0.0%,2023
174,Johnny Lumpkin (NE) ,0,0,0,0,0,0,0,0,0,0,0,0,0,0,0.0%,2023
175,Ryan Miller (TB) ,0,0,0,0,0,0,0,0,0,0,0,0,0,0,0.0%,2023
176,Tanner Taula (TB) ,0,0,0,0,0,0,0,0,0,0,0,0,0,0,0.0%,2023
177,Nate Adkins (DEN) ,0,0,0,0,0,0,0,0,0,0,0,0,0,0,0.0%,2023
178,John Samuel Shenker (LV) ,0,0,0,0,0,0,0,0,0,0,0,0,0,0,0.0%,2023
179,Jordan Murray (HOU) ,0,0,0,0,0,0,0,0,0,0,0,0,0,0,0.0%,2023
180,Princeton Fant (DAL) ,0,0,0,0,0,0,0,0,0,0,0,0,0,0,0.0%,2023
181,Izaiah Gathings (NYJ) ,0,0,0,0,0,0,0,0,0,0,0,0,0,0,0.0%,2023
182,Justin Rigg (TEN) ,0,0,0,0,0,0,0,0,0,0,0,0,0,0,0.0%,2023
183,Zaire Mitchell-Paden (CLE) ,0,0,0,0,0,0,0,0,0,0,0,0,0,0,0.0%,2023
184,Cole Fotheringham (LV) ,0,0,0,0,0,0,0,0,0,0,0,0,0,0,0.0%,2023
185,Tucker Fisk (ATL) ,0,0,0,0,0,0,0,0,0,0,0,0,0,0,0.0%,2023
186,Leonard Taylor (JAC) ,0,0,0,0,0,0,0,0,0,0,0,0,0,0,0.0%,2023
187,Thomas Odukoya (TEN) ,0,0,0,0,0,0,0,0,0,0,0,0,0,0,0.0%,2023
188,Dalton Kincaid (BUF) ,0,0,0,0,0,0,0,0,0,0,0,0,0,0,57.3%,2023
189,Luke Schoonmaker (DAL) ,0,0,0,0,0,0,0,0,0,0,0,0,0,0,1.8%,2023
190,Luke Musgrave (GB) ,0,0,0,0,0,0,0,0,0,0,0,0,0,0,5.5%,2023
191,Tucker Kraft (GB) ,0,0,0,0,0,0,0,0,0,0,0,0,0,0,0.8%,2023
192,Brenton Strange (JAC) ,0,0,0,0,0,0,0,0,0,0,0,0,0,0,0.3%,2023
193,Payne Durham (TB) ,0,0,0,0,0,0,0,0,0,0,0,0,0,0,0.1%,2023
194,Zack Kuntz (NYJ) ,0,0,0,0,0,0,0,0,0,0,0,0,0,0,0.2%,2023
195,Ben Sims (MIN) ,0,0,0,0,0,0,0,0,0,0,0,0,0,0,0.0%,2023
196,Ryan Jones (NYG) ,0,0,0,0,0,0,0,0,0,0,0,0,0,0,0.0%,2023
197,Kevin Rader (TEN) ,0,0,0,0,0,0,0,0,0,0,0,6,0.0,0.0,0.1%,2023
198,Dominique Dafney (TB) ,0,0,0,0,0,0,0,0,0,0,0,0,0,0,0.0%,2023
199,Elijah Higgins (MIA) ,0,0,0,0,0,0,0,0,0,0,0,0,0,0,0.1%,2023
200,Sammis Reyes (JAC) ,0,0,0,0,0,0,0,0,0,0,0,0,0,0,0.0%,2023
201,Ben Mason (BAL) ,0,0,0,0,0,0,0,0,0,0,0,1,0.0,0.0,0.0%,2023
202,Hunter Kampmoyer (LAC) ,0,0,0,0,0,0,0,0,0,0,0,0,0,0,0.0%,2023
203,Zach Davidson (BUF) ,0,0,0,0,0,0,0,0,0,0,0,0,0,0,0.0%,2023
204,Bernhard Seikovits (ARI) ,0,0,0,0,0,0,0,0,0,0,0,0,0,0,0.0%,2023
205,Nick Guggemos (BUF) ,0,0,0,0,0,0,0,0,0,0,0,0,0,0,0.0%,2023
206,Hunter Thedford (CLE) ,0,0,0,0,0,0,0,0,0,0,0,0,0,0,0.0%,2023
207,Hunter Long (LAR) ,0,0,0,0,0,0,0,0,0,0,0,3,0.0,0.0,0.1%,2023
208,Kenny Yeboah (NYJ) ,0,0,0,0,0,0,0,0,0,0,0,3,0.0,0.0,0.0%,2023
209,Miller Forristall (NO) ,0,1,0,0,0,0,0,0,0,0,0,1,0.0,0.0,0.0%,2023
210,Matt Bushman (KC) ,0,0,0,0,0,0,0,0,0,0,0,0,0,0,0.0%,2023
211,Josh Whyle (TEN) ,0,0,0,0,0,0,0,0,0,0,0,0,0,0,0.1%,2023
212,Darnell Washington (PIT) ,0,0,0,0,0,0,0,0,0,0,0,0,0,0,1.8%,2023
213,Sam LaPorta (DET) ,0,0,0,0,0,0,0,0,0,0,0,0,0,0,36.5%,2023
214,Michael Mayer (LV) ,0,0,0,0,0,0,0,0,0,0,0,0,0,0,15.6%,2023
215,Jordan Thomas (CAR) ,0,0,0,0,0,0,0,0,0,0,0,0,0,0,0.0%,2023
216,Dominique Curry (DET) ,0,0,0,0,0,0,0,0,0,0,0,0,0,0,0.0%,2023
217,James Dearth (NYJ) ,0,0,0,0,0,0,0,0,0,0,0,0,0,0,0.0%,2023
218,Drake Dunsmore (TB) ,0,0,0,0,0,0,0,0,0,0,0,0,0,0,0.0%,2023
219,Darnell Dinkins (NO) ,0,0,0,0,0,0,0,0,0,0,0,0,0,0,0.0%,2023
220,Derek Fine (HOU) ,0,0,0,0,0,0,0,0,0,0,0,0,0,0,0.0%,2023
221,J.P. Foschi (CIN) ,0,0,0,0,0,0,0,0,0,0,0,0,0,0,0.0%,2023
222,Brad Cottam (KC) ,0,0,0,0,0,0,0,0,0,0,0,0,0,0,0.0%,2023
223,Marquez Branson (ATL) ,0,0,0,0,0,0,0,0,0,0,0,0,0,0,0.0%,2023
224,Joey Haynos (MIA) ,0,0,0,0,0,0,0,0,0,0,0,0,0,0,0.0%,2023
225,Justin Snow (IND) ,0,0,0,0,0,0,0,0,0,0,0,0,0,0,0.0%,2023
226,Keith Zinger (ATL) ,0,0,0,0,0,0,0,0,0,0,0,0,0,0,0.0%,2023
227,Zach Wood (NO) ,0,0,0,0,0,0,0,0,0,0,0,3,0.0,0.0,0.0%,2023
228,Andrew DePaola (MIN) ,0,0,0,0,0,0,0,0,0,0,0,3,0.0,0.0,0.0%,2023
229,J.P. Holtz (FA) ,0,0,0,0,0,0,0,0,0,0,0,1,0.0,0.0,0.0%,2023
230,Patrick Scales (CHI) ,0,0,0,0,0,0,0,0,0,0,0,5,0.0,0.0,0.0%,2023
231,David Wells (TB) ,0,0,0,0,0,0,0,0,0,0,0,0,0,0,0.0%,2023
232,Troy Fumagalli (SF) ,0,0,0,0,0,0,0,0,0,0,0,0,0,0,0.0%,2023
233,James Winchester (KC) ,0,0,0,0,0,0,0,0,0,0,0,3,0.0,0.0,0.0%,2023
234,Beau Brinkley (FA) ,0,0,0,0,0,0,0,0,0,0,0,2,0.0,0.0,0.2%,2023
235,Jesse James (NO) ,0,0,0,0,0,0,0,0,0,0,0,0,0,0,0.0%,2023
236,Nick Boyle (FA) ,0,0,0,0,0,0,0,0,0,0,0,3,0.0,0.0,0.0%,2023
237,Drew Sample (CIN) ,2,2,-2,-1.0,2,0,0,0,0,0,0,2,-0.2,-0.1,0.1%,2023
