RANK,PLAYER,REC,TGT,YDS,Y/R,LG,20+,TD,ATT,YDS,TD,FL,G,FPTS,FPTS/G,OWN
1,Tyreek Hill (KC) ,87,137,"1,479",17.0,75,27,12,22,151,1,0,16,241.0,15.1,99.9%
2,Antonio Brown (TB) ,104,169,"1,297",12.5,78,17,15,0,0,0,0,15,219.7,14.6,72.9%
3,Davante Adams (GB) ,111,169,"1,386",12.5,57,18,13,0,0,0,0,15,218.6,14.6,99.9%
4,DeAndre Hopkins (ARI) ,115,163,"1,572",13.7,49,23,11,1,-7,0,2,16,218.5,13.7,99.9%
5,Julio Jones (TEN) ,113,170,"1,677",14.8,58,24,8,2,12,0,2,16,212.8,13.3,98.3%
6,Mike Evans (TB) ,86,139,"1,524",17.7,72,26,8,0,0,0,1,16,198.4,12.4,99.1%
7,Adam Thielen (MIN) ,113,153,"1,373",12.2,68,17,9,5,30,0,1,16,194.3,12.1,97.4%
8,Michael Thomas (NO) ,125,147,"1,405",11.2,72,17,9,0,0,0,2,16,190.5,11.9,99.2%
9,JuJu Smith-Schuster (PIT) ,111,166,"1,426",12.8,97,18,7,1,13,0,1,16,185.9,11.6,92.5%
10,Robert Woods (LAR) ,86,131,"1,219",14.2,39,20,6,19,157,1,0,16,179.6,11.2,96.1%
11,Tyler Lockett (SEA) ,57,71,965,16.9,52,17,10,13,69,0,0,16,165.4,10.3,96.0%
12,Stefon Diggs (BUF) ,102,148,"1,021",10.0,75,13,9,10,62,0,0,15,164.3,11.0,99.9%
13,Brandin Cooks (HOU) ,80,116,"1,204",15.1,57,22,5,10,68,1,0,16,163.2,10.2,86.5%
14,Keenan Allen (LAC) ,97,137,"1,196",12.3,54,13,6,9,75,0,1,16,163.1,10.2,99.2%
15,T.Y. Hilton (IND) ,76,120,"1,270",16.7,68,22,6,0,0,0,0,14,163.0,11.6,60.5%
16,Odell Beckham Jr. (CLE) ,77,124,"1,052",13.7,51,17,6,5,19,0,1,12,153.4,12.8,94.0%
17,Tyler Boyd (CIN) ,76,108,"1,028",13.5,49,21,7,2,3,0,0,14,145.1,10.4,86.6%
18,Calvin Ridley (ATL) ,64,92,821,12.8,75,11,10,6,27,0,1,16,142.8,8.9,99.7%
19,Amari Cooper (DAL) ,75,107,"1,004",13.4,90,10,7,2,20,0,2,15,140.4,9.4,97.5%
20,Mike Williams (LAC) ,43,66,664,15.4,55,11,10,7,28,1,0,16,137.2,8.6,64.7%
21,Kenny Golladay (NYG) ,70,118,"1,063",15.2,60,19,5,1,8,0,0,15,137.1,9.1,94.3%
22,Jarvis Landry (CLE) ,81,149,976,12.0,51,13,4,3,60,1,1,16,136.1,8.5,83.4%
23,Julian Edelman (NE) ,74,108,850,11.5,36,12,6,9,107,0,0,12,133.4,11.1,13.9%
24,Emmanuel Sanders (BUF) ,71,98,868,12.2,64,13,4,4,53,1,0,12,127.2,10.6,16.0%
25,Chris Godwin (TB) ,59,95,842,14.3,48,10,7,0,0,0,1,16,126.2,7.9,97.5%
26,Alshon Jeffery (FA) ,65,92,843,13.0,52,9,6,0,0,0,0,13,120.3,9.3,0.7%
27,Corey Davis (NYJ) ,65,112,891,13.7,51,15,4,6,55,0,0,16,118.6,7.4,69.6%
28,Larry Fitzgerald (ARI) ,69,112,734,10.6,37,8,6,0,0,0,0,16,116.7,7.3,1.3%
29,Sterling Shepard (NYG) ,66,107,872,13.2,58,12,4,3,33,0,0,16,116.5,7.3,24.4%
30,Mohamed Sanu (SF) ,66,94,838,12.7,44,7,4,7,44,0,1,16,116.4,7.3,0.2%
31,Adam Humphries (WAS) ,76,105,816,10.7,51,7,5,2,11,0,0,16,112.7,7.0,1.1%
32,DeSean Jackson (LAR) ,41,74,774,18.9,75,13,4,6,29,1,0,12,110.3,9.2,4.4%
33,Zay Jones (LV) ,56,102,652,11.6,57,7,7,1,0,0,0,16,109.2,6.8,0.1%
34,Golden Tate (FA) ,74,113,795,10.7,67,9,4,4,34,0,0,15,108.9,7.3,1.2%
35,Dede Westbrook (JAC) ,66,101,717,10.9,61,15,5,9,98,0,2,16,107.6,6.7,0.6%
36,Robby Anderson (CAR) ,50,93,752,15.0,76,10,6,2,-8,0,2,14,106.4,7.6,90.0%
37,A.J. Green (ARI) ,46,77,694,15.1,38,12,6,0,0,0,1,9,103.4,11.5,24.3%
38,D.J. Moore (CAR) ,55,82,788,14.3,82,9,2,13,172,0,3,16,102.0,6.4,95.3%
39,John Brown (LV) ,42,97,715,17.0,71,11,5,3,4,0,0,16,101.9,6.4,37.8%
40,Nelson Agholor (NE) ,64,97,736,11.5,83,10,4,3,32,0,0,16,101.4,6.3,40.4%
41,Allen Robinson II (CHI) ,55,94,754,13.7,43,11,4,1,9,0,1,13,98.3,7.6,99.1%
42,Curtis Samuel (WAS) ,39,65,494,12.7,53,6,5,8,84,2,1,13,97.8,7.5,84.6%
43,Demaryius Thomas (FA) ,59,89,677,11.5,45,9,5,0,0,0,0,15,97.7,6.5,0.1%
44,Josh Gordon (SEA) ,41,71,737,18.0,55,12,4,0,0,0,0,12,97.7,8.1,2.8%
45,Kenny Stills (BUF) ,37,64,553,14.9,75,7,6,0,0,0,0,15,97.4,6.5,0.6%
46,Tyrell Williams (DET) ,41,64,653,15.9,75,11,5,2,15,0,0,16,96.8,6.1,6.7%
47,Cooper Kupp (LAR) ,40,55,566,14.2,70,9,6,4,25,0,0,8,95.1,11.9,94.5%
48,Courtland Sutton (DEN) ,42,84,704,16.8,42,16,4,1,-1,0,0,16,94.3,5.9,89.1%
49,Jordy Nelson (FA) ,63,88,739,11.7,66,7,3,1,-2,0,0,15,93.7,6.2,0.1%
50,Doug Baldwin (FA) ,50,73,618,12.4,42,9,5,0,0,0,0,13,91.8,7.1,0.0%
51,Antonio Callaway (KC) ,43,79,586,13.6,71,8,5,2,7,0,1,16,89.3,5.6,0.1%
52,Anthony Miller (CHI) ,33,54,423,12.8,55,6,7,6,26,0,0,15,87.2,5.8,2.7%
53,Cole Beasley (BUF) ,65,86,672,10.3,32,3,3,0,0,0,0,16,85.2,5.3,65.2%
54,Taylor Gabriel (FA) ,67,93,688,10.3,54,7,2,9,61,0,1,16,84.9,5.3,0.1%
55,Donte Moncrief (HOU) ,48,90,668,13.9,80,7,3,0,0,0,1,16,82.8,5.2,0.0%
56,Marvin Jones Jr. (JAC) ,35,62,508,14.5,39,5,5,0,0,0,0,9,80.8,9.0,65.1%
57,Christian Kirk (ARI) ,43,68,590,13.7,75,8,3,3,35,0,0,12,80.5,6.7,24.0%
58,Rashard Higgins (CLE) ,39,53,572,14.7,40,11,4,0,0,0,1,13,79.2,6.1,3.4%
59,Devin Funchess (GB) ,44,79,549,12.5,27,8,4,0,0,0,0,14,78.9,5.6,0.8%
60,Michael Crabtree (FA) ,54,100,607,11.2,27,6,3,0,0,0,0,16,78.7,4.9,0.1%
61,Dante Pettis (NYG) ,27,45,467,17.3,75,9,5,1,-2,0,0,12,76.5,6.4,0.2%
62,Sammy Watkins (BAL) ,40,55,519,13.0,50,7,3,5,52,0,0,10,75.1,7.5,9.4%
63,David Moore (CAR) ,26,52,445,17.1,54,8,5,1,5,0,0,16,75.0,4.7,1.4%
64,Will Fuller V (MIA) ,32,45,503,15.7,73,7,4,0,0,0,0,7,74.3,10.6,83.7%
65,Marquez Valdes-Scantling (GB) ,38,72,581,15.3,60,8,2,2,29,0,0,16,73.0,4.6,7.1%
66,Tre'Quan Smith (NO) ,28,44,427,15.3,62,6,5,0,0,0,0,15,72.7,4.8,4.8%
67,Kendrick Bourne (NE) ,42,66,487,11.6,33,6,4,0,0,0,0,16,72.7,4.5,2.8%
68,Willie Snead IV (LV) ,62,95,651,10.5,28,5,1,1,13,0,0,16,72.4,4.5,0.7%
69,Robert Foster (MIA) ,27,45,541,20.0,75,9,3,0,0,0,0,13,72.1,5.5,0.0%
70,Chris Hogan (FA) ,35,53,532,15.2,63,11,3,0,0,0,0,16,71.2,4.5,0.0%
71,Josh Reynolds (TEN) ,29,53,402,13.9,33,6,5,2,8,0,0,16,71.0,4.4,6.4%
72,Albert Wilson (MIA) ,26,35,391,15.0,75,7,4,8,16,0,0,7,70.8,10.1,0.2%
73,Cordarrelle Patterson (ATL) ,21,28,247,11.8,55,4,3,42,228,1,1,15,69.5,4.6,2.6%
74,Danny Amendola (DET) ,59,79,575,9.7,39,4,1,1,-2,0,0,15,68.4,4.6,0.6%
75,Josh Doctson (NYJ) ,44,78,532,12.1,32,7,2,0,0,0,0,15,65.2,4.3,0.0%
76,Michael Gallup (DAL) ,33,68,507,15.4,49,10,2,0,0,0,0,16,64.7,4.0,73.7%
77,Marquise Goodwin (CHI) ,23,43,395,17.2,67,5,4,4,9,0,0,11,64.4,5.9,0.3%
78,Chester Rogers (TEN) ,53,72,485,9.2,34,5,2,1,-4,0,0,16,64.1,4.0,0.0%
79,John Ross (NYG) ,21,58,210,10.0,39,3,7,4,9,0,0,13,63.9,4.9,0.9%
80,Seth Roberts (GB) ,45,64,494,11.0,44,7,2,3,5,0,0,15,61.9,4.1,0.0%
81,Chris Conley (HOU) ,32,52,334,10.4,27,4,5,0,0,0,2,16,59.4,3.7,1.2%
82,Jarius Wright (FA) ,43,59,447,10.4,33,8,1,2,39,0,1,16,54.6,3.4,0.0%
83,Jamison Crowder (NYJ) ,29,50,388,13.4,79,4,2,4,30,0,0,9,53.8,6.0,50.8%
84,Aldrick Robinson (FA) ,17,35,231,13.6,40,2,5,0,0,0,0,14,53.1,3.8,0.0%
85,Demarcus Robinson (KC) ,22,33,288,13.1,89,3,4,0,0,0,0,16,52.8,3.3,2.0%
86,Keelan Cole Sr. (NYJ) ,38,70,491,12.9,35,7,1,0,0,0,2,16,51.1,3.2,2.6%
87,Taywan Taylor (HOU) ,37,56,466,12.6,55,3,1,0,0,0,1,13,50.6,3.9,0.0%
88,Phillip Dorsett II (JAC) ,32,42,290,9.1,20,1,3,4,29,0,0,16,49.9,3.1,0.3%
89,Quincy Enunwa (FA) ,38,68,449,11.8,42,6,1,1,0,0,1,11,48.9,4.4,0.0%
90,Dontrelle Inman (WAS) ,28,39,304,10.9,29,4,3,0,0,0,0,9,48.4,5.4,0.0%
91,Randall Cobb (HOU) ,38,61,383,10.1,75,4,2,0,0,0,1,9,48.4,5.4,3.5%
92,Jaron Brown (ARI) ,14,19,166,11.9,45,1,5,0,0,0,0,16,46.6,2.9,0.0%
93,Breshad Perriman (DET) ,16,25,340,21.3,66,4,2,4,2,0,0,10,46.2,4.6,15.0%
94,Tajae Sharpe (ATL) ,26,47,316,12.2,28,2,2,1,16,0,0,16,45.2,2.8,0.1%
95,Kelvin Benjamin (NYG) ,25,67,380,15.2,40,5,1,0,0,0,0,15,44.0,2.9,0.1%
96,Jermaine Kearse (FA) ,37,76,371,10.0,29,3,1,0,0,0,0,14,43.1,3.1,0.0%
97,Geronimo Allison (DET) ,20,30,303,15.2,64,4,2,0,0,0,0,5,42.3,8.5,0.1%
98,Jordan Matthews (SF) ,20,28,300,15.0,56,3,2,0,0,0,0,14,42.0,3.0,0.0%
99,Allen Hurns (MIA) ,20,36,295,14.8,49,6,2,0,0,0,0,16,41.5,2.6,0.1%
100,Zach Pascal (IND) ,27,46,268,9.9,28,1,2,2,10,0,0,16,39.8,2.5,1.9%
101,Ryan Grant (FA) ,35,52,334,9.5,23,3,1,0,0,0,0,14,39.4,2.8,0.0%
102,Jakeem Grant Sr. (MIA) ,21,34,268,12.8,52,2,2,1,5,0,0,10,39.3,3.9,0.7%
103,Paul Richardson Jr. (FA) ,20,35,262,13.1,46,5,2,2,9,0,0,7,39.1,5.6,0.0%
104,Tim Patrick (DEN) ,23,41,315,13.7,26,6,1,3,17,0,1,16,37.2,2.3,5.5%
105,Terrelle Pryor Sr. (FA) ,16,30,252,15.8,44,5,2,1,-1,0,0,8,37.1,4.6,0.0%
106,DeVante Parker (MIA) ,24,47,309,12.9,46,3,1,0,0,0,0,11,36.9,3.4,68.3%
107,DaeSean Hamilton (DEN) ,30,46,243,8.1,24,1,2,0,0,0,0,14,36.3,2.6,0.1%
108,Laquon Treadwell (JAC) ,35,53,302,8.6,22,1,1,0,0,0,0,15,36.2,2.4,0.0%
109,Ted Ginn Jr. (FA) ,17,30,209,12.3,42,3,2,3,26,0,1,5,35.5,7.1,0.1%
110,Keke Coutee (HOU) ,28,41,287,10.3,40,2,1,3,0,0,0,6,34.7,5.8,2.0%
111,Pierre Garcon (FA) ,24,45,286,11.9,25,5,1,0,0,0,0,8,34.6,4.3,0.0%
112,Isaiah McKenzie (BUF) ,18,30,179,9.9,23,1,0,10,66,2,1,8,34.5,4.3,0.3%
113,Ryan Switzer (CLE) ,36,44,253,7.0,24,1,1,6,21,0,0,16,33.4,2.1,0.0%
114,Equanimeous St. Brown (GB) ,21,36,328,15.6,54,5,0,1,5,0,0,12,33.3,2.8,0.2%
115,Torrey Smith (FA) ,17,30,190,11.2,35,2,2,0,0,0,0,11,33.0,3.0,0.0%
116,Keith Kirkwood (CAR) ,13,21,209,16.1,42,4,2,0,0,0,0,8,32.9,4.1,0.0%
117,Tavon Austin (GB) ,8,13,140,17.5,64,2,2,6,55,0,0,7,31.5,4.5,0.0%
118,Maurice Harris (FA) ,28,47,304,10.9,42,3,0,2,10,0,0,12,31.4,2.6,0.0%
119,TJ Jones (FA) ,19,26,190,10.0,26,3,2,0,0,0,0,15,31.0,2.1,0.0%
120,Russell Shepard (FA) ,10,19,188,18.8,49,4,2,0,0,0,0,12,30.8,2.6,0.0%
121,Trent Taylor (CIN) ,26,40,215,8.3,23,1,1,0,0,0,0,14,29.5,2.1,0.1%
122,Travis Benjamin (SF) ,12,24,186,15.5,46,4,1,7,41,0,0,12,28.7,2.4,0.1%
123,Bruce Ellington (FA) ,31,42,224,7.2,23,2,1,1,2,0,0,7,28.6,4.1,0.0%
124,James Washington (PIT) ,16,38,217,13.6,47,3,1,0,0,0,0,14,27.7,2.0,2.8%
125,Chris Moore (HOU) ,19,25,196,10.3,30,3,1,5,17,0,0,16,27.3,1.7,0.0%
126,Trent Sherfield (SF) ,19,28,210,11.1,21,1,1,0,0,0,0,13,27.0,2.1,0.0%
127,Martavis Bryant (FA) ,19,27,266,14.0,47,6,0,3,23,0,1,8,26.9,3.4,0.0%
128,Bennie Fowler III (SF) ,16,27,199,12.4,26,3,1,0,0,0,0,10,25.9,2.6,0.0%
129,Brandon LaFell (FA) ,12,16,135,11.3,24,1,2,0,0,0,0,6,25.5,4.3,0.0%
130,Justin Hardy (FA) ,14,22,133,9.5,19,0,2,0,0,0,0,16,25.3,1.6,0.0%
131,Cody Latimer (FA) ,11,16,190,17.3,39,4,1,0,0,0,0,6,25.0,4.2,0.0%
132,Chad Williams (KC) ,17,46,171,10.1,22,1,1,1,9,0,0,10,24.0,2.4,0.0%
133,Cody Core (FA) ,13,28,160,12.3,30,2,1,0,0,0,0,14,24.0,1.7,0.0%
134,Austin Carr (NO) ,9,14,97,10.8,25,1,2,0,0,0,0,14,21.7,1.6,0.0%
135,Marcell Ateman (LV) ,15,31,154,10.3,32,2,1,0,0,0,0,7,21.4,3.1,0.0%
136,Marvin Hall (NE) ,10,19,149,14.9,47,2,1,2,0,0,0,16,20.9,1.3,0.0%
137,DeAndre Carter (WAS) ,22,25,216,9.8,50,2,0,1,7,0,1,14,20.3,1.5,0.0%
138,Josh Bellamy (FA) ,14,25,117,8.4,20,1,1,0,0,0,0,16,19.7,1.2,0.0%
139,Brandon Marshall (FA) ,11,23,136,12.4,27,2,1,0,0,0,0,7,19.6,2.8,2.6%
140,Michael Floyd (FA) ,10,24,100,10.0,20,1,1,0,0,0,0,13,18.0,1.4,0.0%
141,Richie James Jr. (SF) ,9,14,130,14.4,53,2,1,0,0,0,1,13,17.0,1.3,0.7%
142,Alex Erickson (HOU) ,20,29,167,8.4,28,1,0,3,22,0,1,16,16.9,1.1,0.1%
143,Leonte Carroo (FA) ,2,4,94,47.0,74,2,1,1,14,0,0,9,16.8,1.9,0.0%
144,Jake Kumerow (BUF) ,8,11,103,12.9,49,1,1,0,0,0,0,5,16.3,3.3,0.1%
145,Andre Holmes (FA) ,13,24,162,12.5,24,5,0,0,0,0,0,15,16.2,1.1,0.0%
146,Deonte Thompson (FA) ,17,30,161,9.5,15,0,0,0,0,0,0,13,16.1,1.2,0.0%
147,Marcus Johnson (TEN) ,6,8,102,17.0,34,1,1,1,-2,0,0,5,16.0,3.2,0.1%
148,Cameron Meredith (FA) ,9,10,114,12.7,46,2,1,0,0,0,1,6,15.4,2.6,0.0%
149,D.J. Chark Jr. (JAC) ,14,32,174,12.4,38,2,0,0,0,0,1,11,15.4,1.4,89.6%
150,Vyncint Smith (NYJ) ,5,10,91,18.2,35,2,1,0,0,0,0,7,15.1,2.2,0.0%
151,Damion Ratley (DET) ,13,20,144,11.1,27,3,0,0,0,0,0,13,14.4,1.1,0.0%
152,Deontay Burnett (FA) ,10,15,143,14.3,29,3,0,0,0,0,0,5,14.3,2.9,0.0%
153,Andy Jones (SF) ,11,24,80,7.3,15,0,1,0,0,0,0,8,14.0,1.8,0.0%
154,Andre Roberts (HOU) ,10,18,79,7.9,20,1,1,2,20,0,1,16,13.9,0.9,0.0%
155,Trey Quinn (LV) ,9,10,75,8.3,15,0,1,1,0,0,0,3,13.5,4.5,0.0%
156,Brandon Powell (BUF) ,11,17,129,11.7,41,1,0,1,4,0,0,6,13.3,2.2,0.0%
157,Brice Butler (FA) ,6,10,60,10.0,23,1,1,0,0,0,0,8,12.0,1.5,0.0%
158,Darius Jennings (FA) ,11,15,101,9.2,36,1,0,1,2,0,0,16,11.1,0.7,0.0%
159,Tommylee Lewis (NO) ,3,3,60,20.0,28,2,1,2,10,0,1,7,11.0,1.6,0.0%
160,Eli Rogers (FA) ,12,14,79,6.6,17,0,0,1,-4,0,0,3,9.5,3.2,0.0%
161,De'Anthony Thomas (BAL) ,3,5,29,9.7,15,0,1,1,6,0,0,5,9.5,1.9,0.0%
162,Kevin White (SF) ,4,8,92,23.0,54,2,0,0,0,0,0,9,9.2,1.0,0.0%
163,Cameron Batson (TEN) ,8,11,82,10.3,26,1,0,1,1,0,0,11,8.3,0.8,0.3%
164,Corey Coleman (NYG) ,5,8,71,14.2,30,1,0,1,5,0,0,8,7.6,1.0,0.0%
165,J.J. Nelson (IND) ,7,19,64,9.1,17,0,0,4,0,0,0,14,6.4,0.5,0.1%
166,Russell Gage (ATL) ,6,10,63,10.5,22,1,0,0,0,0,0,15,6.3,0.4,23.4%
167,Derrick Willies (CLE) ,3,5,61,20.3,39,1,0,0,0,0,0,5,6.1,1.2,0.0%
168,Noah Brown (DAL) ,5,8,54,10.8,22,1,0,0,0,0,0,8,5.4,0.7,0.1%
169,Kamar Aiken (FA) ,6,7,53,8.8,18,0,0,0,0,0,0,5,5.3,1.1,0.0%
170,Dwayne Harris (CHI) ,6,6,40,6.7,13,0,0,2,12,0,0,15,5.2,0.3,0.0%
171,Bobo Wilson (FA) ,4,5,52,13.0,25,1,0,0,0,0,0,5,5.2,1.0,0.1%
172,Shelton Gibson (CAR) ,1,3,48,48.0,48,1,0,0,0,0,0,15,4.8,0.3,0.0%
173,Jawill Davis (FA) ,4,8,40,10.0,22,1,0,0,0,0,0,7,4.0,0.6,0.0%
174,Rashad Greene (FA) ,6,8,60,10.0,12,0,0,0,0,0,1,8,4.0,0.5,0.0%
175,Chad Beebe (MIN) ,4,4,39,9.8,18,0,0,0,0,0,0,3,3.9,1.3,0.2%
176,Jalen Tolliver (FA) ,3,6,37,12.3,15,0,0,0,0,0,0,3,3.7,1.2,0.0%
177,Auden Tate (CIN) ,4,12,35,8.8,15,0,0,0,0,0,0,7,3.5,0.5,0.5%
178,Javon Wims (CHI) ,4,5,32,8.0,16,0,0,0,0,0,0,4,3.2,0.8,0.1%
179,Charone Peake (FA) ,2,3,25,12.5,14,0,0,0,0,0,0,13,2.5,0.2,0.0%
180,River Cracraft (SF) ,1,2,44,44.0,44,1,0,0,0,0,1,8,2.4,0.3,0.0%
181,Rishard Matthews (FA) ,5,9,24,4.8,7,0,0,0,0,0,0,8,2.4,0.3,0.0%
182,Brandon Zylstra (CAR) ,1,2,23,23.0,23,1,0,0,0,0,0,16,2.3,0.1,0.1%
183,Gehrig Dieter (KC) ,1,3,22,22.0,22,1,0,0,0,0,0,4,2.2,0.6,0.1%
184,Justin Hunter (FA) ,3,13,21,7.0,12,0,0,0,0,0,0,5,2.1,0.4,0.0%
185,Malik Turner (DAL) ,2,3,20,10.0,19,0,0,0,0,0,0,6,2.0,0.3,0.0%
186,Ray-Ray McCloud (PIT) ,5,6,36,7.2,16,0,0,2,4,0,1,10,2.0,0.2,0.2%
187,Terrance Williams (FA) ,2,3,18,9.0,12,0,0,0,0,0,0,3,1.8,0.6,0.0%
188,Brian Quick (FA) ,3,3,18,6.0,6,0,0,0,0,0,0,6,1.8,0.3,0.0%
189,Nick Williams (FA) ,2,5,17,8.5,11,0,0,0,0,0,0,4,1.7,0.4,0.0%
190,KhaDarel Hodge (CLE) ,2,3,17,8.5,14,0,0,0,0,0,0,14,1.7,0.1,0.1%
191,Tim White (FA) ,1,1,14,14.0,14,0,0,0,0,0,0,3,1.4,0.5,0.0%
192,Sammie Coates (FA) ,1,2,12,12.0,12,0,0,0,0,0,0,12,1.2,0.1,0.0%
193,Josh Malone (NYJ) ,1,5,12,12.0,12,0,0,0,0,0,0,9,1.2,0.1,0.0%
194,Justin Hardee (NYJ) ,1,1,10,10.0,10,0,0,0,0,0,0,16,1.0,0.1,0.4%
195,Victor Bolden Jr. (DET) ,1,4,10,10.0,10,0,0,0,0,0,0,6,1.0,0.2,0.0%
196,Cam Phillips (FA) ,1,1,9,9.0,9,0,0,0,0,0,0,2,0.9,0.5,0.0%
197,Damiere Byrd (CHI) ,1,2,8,8.0,8,0,0,0,0,0,0,8,0.8,0.1,0.7%
198,Keon Hatcher (FA) ,1,2,8,8.0,8,0,0,0,0,0,0,3,0.8,0.3,0.0%
199,Darvin Kidsy (SEA) ,1,2,8,8.0,8,0,0,0,0,0,0,2,0.8,0.4,0.0%
200,Allen Lazard (GB) ,1,1,7,7.0,7,0,0,0,0,0,0,1,0.7,0.7,12.1%
201,Jeremy Kerley (FA) ,2,4,7,3.5,4,0,0,0,0,0,0,1,0.7,0.7,0.0%
202,Marcus Kemp (KC) ,1,2,7,7.0,7,0,0,0,0,0,0,16,0.7,0.0,0.1%
203,Justin Watson (TB) ,1,3,5,5.0,5,0,0,0,0,0,0,12,0.5,0.0,0.1%
204,Jehu Chesson (FA) ,1,2,7,7.0,7,0,0,1,-4,0,0,12,0.3,0.0,0.0%
205,Darrius Heyward-Bey (FA) ,1,2,9,9.0,9,0,0,1,-7,0,0,14,0.2,0.0,0.0%
206,Josh Pearson (TB) ,0,0,0,0,0,0,0,0,0,0,0,0,0,0,0.0%
207,Damion Willis (DEN) ,0,0,0,0,0,0,0,0,0,0,0,0,0,0,0.0%
208,Juwan Green (ATL) ,0,0,0,0,0,0,0,0,0,0,0,0,0,0,0.0%
209,Malik Taylor (GB) ,0,0,0,0,0,0,0,0,0,0,0,0,0,0,0.0%
210,Jalen McCleskey (NO) ,0,0,0,0,0,0,0,0,0,0,0,0,0,0,0.0%
211,Isaiah Zuber (NE) ,0,0,0,0,0,0,0,0,0,0,0,0,0,0,0.0%
212,Joe Fortson (KC) ,0,0,0,0,0,0,0,0,0,0,0,0,0,0,0.0%
213,Jaylon Moore (BAL) ,0,0,0,0,0,0,0,0,0,0,0,0,0,0,0.0%
214,Malik Henry (NO) ,0,0,0,0,0,0,0,0,0,0,0,0,0,0,0.0%
215,Olamide Zaccheaus (ATL) ,0,0,0,0,0,0,0,0,0,0,0,0,0,0,0.9%
216,Deonte Harris (NO) ,0,0,0,0,0,0,0,0,0,0,0,0,0,0,1.1%
217,Scotty Washington (CIN) ,0,0,0,0,0,0,0,0,0,0,0,0,0,0,0.0%
218,Rysen John (NYG) ,0,0,0,0,0,0,0,0,0,0,0,0,0,0,0.0%
219,Tom Kennedy (DET) ,0,0,0,0,0,0,0,0,0,0,0,0,0,0,0.0%
220,Nsimba Webster (LAR) ,0,0,0,0,0,0,0,0,0,0,0,0,0,0,0.0%
221,Jalen Guyton (LAC) ,0,0,0,0,0,0,0,0,0,0,0,0,0,0,1.5%
222,Manasseh Bailey (NYJ) ,0,0,0,0,0,0,0,0,0,0,0,0,0,0,0.0%
223,Stephen Guidry (DAL) ,0,0,0,0,0,0,0,0,0,0,0,0,0,0,0.0%
224,Derrick Dillon (NYG) ,0,0,0,0,0,0,0,0,0,0,0,0,0,0,0.0%
225,Steven Sims Jr. (WAS) ,0,0,0,0,0,0,0,0,0,0,0,0,0,0,0.7%
226,Travis Jonsen (TB) ,0,0,0,0,0,0,0,0,0,0,0,0,0,0,0.0%
227,Tyler Simmons (PIT) ,0,0,0,0,0,0,0,0,0,0,0,0,0,0,0.0%
228,Thomas Ives (CHI) ,0,0,0,0,0,0,0,0,0,0,0,0,0,0,0.0%
229,Ventell Bryant (CAR) ,0,0,0,0,0,0,0,0,0,0,0,0,0,0,0.0%
230,Jason Moore (LAC) ,0,0,0,0,0,0,0,0,0,0,0,0,0,0,0.0%
231,Darrius Shepherd (KC) ,0,0,0,0,0,0,0,0,0,0,0,0,0,0,0.0%
232,Kabion Ento (GB) ,0,0,0,0,0,0,0,0,0,0,0,0,0,0,0.0%
233,Kristian Wilkerson (NE) ,0,0,0,0,0,0,0,0,0,0,0,0,0,0,0.0%
234,Kendall Hinton (DEN) ,0,0,0,0,0,0,0,0,0,0,0,0,0,0,0.0%
235,Alex Bachman (NYG) ,0,0,0,0,0,0,0,0,0,0,0,0,0,0,0.0%
236,D.J. Montgomery (NYJ) ,0,0,0,0,0,0,0,0,0,0,0,0,0,0,0.0%
237,John Hurst (LAC) ,0,0,0,0,0,0,0,0,0,0,0,0,0,0,0.0%
238,Lawrence Cager (NYJ) ,0,0,0,0,0,0,0,0,0,0,0,0,0,0,0.0%
239,Tre Walker (BUF) ,0,0,0,0,0,0,0,0,0,0,0,0,0,0,0.0%
240,Tyler Vaughns (IND) ,0,0,0,0,0,0,0,0,0,0,0,0,0,0,0.0%
241,Marquez Callaway (NO) ,0,0,0,0,0,0,0,0,0,0,0,0,0,0,0.8%
242,Easop Winston Jr. (NO) ,0,0,0,0,0,0,0,0,0,0,0,0,0,0,0.0%
243,Van Jefferson (LAR) ,0,0,0,0,0,0,0,0,0,0,0,0,0,0,7.4%
244,Joe Reed (LAC) ,0,0,0,0,0,0,0,0,0,0,0,0,0,0,0.1%
245,Freddie Swain (SEA) ,0,0,0,0,0,0,0,0,0,0,0,0,0,0,0.3%
246,Quez Watkins (PHI) ,0,0,0,0,0,0,0,0,0,0,0,0,0,0,0.1%
247,Ja'Marcus Bradley (CLE) ,0,0,0,0,0,0,0,0,0,0,0,0,0,0,0.0%
248,Dezmon Patmon (IND) ,0,0,0,0,0,0,0,0,0,0,0,0,0,0,0.0%
249,Cody White (PIT) ,0,0,0,0,0,0,0,0,0,0,0,0,0,0,0.0%
250,Kalija Lipscomb (TEN) ,0,0,0,0,0,0,0,0,0,0,0,0,0,0,0.0%
251,Khalil Tate (PHI) ,0,0,0,0,0,0,0,0,0,0,0,0,0,0,0.0%
252,Malcolm Perry (MIA) ,0,0,0,0,0,0,0,0,0,0,0,0,0,0,0.0%
253,Gabriel Davis (BUF) ,0,0,0,0,0,0,0,0,0,0,0,0,0,0,15.7%
254,Tarik Black (IND) ,0,0,0,0,0,0,0,0,0,0,0,0,0,0,0.0%
255,Isaiah Hodgins (BUF) ,0,0,0,0,0,0,0,0,0,0,0,0,0,0,0.1%
256,Chris Finke (KC) ,0,0,0,0,0,0,0,0,0,0,0,0,0,0,0.0%
257,Mason Kinsey (TEN) ,0,0,0,0,0,0,0,0,0,0,0,0,0,0,0.0%
258,Austin Mack (NYG) ,0,0,0,0,0,0,0,0,0,0,0,0,0,0,0.0%
259,Tyrie Cleveland (DEN) ,0,0,0,0,0,0,0,0,0,0,0,0,0,0,0.0%
260,Trishton Jackson (LAR) ,0,0,0,0,0,0,0,0,0,0,0,0,0,0,0.0%
261,Omar Bayless (CAR) ,0,0,0,0,0,0,0,0,0,0,0,0,0,0,0.0%
262,Stephen Sullivan (CAR) ,0,0,0,0,0,0,0,0,0,0,0,0,0,0,0.0%
263,Binjimen Victor (BAL) ,0,0,0,0,0,0,0,0,0,0,0,0,0,0,0.0%
264,K.J. Osborn (MIN) ,0,0,0,0,0,0,0,0,0,0,0,0,0,0,0.1%
265,Aaron Parker (DAL) ,0,0,0,0,0,0,0,0,0,0,0,0,0,0,0.0%
266,Isaiah Wright (WAS) ,0,0,0,0,0,0,0,0,0,0,0,0,0,0,0.0%
267,Jauan Jennings (SF) ,0,0,0,0,0,0,0,0,0,0,0,0,0,0,0.0%
268,Lynn Bowden Jr. (MIA) ,0,0,0,0,0,0,0,0,0,0,0,0,0,0,2.6%
269,Juwan Johnson (NO) ,0,0,0,0,0,0,0,0,0,0,0,0,0,0,0.1%
270,Quartney Davis (IND) ,0,0,0,0,0,0,0,0,0,0,0,0,0,0,0.0%
271,Quintez Cephus (DET) ,0,0,0,0,0,0,0,0,0,0,0,0,0,0,2.9%
272,James Proche (BAL) ,0,0,0,0,0,0,0,0,0,0,0,0,0,0,0.1%
273,Isaiah Coulter (HOU) ,0,0,0,0,0,0,0,0,0,0,0,0,0,0,0.1%
274,Ja'Marr Chase (CIN) ,0,0,0,0,0,0,0,0,0,0,0,0,0,0,88.1%
275,Jaylen Waddle (MIA) ,0,0,0,0,0,0,0,0,0,0,0,0,0,0,71.8%
276,Rashod Bateman (BAL) ,0,0,0,0,0,0,0,0,0,0,0,0,0,0,28.3%
277,Rondale Moore (ARI) ,0,0,0,0,0,0,0,0,0,0,0,0,0,0,10.9%
278,Amon-Ra St. Brown (DET) ,0,0,0,0,0,0,0,0,0,0,0,0,0,0,10.8%
279,Reggie Begelton (GB) ,0,0,0,0,0,0,0,0,0,0,0,0,0,0,0.0%
280,Tylan Wallace (BAL) ,0,0,0,0,0,0,0,0,0,0,0,0,0,0,2.0%
281,Darnell Mooney (CHI) ,0,0,0,0,0,0,0,0,0,0,0,0,0,0,50.7%
282,Gunner Olszewski (NE) ,0,0,0,0,0,0,0,0,0,0,0,0,0,0,0.2%
283,Kirk Merritt (MIA) ,0,0,0,0,0,0,0,0,0,0,0,0,0,0,0.0%
284,Denzel Mims (NYJ) ,0,0,0,0,0,0,0,0,0,0,0,0,0,0,12.7%
285,KJ Hamler (DEN) ,0,0,0,0,0,0,0,0,0,0,0,0,0,0,4.3%
286,Antonio Gandy-Golden (WAS) ,0,0,0,0,0,0,0,0,0,0,0,0,0,0,0.7%
287,K.J. Hill Jr. (LAC) ,0,0,0,0,0,0,0,0,0,0,0,0,0,0,0.1%
288,John Hightower (PHI) ,0,0,0,0,0,0,0,0,0,0,0,0,0,0,0.1%
289,Aaron Fuller (SEA) ,0,0,0,0,0,0,0,0,0,0,0,0,0,0,0.0%
290,Donovan Peoples-Jones (CLE) ,0,0,0,0,0,0,0,0,0,0,0,0,0,0,2.4%
291,Michael Pittman Jr. (IND) ,0,0,0,0,0,0,0,0,0,0,0,0,0,0,52.4%
292,Nick Westbrook-Ikhine (TEN) ,0,0,0,0,0,0,0,0,0,0,0,0,0,0,0.1%
293,Devin Duvernay (BAL) ,0,0,0,0,0,0,0,0,0,0,0,0,0,0,2.1%
294,Jerry Jeudy (DEN) ,0,0,0,0,0,0,0,0,0,0,0,0,0,0,85.3%
295,Brandon Aiyuk (SF) ,0,0,0,0,0,0,0,0,0,0,0,0,0,0,90.9%
296,Justin Jefferson (MIN) ,0,0,0,0,0,0,0,0,0,0,0,0,0,0,99.8%
297,DeVonta Smith (PHI) ,0,0,0,0,0,0,0,0,0,0,0,0,0,0,80.7%
298,Laviska Shenault Jr. (JAC) ,0,0,0,0,0,0,0,0,0,0,0,0,0,0,73.5%
299,Jalen Reagor (PHI) ,0,0,0,0,0,0,0,0,0,0,0,0,0,0,54.1%
300,Tee Higgins (CIN) ,0,0,0,0,0,0,0,0,0,0,0,0,0,0,90.3%
301,Henry Ruggs III (LV) ,0,0,0,0,0,0,0,0,0,0,0,0,0,0,56.0%
302,CeeDee Lamb (DAL) ,0,0,0,0,0,0,0,0,0,0,0,0,0,0,96.1%
303,Travis Fulgham (PHI) ,0,0,0,0,0,0,0,0,0,0,0,0,0,0,2.6%
304,Steven Mitchell Jr. (HOU) ,0,0,0,0,0,0,0,0,0,0,0,1,0.0,0.0,0.0%
305,Steven Dunbar Jr. (FA) ,0,0,0,0,0,0,0,0,0,0,0,1,0.0,0.0,0.0%
306,Devin Gray (BAL) ,0,0,0,0,0,0,0,0,0,0,0,0,0,0,0.0%
307,Christian Blake (ATL) ,0,0,0,0,0,0,0,0,0,0,0,0,0,0,0.1%
308,Byron Pringle (KC) ,0,0,0,0,0,0,0,0,0,0,0,0,0,0,1.7%
309,Rico Gafford (ARI) ,0,0,0,0,0,0,0,0,0,0,0,1,0.0,0.0,0.0%
310,Janarion Grant (FA) ,0,0,0,0,0,0,0,0,0,0,0,2,0.0,0.0,0.0%
311,Caleb Scott (LV) ,0,0,0,0,0,0,0,0,0,0,0,0,0,0,0.0%
312,Devin Ross (NE) ,0,0,0,0,0,0,0,0,0,0,0,0,0,0,0.0%
313,Cam Sims (WAS) ,0,0,0,0,0,0,0,0,0,0,0,1,0.0,0.0,0.7%
314,De'Mornay Pierson-El (DEN) ,0,0,0,0,0,0,0,0,0,0,0,0,0,0,0.0%
315,Saeed Blacknall (FA) ,0,0,0,0,0,0,0,0,0,0,0,1,0.0,0.0,0.0%
316,Rashard Davis (TEN) ,0,0,0,0,0,0,0,0,0,0,0,0,0,0,0.0%
317,Fred Brown (TEN) ,0,0,0,0,0,0,0,0,0,0,0,0,0,0,0.0%
318,Lance Lenoir Jr. (BUF) ,0,0,0,0,0,0,0,0,0,0,0,7,0.0,0.0,0.0%
319,Greg Ward (PHI) ,0,0,0,0,0,0,0,0,0,0,0,0,0,0,1.4%
320,Da'Mari Scott (FA) ,0,0,0,0,0,0,0,0,0,0,0,3,0.0,0.0,0.0%
321,Chris Lacy (CHI) ,0,1,0,0,0,0,0,0,0,0,0,1,0.0,0.0,0.0%
322,Jeff Badet (ATL) ,0,0,0,0,0,0,0,0,0,0,0,0,0,0,0.0%
323,Dylan Cantrell (WAS) ,0,0,0,0,0,0,0,0,0,0,0,0,0,0,0.0%
324,Austin Proehl (LAC) ,0,0,0,0,0,0,0,0,0,0,0,0,0,0,0.0%
325,Daurice Fountain (KC) ,0,0,0,0,0,0,0,0,0,0,0,1,0.0,0.0,0.0%
326,Quadree Henderson (FA) ,0,0,0,0,0,0,0,0,0,0,0,5,0.0,0.0,0.0%
327,Jaleel Scott (NYJ) ,0,0,0,0,0,0,0,0,0,0,0,0,0,0,0.0%
328,Braxton Berrios (NYJ) ,0,0,0,0,0,0,0,0,0,0,0,0,0,0,0.2%
329,Jester Weah (CHI) ,0,0,0,0,0,0,0,0,0,0,0,0,0,0,0.0%
330,Deon Cain (BAL) ,0,0,0,0,0,0,0,0,0,0,0,0,0,0,0.1%
331,Cedrick Wilson (DAL) ,0,0,0,0,0,0,0,0,0,0,0,0,0,0,0.2%
332,Jakobi Meyers (NE) ,0,0,0,0,0,0,0,0,0,0,0,0,0,0,7.0%
333,Bryan Edwards (LV) ,0,0,0,0,0,0,0,0,0,0,0,0,0,0,4.3%
334,Tyler Johnson (TB) ,0,0,0,0,0,0,0,0,0,0,0,0,0,0,1.5%
335,Chase Claypool (PIT) ,0,0,0,0,0,0,0,0,0,0,0,0,0,0,91.9%
336,Stanley Morgan Jr. (CIN) ,0,0,0,0,0,0,0,0,0,0,0,0,0,0,0.0%
337,KeeSean Johnson (ARI) ,0,0,0,0,0,0,0,0,0,0,0,0,0,0,0.1%
338,Diontae Johnson (PIT) ,0,0,0,0,0,0,0,0,0,0,0,0,0,0,94.9%
339,Preston Williams (MIA) ,0,0,0,0,0,0,0,0,0,0,0,0,0,0,3.3%
340,Antoine Wesley (ARI) ,0,0,0,0,0,0,0,0,0,0,0,0,0,0,0.0%
341,Lil'Jordan Humphrey (NO) ,0,0,0,0,0,0,0,0,0,0,0,0,0,0,0.1%
342,Ashton Dulin (IND) ,0,0,0,0,0,0,0,0,0,0,0,0,0,0,0.0%
343,Mecole Hardman (KC) ,0,0,0,0,0,0,0,0,0,0,0,0,0,0,48.9%
344,Greg Dortch (ATL) ,0,0,0,0,0,0,0,0,0,0,0,0,0,0,0.0%
345,David Sills V (NYG) ,0,0,0,0,0,0,0,0,0,0,0,0,0,0,0.0%
346,Gary Jennings Jr. (IND) ,0,0,0,0,0,0,0,0,0,0,0,0,0,0,0.0%
347,Keelan Doss (LV) ,0,0,0,0,0,0,0,0,0,0,0,0,0,0,0.0%
348,Cody Thompson (SEA) ,0,0,0,0,0,0,0,0,0,0,0,0,0,0,0.0%
349,Jon'Vea Johnson (JAC) ,0,0,0,0,0,0,0,0,0,0,0,0,0,0,0.0%
350,Miles Boykin (BAL) ,0,0,0,0,0,0,0,0,0,0,0,0,0,0,1.3%
351,Trinity Benson (DEN) ,0,0,0,0,0,0,0,0,0,0,0,0,0,0,0.0%
352,Tyron Johnson (LAC) ,0,0,0,0,0,0,0,0,0,0,0,0,0,0,1.2%
353,Jeff Smith (NYJ) ,0,0,0,0,0,0,0,0,0,0,0,0,0,0,0.0%
354,Penny Hart (SEA) ,0,0,0,0,0,0,0,0,0,0,0,0,0,0,0.1%
355,Michael Walker (PHI) ,0,0,0,0,0,0,0,0,0,0,0,0,0,0,0.0%
356,Stephen Carlson (CLE) ,0,0,0,0,0,0,0,0,0,0,0,0,0,0,0.0%
357,Trenton Irwin (CIN) ,0,0,0,0,0,0,0,0,0,0,0,0,0,0,0.0%
358,John Ursua (SEA) ,0,0,0,0,0,0,0,0,0,0,0,0,0,0,0.0%
359,Scotty Miller (TB) ,0,0,0,0,0,0,0,0,0,0,0,0,0,0,2.2%
360,Olabisi Johnson (MIN) ,0,0,0,0,0,0,0,0,0,0,0,0,0,0,0.1%
361,Darius Slayton (NYG) ,0,0,0,0,0,0,0,0,0,0,0,0,0,0,13.6%
362,Quinton Bell (TB) ,0,0,0,0,0,0,0,0,0,0,0,0,0,0,0.0%
363,Juwann Winfree (GB) ,0,0,0,0,0,0,0,0,0,0,0,0,0,0,0.0%
364,Ishmael Hyman (CAR) ,0,0,0,0,0,0,0,0,0,0,0,0,0,0,0.0%
365,DeAndre Thompkins (GB) ,0,0,0,0,0,0,0,0,0,0,0,0,0,0,0.0%
366,Shaq Roland (CHI) ,0,0,0,0,0,0,0,0,0,0,0,0,0,0,0.0%
367,Anthony Johnson (PIT) ,0,0,0,0,0,0,0,0,0,0,0,0,0,0,0.0%
368,Deebo Samuel (SF) ,0,0,0,0,0,0,0,0,0,0,0,0,0,0,89.0%
369,J.J. Arcega-Whiteside (PHI) ,0,0,0,0,0,0,0,0,0,0,0,0,0,0,0.6%
370,Hakeem Butler (PHI) ,0,0,0,0,0,0,0,0,0,0,0,0,0,0,0.1%
371,Kelvin Harmon (WAS) ,0,0,0,0,0,0,0,0,0,0,0,0,0,0,0.1%
372,Marquise Brown (BAL) ,0,0,0,0,0,0,0,0,0,0,0,0,0,0,76.2%
373,N'Keal Harry (NE) ,0,0,0,0,0,0,0,0,0,0,0,0,0,0,3.3%
374,D.K. Metcalf (SEA) ,0,0,0,0,0,0,0,0,0,0,0,0,0,0,99.9%
375,A.J. Brown (TEN) ,0,0,0,0,0,0,0,0,0,0,0,0,0,0,99.8%
376,Collin Johnson (JAC) ,0,0,0,0,0,0,0,0,0,0,0,0,0,0,0.8%
377,Riley Ridley (CHI) ,0,0,0,0,0,0,0,0,0,0,0,0,0,0,0.1%
378,Terry McLaurin (WAS) ,0,0,0,0,0,0,0,0,0,0,0,0,0,0,99.0%
379,Johnnie Dixon (DAL) ,0,0,0,0,0,0,0,0,0,0,0,0,0,0,0.0%
380,Parris Campbell (IND) ,0,0,0,0,0,0,0,0,0,0,0,0,0,0,20.2%
381,Emanuel Hall (WAS) ,0,0,0,0,0,0,0,0,0,0,0,0,0,0,0.0%
382,Andy Isabella (ARI) ,0,0,0,0,0,0,0,0,0,0,0,0,0,0,1.2%
383,Terry Godwin (JAC) ,0,0,0,0,0,0,0,0,0,0,0,0,0,0,0.0%
384,Alexander Hollins (CLE) ,0,0,0,0,0,0,0,0,0,0,0,0,0,0,0.0%
385,Hunter Renfrow (LV) ,0,0,0,0,0,0,0,0,0,0,0,0,0,0,4.6%
386,A.J. Richardson (ARI) ,0,0,0,0,0,0,0,0,0,0,0,0,0,0,0.0%
387,Jalen Hurd (SF) ,0,0,0,0,0,0,0,0,0,0,0,0,0,0,0.8%
388,Shawn Poindexter (SF) ,0,0,0,0,0,0,0,0,0,0,0,0,0,0,0.0%
389,Chris Rowland (ATL) ,0,0,0,0,0,0,0,0,0,0,0,0,0,0,0.0%
390,Anthony Schwartz (CLE) ,0,0,0,0,0,0,0,0,0,0,0,0,0,0,1.5%
391,Dax Milne (WAS) ,0,0,0,0,0,0,0,0,0,0,0,0,0,0,0.1%
392,Austin Watkins Jr. (SF) ,0,0,0,0,0,0,0,0,0,0,0,0,0,0,0.0%
393,Jaelon Darden (TB) ,0,0,0,0,0,0,0,0,0,0,0,0,0,0,0.8%
394,D'Wayne Eskridge (SEA) ,0,0,0,0,0,0,0,0,0,0,0,0,0,0,3.1%
395,Marlon Williams (HOU) ,0,0,0,0,0,0,0,0,0,0,0,0,0,0,0.0%
396,Trevon Grimes (PHI) ,0,0,0,0,0,0,0,0,0,0,0,0,0,0,0.0%
397,Chris Blair (GB) ,0,0,0,0,0,0,0,0,0,0,0,0,0,0,0.0%
398,Cornell Powell (KC) ,0,0,0,0,0,0,0,0,0,0,0,0,0,0,1.5%
399,Cade Johnson (SEA) ,0,0,0,0,0,0,0,0,0,0,0,0,0,0,0.0%
400,Jonathan Adams Jr. (DET) ,0,0,0,0,0,0,0,0,0,0,0,0,0,0,0.0%
401,Damon Hazelton (HOU) ,0,0,0,0,0,0,0,0,0,0,0,0,0,0,0.0%
402,Frank Darby (ATL) ,0,0,0,0,0,0,0,0,0,0,0,0,0,0,0.2%
403,Warren Jackson (DEN) ,0,0,0,0,0,0,0,0,0,0,0,0,0,0,0.0%
404,Josh Palmer (LAC) ,0,0,0,0,0,0,0,0,0,0,0,0,0,0,2.6%
405,Ben Skowronek (LAR) ,0,0,0,0,0,0,0,0,0,0,0,0,0,0,0.0%
406,Antonio Nunn (ATL) ,0,0,0,0,0,0,0,0,0,0,0,0,0,0,0.0%
407,Jacob Harris (LAR) ,0,0,0,0,0,0,0,0,0,0,0,0,0,0,1.2%
408,Terrace Marshall Jr. (CAR) ,0,0,0,0,0,0,0,0,0,0,0,0,0,0,11.4%
409,Darece Roberson Jr. (ARI) ,0,0,0,0,0,0,0,0,0,0,0,0,0,0,0.0%
410,Mathew Sexton (PIT) ,0,0,0,0,0,0,0,0,0,0,0,0,0,0,0.0%
411,Micah Simon (CAR) ,0,0,0,0,0,0,0,0,0,0,0,0,0,0,0.0%
412,Simi Fehoko (DAL) ,0,0,0,0,0,0,0,0,0,0,0,0,0,0,0.3%
413,Kai Locksley (MIA) ,0,0,0,0,0,0,0,0,0,0,0,0,0,0,0.0%
414,Racey McMath (TEN) ,0,0,0,0,0,0,0,0,0,0,0,0,0,0,0.0%
415,Austin Trammell (ATL) ,0,0,0,0,0,0,0,0,0,0,0,0,0,0,0.0%
416,Jalen Camp (JAC) ,0,0,0,0,0,0,0,0,0,0,0,0,0,0,0.1%
417,T.J. Simmons (TB) ,0,0,0,0,0,0,0,0,0,0,0,0,0,0,0.0%
418,Travis Toivonen (SEA) ,0,0,0,0,0,0,0,0,0,0,0,0,0,0,0.0%
419,C.J. Saunders (CAR) ,0,0,0,0,0,0,0,0,0,0,0,0,0,0,0.0%
420,Khalil McClain (CHI) ,0,0,0,0,0,0,0,0,0,0,0,0,0,0,0.0%
421,Donte Sylencieux (BAL) ,0,0,0,0,0,0,0,0,0,0,0,0,0,0,0.0%
422,Branden Mack (DEN) ,0,0,0,0,0,0,0,0,0,0,0,0,0,0,0.0%
423,DeVontres Dukes (DEN) ,0,0,0,0,0,0,0,0,0,0,0,0,0,0,0.0%
424,Tim Jones (JAC) ,0,0,0,0,0,0,0,0,0,0,0,0,0,0,0.0%
425,Dillon Stoner (LV) ,0,0,0,0,0,0,0,0,0,0,0,0,0,0,0.0%
426,DJ Turner (LV) ,0,0,0,0,0,0,0,0,0,0,0,0,0,0,0.0%
427,Riley Lees (CIN) ,0,0,0,0,0,0,0,0,0,0,0,0,0,0,0.0%
428,Connor Wedington (SEA) ,0,0,0,0,0,0,0,0,0,0,0,0,0,0,0.0%
429,Tre Nixon (NE) ,0,0,0,0,0,0,0,0,0,0,0,0,0,0,0.1%
430,Jhamon Ausbon (PHI) ,0,0,0,0,0,0,0,0,0,0,0,0,0,0,0.0%
431,Mike Strachan (IND) ,0,0,0,0,0,0,0,0,0,0,0,0,0,0,0.0%
432,Landen Akers (LAR) ,0,0,0,0,0,0,0,0,0,0,0,0,0,0,0.0%
433,Blake Proehl (MIN) ,0,0,0,0,0,0,0,0,0,0,0,0,0,0,0.0%
434,Myron Mitchell (MIN) ,0,0,0,0,0,0,0,0,0,0,0,0,0,0,0.0%
435,Jeremiah Haydel (LAR) ,0,0,0,0,0,0,0,0,0,0,0,0,0,0,0.0%
436,Brandon Smith (DAL) ,0,0,0,0,0,0,0,0,0,0,0,0,0,0,0.0%
437,Rico Bussey (PIT) ,0,0,0,0,0,0,0,0,0,0,0,0,0,0,0.0%
438,Bailey Gaither (GB) ,0,0,0,0,0,0,0,0,0,0,0,0,0,0,0.0%
439,Isaiah McKoy (PIT) ,0,0,0,0,0,0,0,0,0,0,0,0,0,0,0.0%
440,Javon McKinley (DET) ,0,0,0,0,0,0,0,0,0,0,0,0,0,0,0.0%
441,Osirus Mitchell (DAL) ,0,0,0,0,0,0,0,0,0,0,0,0,0,0,0.0%
442,Kawaan Baker (NO) ,0,0,0,0,0,0,0,0,0,0,0,0,0,0,0.1%
443,Jeff Cotton (LAC) ,0,0,0,0,0,0,0,0,0,0,0,0,0,0,0.0%
444,Elijah Moore (NYJ) ,0,0,0,0,0,0,0,0,0,0,0,0,0,0,20.5%
445,Dyami Brown (WAS) ,0,0,0,0,0,0,0,0,0,0,0,0,0,0,2.9%
446,Dez Fitzpatrick (TEN) ,0,0,0,0,0,0,0,0,0,0,0,0,0,0,1.5%
447,Whop Philyor (MIN) ,0,0,0,0,0,0,0,0,0,0,0,0,0,0,0.0%
448,Demetric Felton (CLE) ,0,0,0,0,0,0,0,0,0,0,0,0,0,0,0.7%
449,Dan Chisena (MIN) ,0,0,0,0,0,0,0,0,0,0,0,0,0,0,0.0%
450,Andre Baccellia (ARI) ,0,0,0,0,0,0,0,0,0,0,0,0,0,0,0.0%
451,Maurice Ffrench (KC) ,0,0,0,0,0,0,0,0,0,0,0,0,0,0,0.0%
452,Dalton Schoen (KC) ,0,0,0,0,0,0,0,0,0,0,0,0,0,0,0.0%
453,T.J. Vasher (DAL) ,0,0,0,0,0,0,0,0,0,0,0,0,0,0,0.0%
454,J.J. Koski (LAR) ,0,0,0,0,0,0,0,0,0,0,0,0,0,0,0.0%
455,Siaosi Mariner (LV) ,0,0,0,0,0,0,0,0,0,0,0,0,0,0,0.0%
456,Josh Hammond (JAC) ,0,0,0,0,0,0,0,0,0,0,0,0,0,0,0.0%
457,Matt Cole (NYJ) ,0,0,0,0,0,0,0,0,0,0,0,0,0,0,0.0%
458,JoJo Ward (ARI) ,0,0,0,0,0,0,0,0,0,0,0,0,0,0,0.0%
459,Ihmir Smith-Marsette (MIN) ,0,0,0,0,0,0,0,0,0,0,0,0,0,0,0.7%
460,Seth Williams (DEN) ,0,0,0,0,0,0,0,0,0,0,0,0,0,0,0.7%
461,Brennan Eagles (DAL) ,0,0,0,0,0,0,0,0,0,0,0,0,0,0,0.0%
462,Marquez Stevenson (BUF) ,0,0,0,0,0,0,0,0,0,0,0,0,0,0,0.1%
463,Kadarius Toney (NYG) ,0,0,0,0,0,0,0,0,0,0,0,0,0,0,21.3%
464,Amari Rodgers (GB) ,0,0,0,0,0,0,0,0,0,0,0,0,0,0,4.4%
465,Nico Collins (HOU) ,0,0,0,0,0,0,0,0,0,0,0,0,0,0,3.9%
466,Eli Stove (LAC) ,0,0,0,0,0,0,0,0,0,0,0,0,0,0,0.0%
467,Josh Imatorbhebhe (JAC) ,0,0,0,0,0,0,0,0,0,0,0,0,0,0,0.0%
468,Shi Smith (CAR) ,0,0,0,0,0,0,0,0,0,0,0,0,0,0,0.6%
469,Tutu Atwell (LAR) ,0,0,0,0,0,0,0,0,0,0,0,0,0,0,2.7%
470,Cyril Grayson Jr. (TB) ,0,0,0,0,0,0,0,0,0,0,0,0,0,0,0.0%
471,Dazz Newsome (CHI) ,0,0,0,0,0,0,0,0,0,0,0,0,0,0,0.7%
472,Tamorrion Terry (SEA) ,0,0,0,0,0,0,0,0,0,0,0,0,0,0,0.0%
473,Sage Surratt (DET) ,0,0,0,0,0,0,0,0,0,0,0,0,0,0,0.1%
474,Patrick Edwards (DET) ,0,0,0,0,0,0,0,0,0,0,0,0,0,0,0.0%
475,Michael Calvin (TEN) ,0,0,0,0,0,0,0,0,0,0,0,0,0,0,0.0%
476,Eron Riley (NYJ) ,0,0,0,0,0,0,0,0,0,0,0,0,0,0,0.0%
477,Andy Fantuz (CHI) ,0,0,0,0,0,0,0,0,0,0,0,0,0,0,0.0%
478,Taj Smith (IND) ,0,0,0,0,0,0,0,0,0,0,0,0,0,0,0.0%
479,Scotty McKnight (NYJ) ,0,0,0,0,0,0,0,0,0,0,0,0,0,0,0.0%
480,Demario Ballard (DET) ,0,0,0,0,0,0,0,0,0,0,0,0,0,0,0.0%
481,Marqise Lee (SF) ,0,0,0,0,0,0,0,0,0,0,0,0,0,0,0.1%
482,Markus Wheaton (FA) ,0,0,0,0,0,0,0,0,0,0,0,1,0.0,0.0,0.0%
483,Lance Long (SF) ,0,0,0,0,0,0,0,0,0,0,0,0,0,0,0.0%
484,Kenny McKinley (DEN) ,0,0,0,0,0,0,0,0,0,0,0,0,0,0,0.0%
485,Juaquin Iglesias (MIN) ,0,0,0,0,0,0,0,0,0,0,0,0,0,0,0.0%
486,John Standeford (DET) ,0,0,0,0,0,0,0,0,0,0,0,0,0,0,0.0%
487,Brandon Tate (FA) ,0,0,0,0,0,0,0,0,0,0,0,1,0.0,0.0,0.0%
488,Brandon London (PIT) ,0,0,0,0,0,0,0,0,0,0,0,0,0,0,0.0%
489,Bobby Wade (WAS) ,0,0,0,0,0,0,0,0,0,0,0,0,0,0,0.0%
490,Austin Collie (NE) ,0,0,0,0,0,0,0,0,0,0,0,0,0,0,0.0%
491,Chris Henry (CIN) ,0,0,0,0,0,0,0,0,0,0,0,0,0,0,0.0%
492,Joe Webb III (NYG) ,2,3,13,6.5,7,0,0,0,0,0,0,16,0.0,0.0,0.0%
493,Dez Bryant (BAL) ,0,0,0,0,0,0,0,0,0,0,0,0,0,0,2.6%
494,Tyler Grisham (PIT) ,0,0,0,0,0,0,0,0,0,0,0,0,0,0,0.0%
495,Todd Watkins (NYG) ,0,0,0,0,0,0,0,0,0,0,0,0,0,0,0.0%
496,Jeremy Williams (LAC) ,0,0,0,0,0,0,0,0,0,0,0,0,0,0,0.0%
497,Onrea Jones (CHI) ,0,0,0,0,0,0,0,0,0,0,0,0,0,0,0.0%
498,Patrick Williams (SEA) ,0,0,0,0,0,0,0,0,0,0,0,0,0,0,0.0%
499,Dominique Edison (DAL) ,0,0,0,0,0,0,0,0,0,0,0,0,0,0,0.0%
500,Mike Wallace (FA) ,0,3,0,0,0,0,0,0,0,0,0,2,0.0,0.0,0.0%
501,Mike Furrey (WAS) ,0,0,0,0,0,0,0,0,0,0,0,0,0,0,0.0%
502,Maurice Purify (CIN) ,0,0,0,0,0,0,0,0,0,0,0,0,0,0,0.0%
503,Matthew Slater (NE) ,0,0,0,0,0,0,0,0,0,0,0,16,0.0,0.0,0.1%
504,Marko Mitchell (MIN) ,0,0,0,0,0,0,0,0,0,0,0,0,0,0,0.0%
505,Nate Hughes (JAC) ,0,0,0,0,0,0,0,0,0,0,0,0,0,0,0.0%
506,Sam Giguere (NYG) ,0,0,0,0,0,0,0,0,0,0,0,0,0,0,0.0%
507,Rod Harper (PHI) ,0,0,0,0,0,0,0,0,0,0,0,0,0,0,0.0%
508,Mike Thomas (CIN) ,0,0,0,0,0,0,0,0,0,0,0,1,0.0,0.0,0.1%
509,Trevor Davis (WAS) ,0,0,0,0,0,0,0,0,0,0,0,2,0.0,0.0,0.0%
510,Mose Frazier (FA) ,0,0,0,0,0,0,0,0,0,0,0,1,0.0,0.0,0.0%
511,Jaydon Mickens (TB) ,0,0,0,0,0,0,0,0,0,0,0,6,0.0,0.0,0.0%
512,Kalif Raymond (DET) ,0,0,0,0,0,0,0,0,0,0,0,0,0,0,0.1%
513,Johnny Holton (NYG) ,0,1,0,0,0,0,0,0,0,0,0,1,0.0,0.0,0.0%
514,Alonzo Russell (FA) ,0,0,0,0,0,0,0,0,0,0,0,1,0.0,0.0,0.0%
515,Keenan Reynolds (FA) ,0,0,0,0,0,0,0,0,0,0,0,2,0.0,0.0,0.0%
516,Pharoh Cooper (JAC) ,0,1,0,0,0,0,0,0,0,0,0,7,0.0,0.0,0.0%
517,Taquan Mizzell (NYG) ,8,10,78,9.8,26,1,1,9,16,0,0,9,0.0,0.0,0.0%
518,C.J. Board (NYG) ,0,0,0,0,0,0,0,0,0,0,0,0,0,0,0.0%
519,Andre Patton (MIA) ,0,0,0,0,0,0,0,0,0,0,0,0,0,0,0.0%
520,Tanner Gentry (BUF) ,0,0,0,0,0,0,0,0,0,0,0,0,0,0,0.0%
521,Deante Burton (DAL) ,0,0,0,0,0,0,0,0,0,0,0,3,0.0,0.0,0.0%
522,Reggie Davis (DAL) ,0,0,0,0,0,0,0,0,0,0,0,0,0,0,0.0%
523,Isaac Whitney (ARI) ,0,0,0,0,0,0,0,0,0,0,0,0,0,0,0.0%
524,Jamal Agnew (JAC) ,0,0,0,0,0,0,0,1,17,0,0,6,0.0,0.0,0.1%
525,Tanner McEvoy (FA) ,0,0,0,0,0,0,0,0,0,0,0,2,0.0,0.0,0.0%
526,Duke Williams (BUF) ,0,0,0,0,0,0,0,0,0,0,0,0,0,0,0.0%
527,Jake Lampman (NO) ,0,0,0,0,0,0,0,0,0,0,0,0,0,0,0.0%
528,Marken Michel (CAR) ,0,0,0,0,0,0,0,0,0,0,0,0,0,0,0.0%
529,Brendan Langley (FA) ,0,0,0,0,0,0,0,0,0,0,0,5,0.0,0.0,0.0%
530,Artavis Scott (HOU) ,0,0,0,0,0,0,0,0,0,0,0,0,0,0,0.0%
531,Bug Howard (JAC) ,0,0,0,0,0,0,0,0,0,0,0,0,0,0,0.0%
532,Cody Hollister (TEN) ,0,0,0,0,0,0,0,0,0,0,0,0,0,0,0.0%
533,Stacy Coley (FA) ,0,1,0,0,0,0,0,0,0,0,0,3,0.0,0.0,0.0%
534,Krishawn Hogan (ARI) ,0,0,0,0,0,0,0,0,0,0,0,0,0,0,0.0%
535,Robert Davis (LV) ,0,0,0,0,0,0,0,0,0,0,0,0,0,0,0.0%
536,Rodney Adams (CHI) ,0,0,0,0,0,0,0,0,0,0,0,0,0,0,0.0%
537,Mack Hollins (MIA) ,0,0,0,0,0,0,0,0,0,0,0,0,0,0,0.0%
538,Malachi Dupre (FA) ,0,0,0,0,0,0,0,0,0,0,0,1,0.0,0.0,0.0%
539,Amara Darboh (DEN) ,0,0,0,0,0,0,0,0,0,0,0,0,0,0,0.0%
540,Isaiah Ford (FA) ,0,1,0,0,0,0,0,0,0,0,0,1,0.0,0.0,0.0%
541,Chad Hansen (DET) ,0,0,0,0,0,0,0,0,0,0,0,0,0,0,0.1%
542,Freddie Martino (FA) ,0,1,0,0,0,0,0,0,0,0,0,4,0.0,0.0,0.1%
543,Geremy Davis (FA) ,0,1,0,0,0,0,0,0,0,0,0,14,0.0,0.0,0.0%
544,Bradley Marquez (FA) ,0,0,0,0,0,0,0,0,0,0,0,1,0.0,0.0,0.0%
545,DeAndrew White (BAL) ,0,0,0,0,0,0,0,0,0,0,0,0,0,0,0.0%
546,Diontae Spencer (DEN) ,0,0,0,0,0,0,0,0,0,0,0,0,0,0,0.1%
547,Duron Carter (FA) ,0,0,0,0,0,0,0,0,0,0,0,1,0.0,0.0,0.0%
548,Devin Smith (NE) ,0,0,0,0,0,0,0,0,0,0,0,0,0,0,0.0%
549,Michael Bandy (LAC) ,0,0,0,0,0,0,0,0,0,0,0,0,0,0,0.0%
550,J'Mon Moore (FA) ,2,3,15,7.5,10,0,0,0,0,0,1,12,-0.5,-0.0,0.0%
551,Rod Streater (FA) ,0,0,0,0,0,0,0,1,-11,0,0,3,-1.1,-0.4,0.1%
552,J.J. Jones (FA) ,1,1,3,3.0,3,0,0,1,0,0,1,4,-1.7,-0.4,0.0%
553,Kaelin Clay (FA) ,0,0,0,0,0,0,0,0,0,0,1,2,-2.0,-1.0,0.0%
554,JoJo Natson (CLE) ,0,0,0,0,0,0,0,0,0,0,1,13,-2.0,-0.2,0.0%
555,Riley McCarron (FA) ,0,1,0,0,0,0,0,0,0,0,1,1,-2.0,-2.0,0.0%
